#! /usr/bin/vvp
:ivl_version "11.0 (stable)";
:ivl_delay_selection "TYPICAL";
:vpi_time_precision + 0;
:vpi_module "/usr/lib/x86_64-linux-gnu/ivl/system.vpi";
:vpi_module "/usr/lib/x86_64-linux-gnu/ivl/vhdl_sys.vpi";
:vpi_module "/usr/lib/x86_64-linux-gnu/ivl/vhdl_textio.vpi";
:vpi_module "/usr/lib/x86_64-linux-gnu/ivl/v2005_math.vpi";
:vpi_module "/usr/lib/x86_64-linux-gnu/ivl/va_math.vpi";
:vpi_module "/usr/lib/x86_64-linux-gnu/ivl/v2009.vpi";
S_0x5dcb4f7de320 .scope package, "$unit" "$unit" 2 1;
 .timescale 0 0;
S_0x5dcb4f851b20 .scope module, "cla64_blocked" "cla64_blocked" 3 13;
 .timescale 0 0;
    .port_info 0 /INPUT 64 "a";
    .port_info 1 /INPUT 64 "b";
    .port_info 2 /INPUT 1 "cin";
    .port_info 3 /OUTPUT 64 "sum";
    .port_info 4 /OUTPUT 1 "cout";
o0x77e69c277918 .functor BUFZ 64, C4<zzzzzzzzzzzzzzzzzzzzzzzzzzzzzzzzzzzzzzzzzzzzzzzzzzzzzzzzzzzzzzzz>; HiZ drive
v0x5dcb4f905590_0 .net "a", 63 0, o0x77e69c277918;  0 drivers
o0x77e69c277948 .functor BUFZ 64, C4<zzzzzzzzzzzzzzzzzzzzzzzzzzzzzzzzzzzzzzzzzzzzzzzzzzzzzzzzzzzzzzzz>; HiZ drive
v0x5dcb4f905690_0 .net "b", 63 0, o0x77e69c277948;  0 drivers
v0x5dcb4f905770_0 .net "c", 15 1, L_0x5dcb4f9aa800;  1 drivers
o0x77e69c26e6a8 .functor BUFZ 1, C4<z>; HiZ drive
v0x5dcb4f905830_0 .net "cin", 0 0, o0x77e69c26e6a8;  0 drivers
v0x5dcb4f905900_0 .net "cout", 0 0, L_0x5dcb4f9adc70;  1 drivers
v0x5dcb4f9059a0_0 .net "sum", 63 0, L_0x5dcb4f9af1a0;  1 drivers
L_0x5dcb4f972780 .part o0x77e69c277918, 0, 4;
L_0x5dcb4f972820 .part o0x77e69c277948, 0, 4;
L_0x5dcb4f976830 .part o0x77e69c277918, 4, 4;
L_0x5dcb4f976920 .part o0x77e69c277948, 4, 4;
L_0x5dcb4f976a10 .part L_0x5dcb4f9aa800, 0, 1;
L_0x5dcb4f97aa70 .part o0x77e69c277918, 8, 4;
L_0x5dcb4f97ab10 .part o0x77e69c277948, 8, 4;
L_0x5dcb4f97abb0 .part L_0x5dcb4f9aa800, 1, 1;
L_0x5dcb4f97eca0 .part o0x77e69c277918, 12, 4;
L_0x5dcb4f97ed40 .part o0x77e69c277948, 12, 4;
L_0x5dcb4f97ede0 .part L_0x5dcb4f9aa800, 2, 1;
L_0x5dcb4f982d20 .part o0x77e69c277918, 16, 4;
L_0x5dcb4f982e30 .part o0x77e69c277948, 16, 4;
L_0x5dcb4f982ed0 .part L_0x5dcb4f9aa800, 3, 1;
L_0x5dcb4f986e10 .part o0x77e69c277918, 20, 4;
L_0x5dcb4f986eb0 .part o0x77e69c277948, 20, 4;
L_0x5dcb4f986fe0 .part L_0x5dcb4f9aa800, 4, 1;
L_0x5dcb4f98a810 .part o0x77e69c277918, 24, 4;
L_0x5dcb4f98af70 .part o0x77e69c277948, 24, 4;
L_0x5dcb4f98b010 .part L_0x5dcb4f9aa800, 5, 1;
L_0x5dcb4f98e720 .part o0x77e69c277918, 28, 4;
L_0x5dcb4f98ed20 .part o0x77e69c277948, 28, 4;
L_0x5dcb4f98b0b0 .part L_0x5dcb4f9aa800, 6, 1;
L_0x5dcb4f992630 .part o0x77e69c277918, 32, 4;
L_0x5dcb4f98eed0 .part o0x77e69c277948, 32, 4;
L_0x5dcb4f992d00 .part L_0x5dcb4f9aa800, 7, 1;
L_0x5dcb4f9964f0 .part o0x77e69c277918, 36, 4;
L_0x5dcb4f996af0 .part o0x77e69c277948, 36, 4;
L_0x5dcb4f996c80 .part L_0x5dcb4f9aa800, 8, 1;
L_0x5dcb4f99a3d0 .part o0x77e69c277918, 40, 4;
L_0x5dcb4f99aad0 .part o0x77e69c277948, 40, 4;
L_0x5dcb4f99ab70 .part L_0x5dcb4f9aa800, 9, 1;
L_0x5dcb4f99e260 .part o0x77e69c277918, 44, 4;
L_0x5dcb4f99e860 .part o0x77e69c277948, 44, 4;
L_0x5dcb4f99ea20 .part L_0x5dcb4f9aa800, 10, 1;
L_0x5dcb4f9a2020 .part o0x77e69c277918, 48, 4;
L_0x5dcb4f99e900 .part o0x77e69c277948, 48, 4;
L_0x5dcb4f9a2750 .part L_0x5dcb4f9aa800, 11, 1;
L_0x5dcb4f9a5f70 .part o0x77e69c277918, 52, 4;
L_0x5dcb4f9a6570 .part o0x77e69c277948, 52, 4;
L_0x5dcb4f9a6760 .part L_0x5dcb4f9aa800, 12, 1;
L_0x5dcb4f9a9df0 .part o0x77e69c277918, 56, 4;
L_0x5dcb4f9aa550 .part o0x77e69c277948, 56, 4;
L_0x5dcb4f9aa5f0 .part L_0x5dcb4f9aa800, 13, 1;
LS_0x5dcb4f9aa800_0_0 .concat8 [ 1 1 1 1], L_0x5dcb4f9719e0, L_0x5dcb4f975a60, L_0x5dcb4f979cf0, L_0x5dcb4f97ded0;
LS_0x5dcb4f9aa800_0_4 .concat8 [ 1 1 1 1], L_0x5dcb4f981f50, L_0x5dcb4f986040, L_0x5dcb4f98a100, L_0x5dcb4f98e080;
LS_0x5dcb4f9aa800_0_8 .concat8 [ 1 1 1 1], L_0x5dcb4f991f90, L_0x5dcb4f995e50, L_0x5dcb4f999d30, L_0x5dcb4f99dbc0;
LS_0x5dcb4f9aa800_0_12 .concat8 [ 1 1 1 0], L_0x5dcb4f9a1980, L_0x5dcb4f9a58d0, L_0x5dcb4f9a9750;
L_0x5dcb4f9aa800 .concat8 [ 4 4 4 3], LS_0x5dcb4f9aa800_0_0, LS_0x5dcb4f9aa800_0_4, LS_0x5dcb4f9aa800_0_8, LS_0x5dcb4f9aa800_0_12;
L_0x5dcb4f9ae330 .part o0x77e69c277918, 60, 4;
L_0x5dcb4f9aeab0 .part o0x77e69c277948, 60, 4;
L_0x5dcb4f9aed60 .part L_0x5dcb4f9aa800, 14, 1;
LS_0x5dcb4f9af1a0_0_0 .concat8 [ 4 4 4 4], L_0x5dcb4f971570, L_0x5dcb4f9755b0, L_0x5dcb4f979810, L_0x5dcb4f97d9f0;
LS_0x5dcb4f9af1a0_0_4 .concat8 [ 4 4 4 4], L_0x5dcb4f981a70, L_0x5dcb4f985b60, L_0x5dcb4f989c20, L_0x5dcb4f98dba0;
LS_0x5dcb4f9af1a0_0_8 .concat8 [ 4 4 4 4], L_0x5dcb4f991ab0, L_0x5dcb4f995970, L_0x5dcb4f999850, L_0x5dcb4f99d6e0;
LS_0x5dcb4f9af1a0_0_12 .concat8 [ 4 4 4 4], L_0x5dcb4f9a14a0, L_0x5dcb4f9a53f0, L_0x5dcb4f9a92a0, L_0x5dcb4f9ad7c0;
L_0x5dcb4f9af1a0 .concat8 [ 16 16 16 16], LS_0x5dcb4f9af1a0_0_0, LS_0x5dcb4f9af1a0_0_4, LS_0x5dcb4f9af1a0_0_8, LS_0x5dcb4f9af1a0_0_12;
S_0x5dcb4f855590 .scope module, "block0" "cla4" 3 24, 4 22 0, S_0x5dcb4f851b20;
 .timescale 0 0;
    .port_info 0 /INPUT 4 "a";
    .port_info 1 /INPUT 4 "b";
    .port_info 2 /INPUT 1 "cin";
    .port_info 3 /OUTPUT 4 "sum";
    .port_info 4 /OUTPUT 1 "cout";
L_0x5dcb4f96e960/d .functor XOR 1, L_0x5dcb4f96ea90, L_0x5dcb4f96eb80, C4<0>, C4<0>;
L_0x5dcb4f96e960 .delay 1 (2,2,2) L_0x5dcb4f96e960/d;
L_0x5dcb4f96ec70/d .functor XOR 1, L_0x5dcb4f96ed80, L_0x5dcb4f96eec0, C4<0>, C4<0>;
L_0x5dcb4f96ec70 .delay 1 (2,2,2) L_0x5dcb4f96ec70/d;
L_0x5dcb4f96f030/d .functor XOR 1, L_0x5dcb4f96f140, L_0x5dcb4f96f230, C4<0>, C4<0>;
L_0x5dcb4f96f030 .delay 1 (2,2,2) L_0x5dcb4f96f030/d;
L_0x5dcb4f96f360/d .functor XOR 1, L_0x5dcb4f96f4a0, L_0x5dcb4f96f590, C4<0>, C4<0>;
L_0x5dcb4f96f360 .delay 1 (2,2,2) L_0x5dcb4f96f360/d;
L_0x5dcb4f96f710/d .functor AND 1, L_0x5dcb4f96f7d0, L_0x5dcb4f96f8c0, C4<1>, C4<1>;
L_0x5dcb4f96f710 .delay 1 (2,2,2) L_0x5dcb4f96f710/d;
L_0x5dcb4f96fa10/d .functor AND 1, L_0x5dcb4f96fad0, L_0x5dcb4f96fbc0, C4<1>, C4<1>;
L_0x5dcb4f96fa10 .delay 1 (2,2,2) L_0x5dcb4f96fa10/d;
L_0x5dcb4f96fd20/d .functor AND 1, L_0x5dcb4f96fe30, L_0x5dcb4f96ff20, C4<1>, C4<1>;
L_0x5dcb4f96fd20 .delay 1 (2,2,2) L_0x5dcb4f96fd20/d;
L_0x5dcb4f96fcb0/d .functor AND 1, L_0x5dcb4f9701b0, L_0x5dcb4f9702a0, C4<1>, C4<1>;
L_0x5dcb4f96fcb0 .delay 1 (2,2,2) L_0x5dcb4f96fcb0/d;
L_0x5dcb4f970420/d .functor AND 1, L_0x5dcb4f96e960, o0x77e69c26e6a8, C4<1>, C4<1>;
L_0x5dcb4f970420 .delay 1 (2,2,2) L_0x5dcb4f970420/d;
L_0x5dcb4f9706e0/d .functor OR 1, L_0x5dcb4f96f710, L_0x5dcb4f970420, C4<0>, C4<0>;
L_0x5dcb4f9706e0 .delay 1 (2,2,2) L_0x5dcb4f9706e0/d;
L_0x5dcb4f9708f0/d .functor AND 1, L_0x5dcb4f96ec70, L_0x5dcb4f96f710, C4<1>, C4<1>;
L_0x5dcb4f9708f0 .delay 1 (2,2,2) L_0x5dcb4f9708f0/d;
L_0x5dcb4f970a00/d .functor AND 1, L_0x5dcb4f96ec70, L_0x5dcb4f96e960, o0x77e69c26e6a8, C4<1>;
L_0x5dcb4f970a00 .delay 1 (2,2,2) L_0x5dcb4f970a00/d;
L_0x5dcb4f970b80/d .functor OR 1, L_0x5dcb4f96fa10, L_0x5dcb4f9708f0, L_0x5dcb4f970a00, C4<0>;
L_0x5dcb4f970b80 .delay 1 (2,2,2) L_0x5dcb4f970b80/d;
L_0x5dcb4f970d80/d .functor AND 1, L_0x5dcb4f96f030, L_0x5dcb4f96fa10, C4<1>, C4<1>;
L_0x5dcb4f970d80 .delay 1 (2,2,2) L_0x5dcb4f970d80/d;
L_0x5dcb4f970b10/d .functor AND 1, L_0x5dcb4f96f030, L_0x5dcb4f96ec70, L_0x5dcb4f96f710, C4<1>;
L_0x5dcb4f970b10 .delay 1 (2,2,2) L_0x5dcb4f970b10/d;
L_0x5dcb4f970fb0/d .functor AND 1, L_0x5dcb4f96f030, L_0x5dcb4f96ec70, L_0x5dcb4f96e960, o0x77e69c26e6a8;
L_0x5dcb4f970fb0 .delay 1 (2,2,2) L_0x5dcb4f970fb0/d;
L_0x5dcb4f9712b0/d .functor OR 1, L_0x5dcb4f96fd20, L_0x5dcb4f970d80, L_0x5dcb4f970b10, L_0x5dcb4f970fb0;
L_0x5dcb4f9712b0 .delay 1 (2,2,2) L_0x5dcb4f9712b0/d;
L_0x5dcb4f971410/d .functor AND 1, L_0x5dcb4f96f360, L_0x5dcb4f96fd20, C4<1>, C4<1>;
L_0x5dcb4f971410 .delay 1 (2,2,2) L_0x5dcb4f971410/d;
L_0x5dcb4f971610/d .functor AND 1, L_0x5dcb4f96f360, L_0x5dcb4f96f030, L_0x5dcb4f96fa10, C4<1>;
L_0x5dcb4f971610 .delay 1 (2,2,2) L_0x5dcb4f971610/d;
L_0x5dcb4f9716d0/d .functor AND 1, L_0x5dcb4f96f360, L_0x5dcb4f96f030, L_0x5dcb4f96ec70, L_0x5dcb4f96f710;
L_0x5dcb4f9716d0 .delay 1 (2,2,2) L_0x5dcb4f9716d0/d;
L_0x5dcb4f9718d0/0/0 .functor AND 1, L_0x5dcb4f96f360, L_0x5dcb4f96f030, L_0x5dcb4f96ec70, L_0x5dcb4f96e960;
L_0x5dcb4f9718d0/0/4 .functor AND 1, o0x77e69c26e6a8, C4<1>, C4<1>, C4<1>;
L_0x5dcb4f9718d0/d .functor AND 1, L_0x5dcb4f9718d0/0/0, L_0x5dcb4f9718d0/0/4, C4<1>, C4<1>;
L_0x5dcb4f9718d0 .delay 1 (2,2,2) L_0x5dcb4f9718d0/d;
L_0x5dcb4f9719e0/0/0 .functor OR 1, L_0x5dcb4f96fcb0, L_0x5dcb4f971410, L_0x5dcb4f971610, L_0x5dcb4f9716d0;
L_0x5dcb4f9719e0/0/4 .functor OR 1, L_0x5dcb4f9718d0, C4<0>, C4<0>, C4<0>;
L_0x5dcb4f9719e0/d .functor OR 1, L_0x5dcb4f9719e0/0/0, L_0x5dcb4f9719e0/0/4, C4<0>, C4<0>;
L_0x5dcb4f9719e0 .delay 1 (2,2,2) L_0x5dcb4f9719e0/d;
L_0x5dcb4f971d40/d .functor XOR 1, L_0x5dcb4f96e960, o0x77e69c26e6a8, C4<0>, C4<0>;
L_0x5dcb4f971d40 .delay 1 (2,2,2) L_0x5dcb4f971d40/d;
L_0x5dcb4f971e50/d .functor XOR 1, L_0x5dcb4f96ec70, L_0x5dcb4f9706e0, C4<0>, C4<0>;
L_0x5dcb4f971e50 .delay 1 (2,2,2) L_0x5dcb4f971e50/d;
L_0x5dcb4f972190/d .functor XOR 1, L_0x5dcb4f96f030, L_0x5dcb4f970b80, C4<0>, C4<0>;
L_0x5dcb4f972190 .delay 1 (2,2,2) L_0x5dcb4f972190/d;
L_0x5dcb4f9724f0/d .functor XOR 1, L_0x5dcb4f96f360, L_0x5dcb4f9712b0, C4<0>, C4<0>;
L_0x5dcb4f9724f0 .delay 1 (2,2,2) L_0x5dcb4f9724f0/d;
v0x5dcb4f8e5b50_0 .net *"_ivl_12", 0 0, L_0x5dcb4f96f140;  1 drivers
v0x5dcb4f8e3570_0 .net *"_ivl_14", 0 0, L_0x5dcb4f96f230;  1 drivers
v0x5dcb4f89f3e0_0 .net *"_ivl_17", 0 0, L_0x5dcb4f96f4a0;  1 drivers
v0x5dcb4f86e420_0 .net *"_ivl_19", 0 0, L_0x5dcb4f96f590;  1 drivers
v0x5dcb4f8a1b40_0 .net *"_ivl_2", 0 0, L_0x5dcb4f96ea90;  1 drivers
v0x5dcb4f889180_0 .net *"_ivl_22", 0 0, L_0x5dcb4f96f7d0;  1 drivers
v0x5dcb4f87b420_0 .net *"_ivl_24", 0 0, L_0x5dcb4f96f8c0;  1 drivers
v0x5dcb4f7ed110_0 .net *"_ivl_27", 0 0, L_0x5dcb4f96fad0;  1 drivers
v0x5dcb4f7eb1a0_0 .net *"_ivl_29", 0 0, L_0x5dcb4f96fbc0;  1 drivers
v0x5dcb4f7e92d0_0 .net *"_ivl_32", 0 0, L_0x5dcb4f96fe30;  1 drivers
v0x5dcb4f7e9390_0 .net *"_ivl_34", 0 0, L_0x5dcb4f96ff20;  1 drivers
v0x5dcb4f7e7420_0 .net *"_ivl_37", 0 0, L_0x5dcb4f9701b0;  1 drivers
v0x5dcb4f7e5530_0 .net *"_ivl_39", 0 0, L_0x5dcb4f9702a0;  1 drivers
v0x5dcb4f7e5610_0 .net *"_ivl_4", 0 0, L_0x5dcb4f96eb80;  1 drivers
v0x5dcb4f7e3660_0 .net *"_ivl_55", 0 0, L_0x5dcb4f971d40;  1 drivers
v0x5dcb4f7e3740_0 .net *"_ivl_58", 0 0, L_0x5dcb4f971e50;  1 drivers
v0x5dcb4f7e1790_0 .net *"_ivl_61", 0 0, L_0x5dcb4f972190;  1 drivers
v0x5dcb4f7e1870_0 .net *"_ivl_64", 0 0, L_0x5dcb4f9724f0;  1 drivers
v0x5dcb4f7df9f0_0 .net *"_ivl_7", 0 0, L_0x5dcb4f96ed80;  1 drivers
v0x5dcb4f78ce70_0 .net *"_ivl_9", 0 0, L_0x5dcb4f96eec0;  1 drivers
v0x5dcb4f78cf50_0 .net "a", 3 0, L_0x5dcb4f972780;  1 drivers
v0x5dcb4f782d60_0 .net "b", 3 0, L_0x5dcb4f972820;  1 drivers
v0x5dcb4f782e40_0 .net "c1", 0 0, L_0x5dcb4f9706e0;  1 drivers
v0x5dcb4f778c50_0 .net "c1_t1", 0 0, L_0x5dcb4f970420;  1 drivers
v0x5dcb4f778d10_0 .net "c2", 0 0, L_0x5dcb4f970b80;  1 drivers
v0x5dcb4f76eb40_0 .net "c2_t1", 0 0, L_0x5dcb4f9708f0;  1 drivers
v0x5dcb4f76ec00_0 .net "c2_t2", 0 0, L_0x5dcb4f970a00;  1 drivers
v0x5dcb4f764a30_0 .net "c3", 0 0, L_0x5dcb4f9712b0;  1 drivers
v0x5dcb4f764af0_0 .net "c3_t1", 0 0, L_0x5dcb4f970d80;  1 drivers
v0x5dcb4f75a920_0 .net "c3_t2", 0 0, L_0x5dcb4f970b10;  1 drivers
v0x5dcb4f75a9e0_0 .net "c3_t3", 0 0, L_0x5dcb4f970fb0;  1 drivers
v0x5dcb4f750810_0 .net "c4_t1", 0 0, L_0x5dcb4f971410;  1 drivers
v0x5dcb4f7508d0_0 .net "c4_t2", 0 0, L_0x5dcb4f971610;  1 drivers
v0x5dcb4f857bc0_0 .net "c4_t3", 0 0, L_0x5dcb4f9716d0;  1 drivers
v0x5dcb4f857c80_0 .net "c4_t4", 0 0, L_0x5dcb4f9718d0;  1 drivers
v0x5dcb4f855cc0_0 .net "cin", 0 0, o0x77e69c26e6a8;  alias, 0 drivers
v0x5dcb4f855d80_0 .net "cout", 0 0, L_0x5dcb4f9719e0;  1 drivers
v0x5dcb4f853dc0_0 .net "g0", 0 0, L_0x5dcb4f96f710;  1 drivers
v0x5dcb4f853e80_0 .net "g1", 0 0, L_0x5dcb4f96fa10;  1 drivers
v0x5dcb4f851ec0_0 .net "g2", 0 0, L_0x5dcb4f96fd20;  1 drivers
v0x5dcb4f851f80_0 .net "g3", 0 0, L_0x5dcb4f96fcb0;  1 drivers
v0x5dcb4f84ffc0_0 .net "p0", 0 0, L_0x5dcb4f96e960;  1 drivers
v0x5dcb4f850080_0 .net "p1", 0 0, L_0x5dcb4f96ec70;  1 drivers
v0x5dcb4f84e0c0_0 .net "p2", 0 0, L_0x5dcb4f96f030;  1 drivers
v0x5dcb4f84e180_0 .net "p3", 0 0, L_0x5dcb4f96f360;  1 drivers
v0x5dcb4f84c1c0_0 .net "sum", 3 0, L_0x5dcb4f971570;  1 drivers
L_0x5dcb4f96ea90 .part L_0x5dcb4f972780, 0, 1;
L_0x5dcb4f96eb80 .part L_0x5dcb4f972820, 0, 1;
L_0x5dcb4f96ed80 .part L_0x5dcb4f972780, 1, 1;
L_0x5dcb4f96eec0 .part L_0x5dcb4f972820, 1, 1;
L_0x5dcb4f96f140 .part L_0x5dcb4f972780, 2, 1;
L_0x5dcb4f96f230 .part L_0x5dcb4f972820, 2, 1;
L_0x5dcb4f96f4a0 .part L_0x5dcb4f972780, 3, 1;
L_0x5dcb4f96f590 .part L_0x5dcb4f972820, 3, 1;
L_0x5dcb4f96f7d0 .part L_0x5dcb4f972780, 0, 1;
L_0x5dcb4f96f8c0 .part L_0x5dcb4f972820, 0, 1;
L_0x5dcb4f96fad0 .part L_0x5dcb4f972780, 1, 1;
L_0x5dcb4f96fbc0 .part L_0x5dcb4f972820, 1, 1;
L_0x5dcb4f96fe30 .part L_0x5dcb4f972780, 2, 1;
L_0x5dcb4f96ff20 .part L_0x5dcb4f972820, 2, 1;
L_0x5dcb4f9701b0 .part L_0x5dcb4f972780, 3, 1;
L_0x5dcb4f9702a0 .part L_0x5dcb4f972820, 3, 1;
L_0x5dcb4f971570 .concat8 [ 1 1 1 1], L_0x5dcb4f971d40, L_0x5dcb4f971e50, L_0x5dcb4f972190, L_0x5dcb4f9724f0;
S_0x5dcb4f855920 .scope module, "block1" "cla4" 3 25, 4 22 0, S_0x5dcb4f851b20;
 .timescale 0 0;
    .port_info 0 /INPUT 4 "a";
    .port_info 1 /INPUT 4 "b";
    .port_info 2 /INPUT 1 "cin";
    .port_info 3 /OUTPUT 4 "sum";
    .port_info 4 /OUTPUT 1 "cout";
L_0x5dcb4f9728c0/d .functor XOR 1, L_0x5dcb4f9729d0, L_0x5dcb4f972ac0, C4<0>, C4<0>;
L_0x5dcb4f9728c0 .delay 1 (2,2,2) L_0x5dcb4f9728c0/d;
L_0x5dcb4f972bb0/d .functor XOR 1, L_0x5dcb4f972cc0, L_0x5dcb4f972e00, C4<0>, C4<0>;
L_0x5dcb4f972bb0 .delay 1 (2,2,2) L_0x5dcb4f972bb0/d;
L_0x5dcb4f972f70/d .functor XOR 1, L_0x5dcb4f973080, L_0x5dcb4f973170, C4<0>, C4<0>;
L_0x5dcb4f972f70 .delay 1 (2,2,2) L_0x5dcb4f972f70/d;
L_0x5dcb4f973260/d .functor XOR 1, L_0x5dcb4f9733a0, L_0x5dcb4f973490, C4<0>, C4<0>;
L_0x5dcb4f973260 .delay 1 (2,2,2) L_0x5dcb4f973260/d;
L_0x5dcb4f973580/d .functor AND 1, L_0x5dcb4f973640, L_0x5dcb4f973730, C4<1>, C4<1>;
L_0x5dcb4f973580 .delay 1 (2,2,2) L_0x5dcb4f973580/d;
L_0x5dcb4f973880/d .functor AND 1, L_0x5dcb4f973980, L_0x5dcb4f973a70, C4<1>, C4<1>;
L_0x5dcb4f973880 .delay 1 (2,2,2) L_0x5dcb4f973880/d;
L_0x5dcb4f973bd0/d .functor AND 1, L_0x5dcb4f973ce0, L_0x5dcb4f973dd0, C4<1>, C4<1>;
L_0x5dcb4f973bd0 .delay 1 (2,2,2) L_0x5dcb4f973bd0/d;
L_0x5dcb4f973b60/d .functor AND 1, L_0x5dcb4f974060, L_0x5dcb4f974150, C4<1>, C4<1>;
L_0x5dcb4f973b60 .delay 1 (2,2,2) L_0x5dcb4f973b60/d;
L_0x5dcb4f9743e0/d .functor AND 1, L_0x5dcb4f9728c0, L_0x5dcb4f976a10, C4<1>, C4<1>;
L_0x5dcb4f9743e0 .delay 1 (2,2,2) L_0x5dcb4f9743e0/d;
L_0x5dcb4f974650/d .functor OR 1, L_0x5dcb4f973580, L_0x5dcb4f9743e0, C4<0>, C4<0>;
L_0x5dcb4f974650 .delay 1 (2,2,2) L_0x5dcb4f974650/d;
L_0x5dcb4f974860/d .functor AND 1, L_0x5dcb4f972bb0, L_0x5dcb4f973580, C4<1>, C4<1>;
L_0x5dcb4f974860 .delay 1 (2,2,2) L_0x5dcb4f974860/d;
L_0x5dcb4f974970/d .functor AND 1, L_0x5dcb4f972bb0, L_0x5dcb4f9728c0, L_0x5dcb4f976a10, C4<1>;
L_0x5dcb4f974970 .delay 1 (2,2,2) L_0x5dcb4f974970/d;
L_0x5dcb4f974b40/d .functor OR 1, L_0x5dcb4f973880, L_0x5dcb4f974860, L_0x5dcb4f974970, C4<0>;
L_0x5dcb4f974b40 .delay 1 (2,2,2) L_0x5dcb4f974b40/d;
L_0x5dcb4f974d70/d .functor AND 1, L_0x5dcb4f972f70, L_0x5dcb4f973880, C4<1>, C4<1>;
L_0x5dcb4f974d70 .delay 1 (2,2,2) L_0x5dcb4f974d70/d;
L_0x5dcb4f974ad0/d .functor AND 1, L_0x5dcb4f972f70, L_0x5dcb4f972bb0, L_0x5dcb4f973580, C4<1>;
L_0x5dcb4f974ad0 .delay 1 (2,2,2) L_0x5dcb4f974ad0/d;
L_0x5dcb4f974fa0/d .functor AND 1, L_0x5dcb4f972f70, L_0x5dcb4f972bb0, L_0x5dcb4f9728c0, L_0x5dcb4f976a10;
L_0x5dcb4f974fa0 .delay 1 (2,2,2) L_0x5dcb4f974fa0/d;
L_0x5dcb4f975240/d .functor OR 1, L_0x5dcb4f973bd0, L_0x5dcb4f974d70, L_0x5dcb4f974ad0, L_0x5dcb4f974fa0;
L_0x5dcb4f975240 .delay 1 (2,2,2) L_0x5dcb4f975240/d;
L_0x5dcb4f975450/d .functor AND 1, L_0x5dcb4f973260, L_0x5dcb4f973bd0, C4<1>, C4<1>;
L_0x5dcb4f975450 .delay 1 (2,2,2) L_0x5dcb4f975450/d;
L_0x5dcb4f975650/d .functor AND 1, L_0x5dcb4f973260, L_0x5dcb4f972f70, L_0x5dcb4f973880, C4<1>;
L_0x5dcb4f975650 .delay 1 (2,2,2) L_0x5dcb4f975650/d;
L_0x5dcb4f975710/d .functor AND 1, L_0x5dcb4f973260, L_0x5dcb4f972f70, L_0x5dcb4f972bb0, L_0x5dcb4f973580;
L_0x5dcb4f975710 .delay 1 (2,2,2) L_0x5dcb4f975710/d;
L_0x5dcb4f975910/0/0 .functor AND 1, L_0x5dcb4f973260, L_0x5dcb4f972f70, L_0x5dcb4f972bb0, L_0x5dcb4f9728c0;
L_0x5dcb4f975910/0/4 .functor AND 1, L_0x5dcb4f976a10, C4<1>, C4<1>, C4<1>;
L_0x5dcb4f975910/d .functor AND 1, L_0x5dcb4f975910/0/0, L_0x5dcb4f975910/0/4, C4<1>, C4<1>;
L_0x5dcb4f975910 .delay 1 (2,2,2) L_0x5dcb4f975910/d;
L_0x5dcb4f975a60/0/0 .functor OR 1, L_0x5dcb4f973b60, L_0x5dcb4f975450, L_0x5dcb4f975650, L_0x5dcb4f975710;
L_0x5dcb4f975a60/0/4 .functor OR 1, L_0x5dcb4f975910, C4<0>, C4<0>, C4<0>;
L_0x5dcb4f975a60/d .functor OR 1, L_0x5dcb4f975a60/0/0, L_0x5dcb4f975a60/0/4, C4<0>, C4<0>;
L_0x5dcb4f975a60 .delay 1 (2,2,2) L_0x5dcb4f975a60/d;
L_0x5dcb4f975df0/d .functor XOR 1, L_0x5dcb4f9728c0, L_0x5dcb4f976a10, C4<0>, C4<0>;
L_0x5dcb4f975df0 .delay 1 (2,2,2) L_0x5dcb4f975df0/d;
L_0x5dcb4f975f00/d .functor XOR 1, L_0x5dcb4f972bb0, L_0x5dcb4f974650, C4<0>, C4<0>;
L_0x5dcb4f975f00 .delay 1 (2,2,2) L_0x5dcb4f975f00/d;
L_0x5dcb4f976240/d .functor XOR 1, L_0x5dcb4f972f70, L_0x5dcb4f974b40, C4<0>, C4<0>;
L_0x5dcb4f976240 .delay 1 (2,2,2) L_0x5dcb4f976240/d;
L_0x5dcb4f9765a0/d .functor XOR 1, L_0x5dcb4f973260, L_0x5dcb4f975240, C4<0>, C4<0>;
L_0x5dcb4f9765a0 .delay 1 (2,2,2) L_0x5dcb4f9765a0/d;
v0x5dcb4f84a2c0_0 .net *"_ivl_12", 0 0, L_0x5dcb4f973080;  1 drivers
v0x5dcb4f84a380_0 .net *"_ivl_14", 0 0, L_0x5dcb4f973170;  1 drivers
v0x5dcb4f8483c0_0 .net *"_ivl_17", 0 0, L_0x5dcb4f9733a0;  1 drivers
v0x5dcb4f848490_0 .net *"_ivl_19", 0 0, L_0x5dcb4f973490;  1 drivers
v0x5dcb4f8464c0_0 .net *"_ivl_2", 0 0, L_0x5dcb4f9729d0;  1 drivers
v0x5dcb4f8445c0_0 .net *"_ivl_22", 0 0, L_0x5dcb4f973640;  1 drivers
v0x5dcb4f8446a0_0 .net *"_ivl_24", 0 0, L_0x5dcb4f973730;  1 drivers
v0x5dcb4f8426c0_0 .net *"_ivl_27", 0 0, L_0x5dcb4f973980;  1 drivers
v0x5dcb4f8427a0_0 .net *"_ivl_29", 0 0, L_0x5dcb4f973a70;  1 drivers
v0x5dcb4f8407c0_0 .net *"_ivl_32", 0 0, L_0x5dcb4f973ce0;  1 drivers
v0x5dcb4f8408a0_0 .net *"_ivl_34", 0 0, L_0x5dcb4f973dd0;  1 drivers
v0x5dcb4f83e8c0_0 .net *"_ivl_37", 0 0, L_0x5dcb4f974060;  1 drivers
v0x5dcb4f83e9a0_0 .net *"_ivl_39", 0 0, L_0x5dcb4f974150;  1 drivers
v0x5dcb4f83c9c0_0 .net *"_ivl_4", 0 0, L_0x5dcb4f972ac0;  1 drivers
v0x5dcb4f83caa0_0 .net *"_ivl_55", 0 0, L_0x5dcb4f975df0;  1 drivers
v0x5dcb4f83aac0_0 .net *"_ivl_58", 0 0, L_0x5dcb4f975f00;  1 drivers
v0x5dcb4f83aba0_0 .net *"_ivl_61", 0 0, L_0x5dcb4f976240;  1 drivers
v0x5dcb4f838bc0_0 .net *"_ivl_64", 0 0, L_0x5dcb4f9765a0;  1 drivers
v0x5dcb4f838ca0_0 .net *"_ivl_7", 0 0, L_0x5dcb4f972cc0;  1 drivers
v0x5dcb4f836cc0_0 .net *"_ivl_9", 0 0, L_0x5dcb4f972e00;  1 drivers
v0x5dcb4f836da0_0 .net "a", 3 0, L_0x5dcb4f976830;  1 drivers
v0x5dcb4f834dc0_0 .net "b", 3 0, L_0x5dcb4f976920;  1 drivers
v0x5dcb4f834ea0_0 .net "c1", 0 0, L_0x5dcb4f974650;  1 drivers
v0x5dcb4f832ec0_0 .net "c1_t1", 0 0, L_0x5dcb4f9743e0;  1 drivers
v0x5dcb4f832f60_0 .net "c2", 0 0, L_0x5dcb4f974b40;  1 drivers
v0x5dcb4f830fc0_0 .net "c2_t1", 0 0, L_0x5dcb4f974860;  1 drivers
v0x5dcb4f831080_0 .net "c2_t2", 0 0, L_0x5dcb4f974970;  1 drivers
v0x5dcb4f82f0c0_0 .net "c3", 0 0, L_0x5dcb4f975240;  1 drivers
v0x5dcb4f82f180_0 .net "c3_t1", 0 0, L_0x5dcb4f974d70;  1 drivers
v0x5dcb4f82d1c0_0 .net "c3_t2", 0 0, L_0x5dcb4f974ad0;  1 drivers
v0x5dcb4f82d280_0 .net "c3_t3", 0 0, L_0x5dcb4f974fa0;  1 drivers
v0x5dcb4f82b2c0_0 .net "c4_t1", 0 0, L_0x5dcb4f975450;  1 drivers
v0x5dcb4f82b380_0 .net "c4_t2", 0 0, L_0x5dcb4f975650;  1 drivers
v0x5dcb4f8293c0_0 .net "c4_t3", 0 0, L_0x5dcb4f975710;  1 drivers
v0x5dcb4f829480_0 .net "c4_t4", 0 0, L_0x5dcb4f975910;  1 drivers
v0x5dcb4f8274c0_0 .net "cin", 0 0, L_0x5dcb4f976a10;  1 drivers
v0x5dcb4f827580_0 .net "cout", 0 0, L_0x5dcb4f975a60;  1 drivers
v0x5dcb4f8255c0_0 .net "g0", 0 0, L_0x5dcb4f973580;  1 drivers
v0x5dcb4f825680_0 .net "g1", 0 0, L_0x5dcb4f973880;  1 drivers
v0x5dcb4f8236c0_0 .net "g2", 0 0, L_0x5dcb4f973bd0;  1 drivers
v0x5dcb4f823780_0 .net "g3", 0 0, L_0x5dcb4f973b60;  1 drivers
v0x5dcb4f8217c0_0 .net "p0", 0 0, L_0x5dcb4f9728c0;  1 drivers
v0x5dcb4f821880_0 .net "p1", 0 0, L_0x5dcb4f972bb0;  1 drivers
v0x5dcb4f81f8c0_0 .net "p2", 0 0, L_0x5dcb4f972f70;  1 drivers
v0x5dcb4f81f980_0 .net "p3", 0 0, L_0x5dcb4f973260;  1 drivers
v0x5dcb4f81d9c0_0 .net "sum", 3 0, L_0x5dcb4f9755b0;  1 drivers
L_0x5dcb4f9729d0 .part L_0x5dcb4f976830, 0, 1;
L_0x5dcb4f972ac0 .part L_0x5dcb4f976920, 0, 1;
L_0x5dcb4f972cc0 .part L_0x5dcb4f976830, 1, 1;
L_0x5dcb4f972e00 .part L_0x5dcb4f976920, 1, 1;
L_0x5dcb4f973080 .part L_0x5dcb4f976830, 2, 1;
L_0x5dcb4f973170 .part L_0x5dcb4f976920, 2, 1;
L_0x5dcb4f9733a0 .part L_0x5dcb4f976830, 3, 1;
L_0x5dcb4f973490 .part L_0x5dcb4f976920, 3, 1;
L_0x5dcb4f973640 .part L_0x5dcb4f976830, 0, 1;
L_0x5dcb4f973730 .part L_0x5dcb4f976920, 0, 1;
L_0x5dcb4f973980 .part L_0x5dcb4f976830, 1, 1;
L_0x5dcb4f973a70 .part L_0x5dcb4f976920, 1, 1;
L_0x5dcb4f973ce0 .part L_0x5dcb4f976830, 2, 1;
L_0x5dcb4f973dd0 .part L_0x5dcb4f976920, 2, 1;
L_0x5dcb4f974060 .part L_0x5dcb4f976830, 3, 1;
L_0x5dcb4f974150 .part L_0x5dcb4f976920, 3, 1;
L_0x5dcb4f9755b0 .concat8 [ 1 1 1 1], L_0x5dcb4f975df0, L_0x5dcb4f975f00, L_0x5dcb4f976240, L_0x5dcb4f9765a0;
S_0x5dcb4f857490 .scope module, "block10" "cla4" 3 34, 4 22 0, S_0x5dcb4f851b20;
 .timescale 0 0;
    .port_info 0 /INPUT 4 "a";
    .port_info 1 /INPUT 4 "b";
    .port_info 2 /INPUT 1 "cin";
    .port_info 3 /OUTPUT 4 "sum";
    .port_info 4 /OUTPUT 1 "cout";
L_0x5dcb4f996d20/d .functor XOR 1, L_0x5dcb4f996e30, L_0x5dcb4f996f20, C4<0>, C4<0>;
L_0x5dcb4f996d20 .delay 1 (2,2,2) L_0x5dcb4f996d20/d;
L_0x5dcb4f997010/d .functor XOR 1, L_0x5dcb4f997120, L_0x5dcb4f997260, C4<0>, C4<0>;
L_0x5dcb4f997010 .delay 1 (2,2,2) L_0x5dcb4f997010/d;
L_0x5dcb4f9973a0/d .functor XOR 1, L_0x5dcb4f9974b0, L_0x5dcb4f9975a0, C4<0>, C4<0>;
L_0x5dcb4f9973a0 .delay 1 (2,2,2) L_0x5dcb4f9973a0/d;
L_0x5dcb4f997690/d .functor XOR 1, L_0x5dcb4f9977d0, L_0x5dcb4f9978c0, C4<0>, C4<0>;
L_0x5dcb4f997690 .delay 1 (2,2,2) L_0x5dcb4f997690/d;
L_0x5dcb4f9979b0/d .functor AND 1, L_0x5dcb4f997a70, L_0x5dcb4f997b60, C4<1>, C4<1>;
L_0x5dcb4f9979b0 .delay 1 (2,2,2) L_0x5dcb4f9979b0/d;
L_0x5dcb4f997c50/d .functor AND 1, L_0x5dcb4f997d80, L_0x5dcb4f997e70, C4<1>, C4<1>;
L_0x5dcb4f997c50 .delay 1 (2,2,2) L_0x5dcb4f997c50/d;
L_0x5dcb4f997fd0/d .functor AND 1, L_0x5dcb4f9980e0, L_0x5dcb4f9981d0, C4<1>, C4<1>;
L_0x5dcb4f997fd0 .delay 1 (2,2,2) L_0x5dcb4f997fd0/d;
L_0x5dcb4f997f60/d .functor AND 1, L_0x5dcb4f9983e0, L_0x5dcb4f9984d0, C4<1>, C4<1>;
L_0x5dcb4f997f60 .delay 1 (2,2,2) L_0x5dcb4f997f60/d;
L_0x5dcb4f998760/d .functor AND 1, L_0x5dcb4f996d20, L_0x5dcb4f99ab70, C4<1>, C4<1>;
L_0x5dcb4f998760 .delay 1 (2,2,2) L_0x5dcb4f998760/d;
L_0x5dcb4f9989d0/d .functor OR 1, L_0x5dcb4f9979b0, L_0x5dcb4f998760, C4<0>, C4<0>;
L_0x5dcb4f9989d0 .delay 1 (2,2,2) L_0x5dcb4f9989d0/d;
L_0x5dcb4f998b80/d .functor AND 1, L_0x5dcb4f997010, L_0x5dcb4f9979b0, C4<1>, C4<1>;
L_0x5dcb4f998b80 .delay 1 (2,2,2) L_0x5dcb4f998b80/d;
L_0x5dcb4f998c90/d .functor AND 1, L_0x5dcb4f997010, L_0x5dcb4f996d20, L_0x5dcb4f99ab70, C4<1>;
L_0x5dcb4f998c90 .delay 1 (2,2,2) L_0x5dcb4f998c90/d;
L_0x5dcb4f998e60/d .functor OR 1, L_0x5dcb4f997c50, L_0x5dcb4f998b80, L_0x5dcb4f998c90, C4<0>;
L_0x5dcb4f998e60 .delay 1 (2,2,2) L_0x5dcb4f998e60/d;
L_0x5dcb4f999090/d .functor AND 1, L_0x5dcb4f9973a0, L_0x5dcb4f997c50, C4<1>, C4<1>;
L_0x5dcb4f999090 .delay 1 (2,2,2) L_0x5dcb4f999090/d;
L_0x5dcb4f998df0/d .functor AND 1, L_0x5dcb4f9973a0, L_0x5dcb4f997010, L_0x5dcb4f9979b0, C4<1>;
L_0x5dcb4f998df0 .delay 1 (2,2,2) L_0x5dcb4f998df0/d;
L_0x5dcb4f999240/d .functor AND 1, L_0x5dcb4f9973a0, L_0x5dcb4f997010, L_0x5dcb4f996d20, L_0x5dcb4f99ab70;
L_0x5dcb4f999240 .delay 1 (2,2,2) L_0x5dcb4f999240/d;
L_0x5dcb4f9994e0/d .functor OR 1, L_0x5dcb4f997fd0, L_0x5dcb4f999090, L_0x5dcb4f998df0, L_0x5dcb4f999240;
L_0x5dcb4f9994e0 .delay 1 (2,2,2) L_0x5dcb4f9994e0/d;
L_0x5dcb4f9996f0/d .functor AND 1, L_0x5dcb4f997690, L_0x5dcb4f997fd0, C4<1>, C4<1>;
L_0x5dcb4f9996f0 .delay 1 (2,2,2) L_0x5dcb4f9996f0/d;
L_0x5dcb4f9998f0/d .functor AND 1, L_0x5dcb4f997690, L_0x5dcb4f9973a0, L_0x5dcb4f997c50, C4<1>;
L_0x5dcb4f9998f0 .delay 1 (2,2,2) L_0x5dcb4f9998f0/d;
L_0x5dcb4f9999b0/d .functor AND 1, L_0x5dcb4f997690, L_0x5dcb4f9973a0, L_0x5dcb4f997010, L_0x5dcb4f9979b0;
L_0x5dcb4f9999b0 .delay 1 (2,2,2) L_0x5dcb4f9999b0/d;
L_0x5dcb4f999bb0/0/0 .functor AND 1, L_0x5dcb4f997690, L_0x5dcb4f9973a0, L_0x5dcb4f997010, L_0x5dcb4f996d20;
L_0x5dcb4f999bb0/0/4 .functor AND 1, L_0x5dcb4f99ab70, C4<1>, C4<1>, C4<1>;
L_0x5dcb4f999bb0/d .functor AND 1, L_0x5dcb4f999bb0/0/0, L_0x5dcb4f999bb0/0/4, C4<1>, C4<1>;
L_0x5dcb4f999bb0 .delay 1 (2,2,2) L_0x5dcb4f999bb0/d;
L_0x5dcb4f999d30/0/0 .functor OR 1, L_0x5dcb4f997f60, L_0x5dcb4f9996f0, L_0x5dcb4f9998f0, L_0x5dcb4f9999b0;
L_0x5dcb4f999d30/0/4 .functor OR 1, L_0x5dcb4f999bb0, C4<0>, C4<0>, C4<0>;
L_0x5dcb4f999d30/d .functor OR 1, L_0x5dcb4f999d30/0/0, L_0x5dcb4f999d30/0/4, C4<0>, C4<0>;
L_0x5dcb4f999d30 .delay 1 (2,2,2) L_0x5dcb4f999d30/d;
L_0x5dcb4f999b00/d .functor XOR 1, L_0x5dcb4f996d20, L_0x5dcb4f99ab70, C4<0>, C4<0>;
L_0x5dcb4f999b00 .delay 1 (2,2,2) L_0x5dcb4f999b00/d;
L_0x5dcb4f99a160/d .functor XOR 1, L_0x5dcb4f997010, L_0x5dcb4f9989d0, C4<0>, C4<0>;
L_0x5dcb4f99a160 .delay 1 (2,2,2) L_0x5dcb4f99a160/d;
L_0x5dcb4f99a000/d .functor XOR 1, L_0x5dcb4f9973a0, L_0x5dcb4f998e60, C4<0>, C4<0>;
L_0x5dcb4f99a000 .delay 1 (2,2,2) L_0x5dcb4f99a000/d;
L_0x5dcb4f99a740/d .functor XOR 1, L_0x5dcb4f997690, L_0x5dcb4f9994e0, C4<0>, C4<0>;
L_0x5dcb4f99a740 .delay 1 (2,2,2) L_0x5dcb4f99a740/d;
v0x5dcb4f81bac0_0 .net *"_ivl_12", 0 0, L_0x5dcb4f9974b0;  1 drivers
v0x5dcb4f81bba0_0 .net *"_ivl_14", 0 0, L_0x5dcb4f9975a0;  1 drivers
v0x5dcb4f8179d0_0 .net *"_ivl_17", 0 0, L_0x5dcb4f9977d0;  1 drivers
v0x5dcb4f817ac0_0 .net *"_ivl_19", 0 0, L_0x5dcb4f9978c0;  1 drivers
v0x5dcb4f815b00_0 .net *"_ivl_2", 0 0, L_0x5dcb4f996e30;  1 drivers
v0x5dcb4f815c10_0 .net *"_ivl_22", 0 0, L_0x5dcb4f997a70;  1 drivers
v0x5dcb4f813c30_0 .net *"_ivl_24", 0 0, L_0x5dcb4f997b60;  1 drivers
v0x5dcb4f813d10_0 .net *"_ivl_27", 0 0, L_0x5dcb4f997d80;  1 drivers
v0x5dcb4f811d60_0 .net *"_ivl_29", 0 0, L_0x5dcb4f997e70;  1 drivers
v0x5dcb4f811e40_0 .net *"_ivl_32", 0 0, L_0x5dcb4f9980e0;  1 drivers
v0x5dcb4f80fe90_0 .net *"_ivl_34", 0 0, L_0x5dcb4f9981d0;  1 drivers
v0x5dcb4f80ff70_0 .net *"_ivl_37", 0 0, L_0x5dcb4f9983e0;  1 drivers
v0x5dcb4f80dfc0_0 .net *"_ivl_39", 0 0, L_0x5dcb4f9984d0;  1 drivers
v0x5dcb4f80e0a0_0 .net *"_ivl_4", 0 0, L_0x5dcb4f996f20;  1 drivers
v0x5dcb4f80c0f0_0 .net *"_ivl_55", 0 0, L_0x5dcb4f999b00;  1 drivers
v0x5dcb4f80c1d0_0 .net *"_ivl_58", 0 0, L_0x5dcb4f99a160;  1 drivers
v0x5dcb4f80a220_0 .net *"_ivl_61", 0 0, L_0x5dcb4f99a000;  1 drivers
v0x5dcb4f80a300_0 .net *"_ivl_64", 0 0, L_0x5dcb4f99a740;  1 drivers
v0x5dcb4f808350_0 .net *"_ivl_7", 0 0, L_0x5dcb4f997120;  1 drivers
v0x5dcb4f808430_0 .net *"_ivl_9", 0 0, L_0x5dcb4f997260;  1 drivers
v0x5dcb4f806480_0 .net "a", 3 0, L_0x5dcb4f99a3d0;  1 drivers
v0x5dcb4f806560_0 .net "b", 3 0, L_0x5dcb4f99aad0;  1 drivers
v0x5dcb4f8045b0_0 .net "c1", 0 0, L_0x5dcb4f9989d0;  1 drivers
v0x5dcb4f804670_0 .net "c1_t1", 0 0, L_0x5dcb4f998760;  1 drivers
v0x5dcb4f8026e0_0 .net "c2", 0 0, L_0x5dcb4f998e60;  1 drivers
v0x5dcb4f8027a0_0 .net "c2_t1", 0 0, L_0x5dcb4f998b80;  1 drivers
v0x5dcb4f800810_0 .net "c2_t2", 0 0, L_0x5dcb4f998c90;  1 drivers
v0x5dcb4f8008d0_0 .net "c3", 0 0, L_0x5dcb4f9994e0;  1 drivers
v0x5dcb4f7fe940_0 .net "c3_t1", 0 0, L_0x5dcb4f999090;  1 drivers
v0x5dcb4f7fea00_0 .net "c3_t2", 0 0, L_0x5dcb4f998df0;  1 drivers
v0x5dcb4f7fca70_0 .net "c3_t3", 0 0, L_0x5dcb4f999240;  1 drivers
v0x5dcb4f7fcb30_0 .net "c4_t1", 0 0, L_0x5dcb4f9996f0;  1 drivers
v0x5dcb4f7a1530_0 .net "c4_t2", 0 0, L_0x5dcb4f9998f0;  1 drivers
v0x5dcb4f7f73c0_0 .net "c4_t3", 0 0, L_0x5dcb4f9999b0;  1 drivers
v0x5dcb4f7a15d0_0 .net "c4_t4", 0 0, L_0x5dcb4f999bb0;  1 drivers
v0x5dcb4f797420_0 .net "cin", 0 0, L_0x5dcb4f99ab70;  1 drivers
v0x5dcb4f7974e0_0 .net "cout", 0 0, L_0x5dcb4f999d30;  1 drivers
v0x5dcb4f78d310_0 .net "g0", 0 0, L_0x5dcb4f9979b0;  1 drivers
v0x5dcb4f78d3d0_0 .net "g1", 0 0, L_0x5dcb4f997c50;  1 drivers
v0x5dcb4f783200_0 .net "g2", 0 0, L_0x5dcb4f997fd0;  1 drivers
v0x5dcb4f7832c0_0 .net "g3", 0 0, L_0x5dcb4f997f60;  1 drivers
v0x5dcb4f7790f0_0 .net "p0", 0 0, L_0x5dcb4f996d20;  1 drivers
v0x5dcb4f7791b0_0 .net "p1", 0 0, L_0x5dcb4f997010;  1 drivers
v0x5dcb4f76efe0_0 .net "p2", 0 0, L_0x5dcb4f9973a0;  1 drivers
v0x5dcb4f76f0a0_0 .net "p3", 0 0, L_0x5dcb4f997690;  1 drivers
v0x5dcb4f764ed0_0 .net "sum", 3 0, L_0x5dcb4f999850;  1 drivers
L_0x5dcb4f996e30 .part L_0x5dcb4f99a3d0, 0, 1;
L_0x5dcb4f996f20 .part L_0x5dcb4f99aad0, 0, 1;
L_0x5dcb4f997120 .part L_0x5dcb4f99a3d0, 1, 1;
L_0x5dcb4f997260 .part L_0x5dcb4f99aad0, 1, 1;
L_0x5dcb4f9974b0 .part L_0x5dcb4f99a3d0, 2, 1;
L_0x5dcb4f9975a0 .part L_0x5dcb4f99aad0, 2, 1;
L_0x5dcb4f9977d0 .part L_0x5dcb4f99a3d0, 3, 1;
L_0x5dcb4f9978c0 .part L_0x5dcb4f99aad0, 3, 1;
L_0x5dcb4f997a70 .part L_0x5dcb4f99a3d0, 0, 1;
L_0x5dcb4f997b60 .part L_0x5dcb4f99aad0, 0, 1;
L_0x5dcb4f997d80 .part L_0x5dcb4f99a3d0, 1, 1;
L_0x5dcb4f997e70 .part L_0x5dcb4f99aad0, 1, 1;
L_0x5dcb4f9980e0 .part L_0x5dcb4f99a3d0, 2, 1;
L_0x5dcb4f9981d0 .part L_0x5dcb4f99aad0, 2, 1;
L_0x5dcb4f9983e0 .part L_0x5dcb4f99a3d0, 3, 1;
L_0x5dcb4f9984d0 .part L_0x5dcb4f99aad0, 3, 1;
L_0x5dcb4f999850 .concat8 [ 1 1 1 1], L_0x5dcb4f999b00, L_0x5dcb4f99a160, L_0x5dcb4f99a000, L_0x5dcb4f99a740;
S_0x5dcb4f857820 .scope module, "block11" "cla4" 3 35, 4 22 0, S_0x5dcb4f851b20;
 .timescale 0 0;
    .port_info 0 /INPUT 4 "a";
    .port_info 1 /INPUT 4 "b";
    .port_info 2 /INPUT 1 "cin";
    .port_info 3 /OUTPUT 4 "sum";
    .port_info 4 /OUTPUT 1 "cout";
L_0x5dcb4f99ad20/d .functor XOR 1, L_0x5dcb4f99ae30, L_0x5dcb4f99af20, C4<0>, C4<0>;
L_0x5dcb4f99ad20 .delay 1 (2,2,2) L_0x5dcb4f99ad20/d;
L_0x5dcb4f97d310/d .functor XOR 1, L_0x5dcb4f99afc0, L_0x5dcb4f99b100, C4<0>, C4<0>;
L_0x5dcb4f97d310 .delay 1 (2,2,2) L_0x5dcb4f97d310/d;
L_0x5dcb4f99b240/d .functor XOR 1, L_0x5dcb4f99b350, L_0x5dcb4f99b440, C4<0>, C4<0>;
L_0x5dcb4f99b240 .delay 1 (2,2,2) L_0x5dcb4f99b240/d;
L_0x5dcb4f99b530/d .functor XOR 1, L_0x5dcb4f99b670, L_0x5dcb4f99b760, C4<0>, C4<0>;
L_0x5dcb4f99b530 .delay 1 (2,2,2) L_0x5dcb4f99b530/d;
L_0x5dcb4f99b850/d .functor AND 1, L_0x5dcb4f99b910, L_0x5dcb4f99ba00, C4<1>, C4<1>;
L_0x5dcb4f99b850 .delay 1 (2,2,2) L_0x5dcb4f99b850/d;
L_0x5dcb4f99bb50/d .functor AND 1, L_0x5dcb4f99bc50, L_0x5dcb4f99bd40, C4<1>, C4<1>;
L_0x5dcb4f99bb50 .delay 1 (2,2,2) L_0x5dcb4f99bb50/d;
L_0x5dcb4f99bea0/d .functor AND 1, L_0x5dcb4f99bfb0, L_0x5dcb4f99c0a0, C4<1>, C4<1>;
L_0x5dcb4f99bea0 .delay 1 (2,2,2) L_0x5dcb4f99bea0/d;
L_0x5dcb4f99be30/d .functor AND 1, L_0x5dcb4f99c300, L_0x5dcb4f99c3f0, C4<1>, C4<1>;
L_0x5dcb4f99be30 .delay 1 (2,2,2) L_0x5dcb4f99be30/d;
L_0x5dcb4f99c680/d .functor AND 1, L_0x5dcb4f99ad20, L_0x5dcb4f99ea20, C4<1>, C4<1>;
L_0x5dcb4f99c680 .delay 1 (2,2,2) L_0x5dcb4f99c680/d;
L_0x5dcb4f99c8f0/d .functor OR 1, L_0x5dcb4f99b850, L_0x5dcb4f99c680, C4<0>, C4<0>;
L_0x5dcb4f99c8f0 .delay 1 (2,2,2) L_0x5dcb4f99c8f0/d;
L_0x5dcb4f99caa0/d .functor AND 1, L_0x5dcb4f97d310, L_0x5dcb4f99b850, C4<1>, C4<1>;
L_0x5dcb4f99caa0 .delay 1 (2,2,2) L_0x5dcb4f99caa0/d;
L_0x5dcb4f99cbb0/d .functor AND 1, L_0x5dcb4f97d310, L_0x5dcb4f99ad20, L_0x5dcb4f99ea20, C4<1>;
L_0x5dcb4f99cbb0 .delay 1 (2,2,2) L_0x5dcb4f99cbb0/d;
L_0x5dcb4f99cd80/d .functor OR 1, L_0x5dcb4f99bb50, L_0x5dcb4f99caa0, L_0x5dcb4f99cbb0, C4<0>;
L_0x5dcb4f99cd80 .delay 1 (2,2,2) L_0x5dcb4f99cd80/d;
L_0x5dcb4f99cf80/d .functor AND 1, L_0x5dcb4f99b240, L_0x5dcb4f99bb50, C4<1>, C4<1>;
L_0x5dcb4f99cf80 .delay 1 (2,2,2) L_0x5dcb4f99cf80/d;
L_0x5dcb4f99cd10/d .functor AND 1, L_0x5dcb4f99b240, L_0x5dcb4f97d310, L_0x5dcb4f99b850, C4<1>;
L_0x5dcb4f99cd10 .delay 1 (2,2,2) L_0x5dcb4f99cd10/d;
L_0x5dcb4f99d130/d .functor AND 1, L_0x5dcb4f99b240, L_0x5dcb4f97d310, L_0x5dcb4f99ad20, L_0x5dcb4f99ea20;
L_0x5dcb4f99d130 .delay 1 (2,2,2) L_0x5dcb4f99d130/d;
L_0x5dcb4f99d3a0/d .functor OR 1, L_0x5dcb4f99bea0, L_0x5dcb4f99cf80, L_0x5dcb4f99cd10, L_0x5dcb4f99d130;
L_0x5dcb4f99d3a0 .delay 1 (2,2,2) L_0x5dcb4f99d3a0/d;
L_0x5dcb4f99d580/d .functor AND 1, L_0x5dcb4f99b530, L_0x5dcb4f99bea0, C4<1>, C4<1>;
L_0x5dcb4f99d580 .delay 1 (2,2,2) L_0x5dcb4f99d580/d;
L_0x5dcb4f99d780/d .functor AND 1, L_0x5dcb4f99b530, L_0x5dcb4f99b240, L_0x5dcb4f99bb50, C4<1>;
L_0x5dcb4f99d780 .delay 1 (2,2,2) L_0x5dcb4f99d780/d;
L_0x5dcb4f99d840/d .functor AND 1, L_0x5dcb4f99b530, L_0x5dcb4f99b240, L_0x5dcb4f97d310, L_0x5dcb4f99b850;
L_0x5dcb4f99d840 .delay 1 (2,2,2) L_0x5dcb4f99d840/d;
L_0x5dcb4f99da40/0/0 .functor AND 1, L_0x5dcb4f99b530, L_0x5dcb4f99b240, L_0x5dcb4f97d310, L_0x5dcb4f99ad20;
L_0x5dcb4f99da40/0/4 .functor AND 1, L_0x5dcb4f99ea20, C4<1>, C4<1>, C4<1>;
L_0x5dcb4f99da40/d .functor AND 1, L_0x5dcb4f99da40/0/0, L_0x5dcb4f99da40/0/4, C4<1>, C4<1>;
L_0x5dcb4f99da40 .delay 1 (2,2,2) L_0x5dcb4f99da40/d;
L_0x5dcb4f99dbc0/0/0 .functor OR 1, L_0x5dcb4f99be30, L_0x5dcb4f99d580, L_0x5dcb4f99d780, L_0x5dcb4f99d840;
L_0x5dcb4f99dbc0/0/4 .functor OR 1, L_0x5dcb4f99da40, C4<0>, C4<0>, C4<0>;
L_0x5dcb4f99dbc0/d .functor OR 1, L_0x5dcb4f99dbc0/0/0, L_0x5dcb4f99dbc0/0/4, C4<0>, C4<0>;
L_0x5dcb4f99dbc0 .delay 1 (2,2,2) L_0x5dcb4f99dbc0/d;
L_0x5dcb4f99d990/d .functor XOR 1, L_0x5dcb4f99ad20, L_0x5dcb4f99ea20, C4<0>, C4<0>;
L_0x5dcb4f99d990 .delay 1 (2,2,2) L_0x5dcb4f99d990/d;
L_0x5dcb4f99dff0/d .functor XOR 1, L_0x5dcb4f97d310, L_0x5dcb4f99c8f0, C4<0>, C4<0>;
L_0x5dcb4f99dff0 .delay 1 (2,2,2) L_0x5dcb4f99dff0/d;
L_0x5dcb4f99de90/d .functor XOR 1, L_0x5dcb4f99b240, L_0x5dcb4f99cd80, C4<0>, C4<0>;
L_0x5dcb4f99de90 .delay 1 (2,2,2) L_0x5dcb4f99de90/d;
L_0x5dcb4f99e5d0/d .functor XOR 1, L_0x5dcb4f99b530, L_0x5dcb4f99d3a0, C4<0>, C4<0>;
L_0x5dcb4f99e5d0 .delay 1 (2,2,2) L_0x5dcb4f99e5d0/d;
v0x5dcb4f75adc0_0 .net *"_ivl_12", 0 0, L_0x5dcb4f99b350;  1 drivers
v0x5dcb4f75aec0_0 .net *"_ivl_14", 0 0, L_0x5dcb4f99b440;  1 drivers
v0x5dcb4f750cb0_0 .net *"_ivl_17", 0 0, L_0x5dcb4f99b670;  1 drivers
v0x5dcb4f750da0_0 .net *"_ivl_19", 0 0, L_0x5dcb4f99b760;  1 drivers
v0x5dcb4f7d3a80_0 .net *"_ivl_2", 0 0, L_0x5dcb4f99ae30;  1 drivers
v0x5dcb4f7d3b60_0 .net *"_ivl_22", 0 0, L_0x5dcb4f99b910;  1 drivers
v0x5dcb4f7c9970_0 .net *"_ivl_24", 0 0, L_0x5dcb4f99ba00;  1 drivers
v0x5dcb4f7c9a50_0 .net *"_ivl_27", 0 0, L_0x5dcb4f99bc50;  1 drivers
v0x5dcb4f7bf860_0 .net *"_ivl_29", 0 0, L_0x5dcb4f99bd40;  1 drivers
v0x5dcb4f7bf940_0 .net *"_ivl_32", 0 0, L_0x5dcb4f99bfb0;  1 drivers
v0x5dcb4f7b5750_0 .net *"_ivl_34", 0 0, L_0x5dcb4f99c0a0;  1 drivers
v0x5dcb4f7b5830_0 .net *"_ivl_37", 0 0, L_0x5dcb4f99c300;  1 drivers
v0x5dcb4f7d3ce0_0 .net *"_ivl_39", 0 0, L_0x5dcb4f99c3f0;  1 drivers
v0x5dcb4f7d3dc0_0 .net *"_ivl_4", 0 0, L_0x5dcb4f99af20;  1 drivers
v0x5dcb4f7f52c0_0 .net *"_ivl_55", 0 0, L_0x5dcb4f99d990;  1 drivers
v0x5dcb4f7f5380_0 .net *"_ivl_58", 0 0, L_0x5dcb4f99dff0;  1 drivers
v0x5dcb4f7f5460_0 .net *"_ivl_61", 0 0, L_0x5dcb4f99de90;  1 drivers
v0x5dcb4f7f33f0_0 .net *"_ivl_64", 0 0, L_0x5dcb4f99e5d0;  1 drivers
v0x5dcb4f7f34d0_0 .net *"_ivl_7", 0 0, L_0x5dcb4f99afc0;  1 drivers
v0x5dcb4f7f35b0_0 .net *"_ivl_9", 0 0, L_0x5dcb4f99b100;  1 drivers
v0x5dcb4f7f1520_0 .net "a", 3 0, L_0x5dcb4f99e260;  1 drivers
v0x5dcb4f7f1600_0 .net "b", 3 0, L_0x5dcb4f99e860;  1 drivers
v0x5dcb4f7f16e0_0 .net "c1", 0 0, L_0x5dcb4f99c8f0;  1 drivers
v0x5dcb4f7ef650_0 .net "c1_t1", 0 0, L_0x5dcb4f99c680;  1 drivers
v0x5dcb4f7ef710_0 .net "c2", 0 0, L_0x5dcb4f99cd80;  1 drivers
v0x5dcb4f7ef7d0_0 .net "c2_t1", 0 0, L_0x5dcb4f99caa0;  1 drivers
v0x5dcb4f7ed780_0 .net "c2_t2", 0 0, L_0x5dcb4f99cbb0;  1 drivers
v0x5dcb4f7ed840_0 .net "c3", 0 0, L_0x5dcb4f99d3a0;  1 drivers
v0x5dcb4f7ed900_0 .net "c3_t1", 0 0, L_0x5dcb4f99cf80;  1 drivers
v0x5dcb4f7eb8b0_0 .net "c3_t2", 0 0, L_0x5dcb4f99cd10;  1 drivers
v0x5dcb4f7eb970_0 .net "c3_t3", 0 0, L_0x5dcb4f99d130;  1 drivers
v0x5dcb4f7eba30_0 .net "c4_t1", 0 0, L_0x5dcb4f99d580;  1 drivers
v0x5dcb4f7e99e0_0 .net "c4_t2", 0 0, L_0x5dcb4f99d780;  1 drivers
v0x5dcb4f7e7b10_0 .net "c4_t3", 0 0, L_0x5dcb4f99d840;  1 drivers
v0x5dcb4f7e7bd0_0 .net "c4_t4", 0 0, L_0x5dcb4f99da40;  1 drivers
v0x5dcb4f7e7c90_0 .net "cin", 0 0, L_0x5dcb4f99ea20;  1 drivers
v0x5dcb4f7e5c40_0 .net "cout", 0 0, L_0x5dcb4f99dbc0;  1 drivers
v0x5dcb4f7e5d00_0 .net "g0", 0 0, L_0x5dcb4f99b850;  1 drivers
v0x5dcb4f7e5dc0_0 .net "g1", 0 0, L_0x5dcb4f99bb50;  1 drivers
v0x5dcb4f7e3d70_0 .net "g2", 0 0, L_0x5dcb4f99bea0;  1 drivers
v0x5dcb4f7e3e30_0 .net "g3", 0 0, L_0x5dcb4f99be30;  1 drivers
v0x5dcb4f7e3ef0_0 .net "p0", 0 0, L_0x5dcb4f99ad20;  1 drivers
v0x5dcb4f819c30_0 .net "p1", 0 0, L_0x5dcb4f97d310;  1 drivers
v0x5dcb4f819cf0_0 .net "p2", 0 0, L_0x5dcb4f99b240;  1 drivers
v0x5dcb4f819db0_0 .net "p3", 0 0, L_0x5dcb4f99b530;  1 drivers
v0x5dcb4f817d60_0 .net "sum", 3 0, L_0x5dcb4f99d6e0;  1 drivers
L_0x5dcb4f99ae30 .part L_0x5dcb4f99e260, 0, 1;
L_0x5dcb4f99af20 .part L_0x5dcb4f99e860, 0, 1;
L_0x5dcb4f99afc0 .part L_0x5dcb4f99e260, 1, 1;
L_0x5dcb4f99b100 .part L_0x5dcb4f99e860, 1, 1;
L_0x5dcb4f99b350 .part L_0x5dcb4f99e260, 2, 1;
L_0x5dcb4f99b440 .part L_0x5dcb4f99e860, 2, 1;
L_0x5dcb4f99b670 .part L_0x5dcb4f99e260, 3, 1;
L_0x5dcb4f99b760 .part L_0x5dcb4f99e860, 3, 1;
L_0x5dcb4f99b910 .part L_0x5dcb4f99e260, 0, 1;
L_0x5dcb4f99ba00 .part L_0x5dcb4f99e860, 0, 1;
L_0x5dcb4f99bc50 .part L_0x5dcb4f99e260, 1, 1;
L_0x5dcb4f99bd40 .part L_0x5dcb4f99e860, 1, 1;
L_0x5dcb4f99bfb0 .part L_0x5dcb4f99e260, 2, 1;
L_0x5dcb4f99c0a0 .part L_0x5dcb4f99e860, 2, 1;
L_0x5dcb4f99c300 .part L_0x5dcb4f99e260, 3, 1;
L_0x5dcb4f99c3f0 .part L_0x5dcb4f99e860, 3, 1;
L_0x5dcb4f99d6e0 .concat8 [ 1 1 1 1], L_0x5dcb4f99d990, L_0x5dcb4f99dff0, L_0x5dcb4f99de90, L_0x5dcb4f99e5d0;
S_0x5dcb4f815e90 .scope module, "block12" "cla4" 3 36, 4 22 0, S_0x5dcb4f851b20;
 .timescale 0 0;
    .port_info 0 /INPUT 4 "a";
    .port_info 1 /INPUT 4 "b";
    .port_info 2 /INPUT 1 "cin";
    .port_info 3 /OUTPUT 4 "sum";
    .port_info 4 /OUTPUT 1 "cout";
L_0x5dcb4f99eac0/d .functor XOR 1, L_0x5dcb4f99ebd0, L_0x5dcb4f99ecc0, C4<0>, C4<0>;
L_0x5dcb4f99eac0 .delay 1 (2,2,2) L_0x5dcb4f99eac0/d;
L_0x5dcb4f99edb0/d .functor XOR 1, L_0x5dcb4f99eec0, L_0x5dcb4f99f000, C4<0>, C4<0>;
L_0x5dcb4f99edb0 .delay 1 (2,2,2) L_0x5dcb4f99edb0/d;
L_0x5dcb4f99f140/d .functor XOR 1, L_0x5dcb4f99f250, L_0x5dcb4f99f340, C4<0>, C4<0>;
L_0x5dcb4f99f140 .delay 1 (2,2,2) L_0x5dcb4f99f140/d;
L_0x5dcb4f99f430/d .functor XOR 1, L_0x5dcb4f99f540, L_0x5dcb4f99f630, C4<0>, C4<0>;
L_0x5dcb4f99f430 .delay 1 (2,2,2) L_0x5dcb4f99f430/d;
L_0x5dcb4f99f720/d .functor AND 1, L_0x5dcb4f99f7e0, L_0x5dcb4f99f8d0, C4<1>, C4<1>;
L_0x5dcb4f99f720 .delay 1 (2,2,2) L_0x5dcb4f99f720/d;
L_0x5dcb4f99f9c0/d .functor AND 1, L_0x5dcb4f99fab0, L_0x5dcb4f99fba0, C4<1>, C4<1>;
L_0x5dcb4f99f9c0 .delay 1 (2,2,2) L_0x5dcb4f99f9c0/d;
L_0x5dcb4f99fd00/d .functor AND 1, L_0x5dcb4f99fe40, L_0x5dcb4f99ff30, C4<1>, C4<1>;
L_0x5dcb4f99fd00 .delay 1 (2,2,2) L_0x5dcb4f99fd00/d;
L_0x5dcb4f99fc90/d .functor AND 1, L_0x5dcb4f9a0140, L_0x5dcb4f9a0230, C4<1>, C4<1>;
L_0x5dcb4f99fc90 .delay 1 (2,2,2) L_0x5dcb4f99fc90/d;
L_0x5dcb4f9a03b0/d .functor AND 1, L_0x5dcb4f99eac0, L_0x5dcb4f9a2750, C4<1>, C4<1>;
L_0x5dcb4f9a03b0 .delay 1 (2,2,2) L_0x5dcb4f9a03b0/d;
L_0x5dcb4f9a0620/d .functor OR 1, L_0x5dcb4f99f720, L_0x5dcb4f9a03b0, C4<0>, C4<0>;
L_0x5dcb4f9a0620 .delay 1 (2,2,2) L_0x5dcb4f9a0620/d;
L_0x5dcb4f9a07d0/d .functor AND 1, L_0x5dcb4f99edb0, L_0x5dcb4f99f720, C4<1>, C4<1>;
L_0x5dcb4f9a07d0 .delay 1 (2,2,2) L_0x5dcb4f9a07d0/d;
L_0x5dcb4f9a08e0/d .functor AND 1, L_0x5dcb4f99edb0, L_0x5dcb4f99eac0, L_0x5dcb4f9a2750, C4<1>;
L_0x5dcb4f9a08e0 .delay 1 (2,2,2) L_0x5dcb4f9a08e0/d;
L_0x5dcb4f9a0ab0/d .functor OR 1, L_0x5dcb4f99f9c0, L_0x5dcb4f9a07d0, L_0x5dcb4f9a08e0, C4<0>;
L_0x5dcb4f9a0ab0 .delay 1 (2,2,2) L_0x5dcb4f9a0ab0/d;
L_0x5dcb4f9a0ce0/d .functor AND 1, L_0x5dcb4f99f140, L_0x5dcb4f99f9c0, C4<1>, C4<1>;
L_0x5dcb4f9a0ce0 .delay 1 (2,2,2) L_0x5dcb4f9a0ce0/d;
L_0x5dcb4f9a0a40/d .functor AND 1, L_0x5dcb4f99f140, L_0x5dcb4f99edb0, L_0x5dcb4f99f720, C4<1>;
L_0x5dcb4f9a0a40 .delay 1 (2,2,2) L_0x5dcb4f9a0a40/d;
L_0x5dcb4f9a0e90/d .functor AND 1, L_0x5dcb4f99f140, L_0x5dcb4f99edb0, L_0x5dcb4f99eac0, L_0x5dcb4f9a2750;
L_0x5dcb4f9a0e90 .delay 1 (2,2,2) L_0x5dcb4f9a0e90/d;
L_0x5dcb4f9a1130/d .functor OR 1, L_0x5dcb4f99fd00, L_0x5dcb4f9a0ce0, L_0x5dcb4f9a0a40, L_0x5dcb4f9a0e90;
L_0x5dcb4f9a1130 .delay 1 (2,2,2) L_0x5dcb4f9a1130/d;
L_0x5dcb4f9a1340/d .functor AND 1, L_0x5dcb4f99f430, L_0x5dcb4f99fd00, C4<1>, C4<1>;
L_0x5dcb4f9a1340 .delay 1 (2,2,2) L_0x5dcb4f9a1340/d;
L_0x5dcb4f9a1540/d .functor AND 1, L_0x5dcb4f99f430, L_0x5dcb4f99f140, L_0x5dcb4f99f9c0, C4<1>;
L_0x5dcb4f9a1540 .delay 1 (2,2,2) L_0x5dcb4f9a1540/d;
L_0x5dcb4f9a1600/d .functor AND 1, L_0x5dcb4f99f430, L_0x5dcb4f99f140, L_0x5dcb4f99edb0, L_0x5dcb4f99f720;
L_0x5dcb4f9a1600 .delay 1 (2,2,2) L_0x5dcb4f9a1600/d;
L_0x5dcb4f9a1800/0/0 .functor AND 1, L_0x5dcb4f99f430, L_0x5dcb4f99f140, L_0x5dcb4f99edb0, L_0x5dcb4f99eac0;
L_0x5dcb4f9a1800/0/4 .functor AND 1, L_0x5dcb4f9a2750, C4<1>, C4<1>, C4<1>;
L_0x5dcb4f9a1800/d .functor AND 1, L_0x5dcb4f9a1800/0/0, L_0x5dcb4f9a1800/0/4, C4<1>, C4<1>;
L_0x5dcb4f9a1800 .delay 1 (2,2,2) L_0x5dcb4f9a1800/d;
L_0x5dcb4f9a1980/0/0 .functor OR 1, L_0x5dcb4f99fc90, L_0x5dcb4f9a1340, L_0x5dcb4f9a1540, L_0x5dcb4f9a1600;
L_0x5dcb4f9a1980/0/4 .functor OR 1, L_0x5dcb4f9a1800, C4<0>, C4<0>, C4<0>;
L_0x5dcb4f9a1980/d .functor OR 1, L_0x5dcb4f9a1980/0/0, L_0x5dcb4f9a1980/0/4, C4<0>, C4<0>;
L_0x5dcb4f9a1980 .delay 1 (2,2,2) L_0x5dcb4f9a1980/d;
L_0x5dcb4f9a1750/d .functor XOR 1, L_0x5dcb4f99eac0, L_0x5dcb4f9a2750, C4<0>, C4<0>;
L_0x5dcb4f9a1750 .delay 1 (2,2,2) L_0x5dcb4f9a1750/d;
L_0x5dcb4f9a1db0/d .functor XOR 1, L_0x5dcb4f99edb0, L_0x5dcb4f9a0620, C4<0>, C4<0>;
L_0x5dcb4f9a1db0 .delay 1 (2,2,2) L_0x5dcb4f9a1db0/d;
L_0x5dcb4f9a1c50/d .functor XOR 1, L_0x5dcb4f99f140, L_0x5dcb4f9a0ab0, C4<0>, C4<0>;
L_0x5dcb4f9a1c50 .delay 1 (2,2,2) L_0x5dcb4f9a1c50/d;
L_0x5dcb4f9a2390/d .functor XOR 1, L_0x5dcb4f99f430, L_0x5dcb4f9a1130, C4<0>, C4<0>;
L_0x5dcb4f9a2390 .delay 1 (2,2,2) L_0x5dcb4f9a2390/d;
v0x5dcb4f816020_0 .net *"_ivl_12", 0 0, L_0x5dcb4f99f250;  1 drivers
v0x5dcb4f817ee0_0 .net *"_ivl_14", 0 0, L_0x5dcb4f99f340;  1 drivers
v0x5dcb4f813fc0_0 .net *"_ivl_17", 0 0, L_0x5dcb4f99f540;  1 drivers
v0x5dcb4f814080_0 .net *"_ivl_19", 0 0, L_0x5dcb4f99f630;  1 drivers
v0x5dcb4f814160_0 .net *"_ivl_2", 0 0, L_0x5dcb4f99ebd0;  1 drivers
v0x5dcb4f8120f0_0 .net *"_ivl_22", 0 0, L_0x5dcb4f99f7e0;  1 drivers
v0x5dcb4f8121d0_0 .net *"_ivl_24", 0 0, L_0x5dcb4f99f8d0;  1 drivers
v0x5dcb4f8122b0_0 .net *"_ivl_27", 0 0, L_0x5dcb4f99fab0;  1 drivers
v0x5dcb4f810220_0 .net *"_ivl_29", 0 0, L_0x5dcb4f99fba0;  1 drivers
v0x5dcb4f810300_0 .net *"_ivl_32", 0 0, L_0x5dcb4f99fe40;  1 drivers
v0x5dcb4f8103e0_0 .net *"_ivl_34", 0 0, L_0x5dcb4f99ff30;  1 drivers
v0x5dcb4f80e350_0 .net *"_ivl_37", 0 0, L_0x5dcb4f9a0140;  1 drivers
v0x5dcb4f80e430_0 .net *"_ivl_39", 0 0, L_0x5dcb4f9a0230;  1 drivers
v0x5dcb4f80e510_0 .net *"_ivl_4", 0 0, L_0x5dcb4f99ecc0;  1 drivers
v0x5dcb4f80c480_0 .net *"_ivl_55", 0 0, L_0x5dcb4f9a1750;  1 drivers
v0x5dcb4f80c560_0 .net *"_ivl_58", 0 0, L_0x5dcb4f9a1db0;  1 drivers
v0x5dcb4f80c640_0 .net *"_ivl_61", 0 0, L_0x5dcb4f9a1c50;  1 drivers
v0x5dcb4f7e1ea0_0 .net *"_ivl_64", 0 0, L_0x5dcb4f9a2390;  1 drivers
v0x5dcb4f7e1f80_0 .net *"_ivl_7", 0 0, L_0x5dcb4f99eec0;  1 drivers
v0x5dcb4f7e2060_0 .net *"_ivl_9", 0 0, L_0x5dcb4f99f000;  1 drivers
v0x5dcb4f80a5b0_0 .net "a", 3 0, L_0x5dcb4f9a2020;  1 drivers
v0x5dcb4f80a690_0 .net "b", 3 0, L_0x5dcb4f99e900;  1 drivers
v0x5dcb4f80a770_0 .net "c1", 0 0, L_0x5dcb4f9a0620;  1 drivers
v0x5dcb4f8086e0_0 .net "c1_t1", 0 0, L_0x5dcb4f9a03b0;  1 drivers
v0x5dcb4f8087a0_0 .net "c2", 0 0, L_0x5dcb4f9a0ab0;  1 drivers
v0x5dcb4f808860_0 .net "c2_t1", 0 0, L_0x5dcb4f9a07d0;  1 drivers
v0x5dcb4f806810_0 .net "c2_t2", 0 0, L_0x5dcb4f9a08e0;  1 drivers
v0x5dcb4f8068d0_0 .net "c3", 0 0, L_0x5dcb4f9a1130;  1 drivers
v0x5dcb4f806990_0 .net "c3_t1", 0 0, L_0x5dcb4f9a0ce0;  1 drivers
v0x5dcb4f804940_0 .net "c3_t2", 0 0, L_0x5dcb4f9a0a40;  1 drivers
v0x5dcb4f804a00_0 .net "c3_t3", 0 0, L_0x5dcb4f9a0e90;  1 drivers
v0x5dcb4f804ac0_0 .net "c4_t1", 0 0, L_0x5dcb4f9a1340;  1 drivers
v0x5dcb4f802a70_0 .net "c4_t2", 0 0, L_0x5dcb4f9a1540;  1 drivers
v0x5dcb4f800ba0_0 .net "c4_t3", 0 0, L_0x5dcb4f9a1600;  1 drivers
v0x5dcb4f800c60_0 .net "c4_t4", 0 0, L_0x5dcb4f9a1800;  1 drivers
v0x5dcb4f800d20_0 .net "cin", 0 0, L_0x5dcb4f9a2750;  1 drivers
v0x5dcb4f7fecd0_0 .net "cout", 0 0, L_0x5dcb4f9a1980;  1 drivers
v0x5dcb4f7fed90_0 .net "g0", 0 0, L_0x5dcb4f99f720;  1 drivers
v0x5dcb4f7fee50_0 .net "g1", 0 0, L_0x5dcb4f99f9c0;  1 drivers
v0x5dcb4f7fce00_0 .net "g2", 0 0, L_0x5dcb4f99fd00;  1 drivers
v0x5dcb4f7fcec0_0 .net "g3", 0 0, L_0x5dcb4f99fc90;  1 drivers
v0x5dcb4f7fcf80_0 .net "p0", 0 0, L_0x5dcb4f99eac0;  1 drivers
v0x5dcb4f7faf30_0 .net "p1", 0 0, L_0x5dcb4f99edb0;  1 drivers
v0x5dcb4f7faff0_0 .net "p2", 0 0, L_0x5dcb4f99f140;  1 drivers
v0x5dcb4f7fb0b0_0 .net "p3", 0 0, L_0x5dcb4f99f430;  1 drivers
v0x5dcb4f7f9060_0 .net "sum", 3 0, L_0x5dcb4f9a14a0;  1 drivers
L_0x5dcb4f99ebd0 .part L_0x5dcb4f9a2020, 0, 1;
L_0x5dcb4f99ecc0 .part L_0x5dcb4f99e900, 0, 1;
L_0x5dcb4f99eec0 .part L_0x5dcb4f9a2020, 1, 1;
L_0x5dcb4f99f000 .part L_0x5dcb4f99e900, 1, 1;
L_0x5dcb4f99f250 .part L_0x5dcb4f9a2020, 2, 1;
L_0x5dcb4f99f340 .part L_0x5dcb4f99e900, 2, 1;
L_0x5dcb4f99f540 .part L_0x5dcb4f9a2020, 3, 1;
L_0x5dcb4f99f630 .part L_0x5dcb4f99e900, 3, 1;
L_0x5dcb4f99f7e0 .part L_0x5dcb4f9a2020, 0, 1;
L_0x5dcb4f99f8d0 .part L_0x5dcb4f99e900, 0, 1;
L_0x5dcb4f99fab0 .part L_0x5dcb4f9a2020, 1, 1;
L_0x5dcb4f99fba0 .part L_0x5dcb4f99e900, 1, 1;
L_0x5dcb4f99fe40 .part L_0x5dcb4f9a2020, 2, 1;
L_0x5dcb4f99ff30 .part L_0x5dcb4f99e900, 2, 1;
L_0x5dcb4f9a0140 .part L_0x5dcb4f9a2020, 3, 1;
L_0x5dcb4f9a0230 .part L_0x5dcb4f99e900, 3, 1;
L_0x5dcb4f9a14a0 .concat8 [ 1 1 1 1], L_0x5dcb4f9a1750, L_0x5dcb4f9a1db0, L_0x5dcb4f9a1c50, L_0x5dcb4f9a2390;
S_0x5dcb4f7dffd0 .scope module, "block13" "cla4" 3 37, 4 22 0, S_0x5dcb4f851b20;
 .timescale 0 0;
    .port_info 0 /INPUT 4 "a";
    .port_info 1 /INPUT 4 "b";
    .port_info 2 /INPUT 1 "cin";
    .port_info 3 /OUTPUT 4 "sum";
    .port_info 4 /OUTPUT 1 "cout";
L_0x5dcb4f99e9a0/d .functor XOR 1, L_0x5dcb4f9a29d0, L_0x5dcb4f9a2ac0, C4<0>, C4<0>;
L_0x5dcb4f99e9a0 .delay 1 (2,2,2) L_0x5dcb4f99e9a0/d;
L_0x5dcb4f9a2bb0/d .functor XOR 1, L_0x5dcb4f9a2cc0, L_0x5dcb4f9a2e00, C4<0>, C4<0>;
L_0x5dcb4f9a2bb0 .delay 1 (2,2,2) L_0x5dcb4f9a2bb0/d;
L_0x5dcb4f9a2f40/d .functor XOR 1, L_0x5dcb4f9a3050, L_0x5dcb4f9a3140, C4<0>, C4<0>;
L_0x5dcb4f9a2f40 .delay 1 (2,2,2) L_0x5dcb4f9a2f40/d;
L_0x5dcb4f9a3230/d .functor XOR 1, L_0x5dcb4f9a3370, L_0x5dcb4f9a3460, C4<0>, C4<0>;
L_0x5dcb4f9a3230 .delay 1 (2,2,2) L_0x5dcb4f9a3230/d;
L_0x5dcb4f9a3550/d .functor AND 1, L_0x5dcb4f9a3610, L_0x5dcb4f9a3700, C4<1>, C4<1>;
L_0x5dcb4f9a3550 .delay 1 (2,2,2) L_0x5dcb4f9a3550/d;
L_0x5dcb4f9a37f0/d .functor AND 1, L_0x5dcb4f9a3920, L_0x5dcb4f9a3a10, C4<1>, C4<1>;
L_0x5dcb4f9a37f0 .delay 1 (2,2,2) L_0x5dcb4f9a37f0/d;
L_0x5dcb4f9a3b70/d .functor AND 1, L_0x5dcb4f9a3c80, L_0x5dcb4f9a3d70, C4<1>, C4<1>;
L_0x5dcb4f9a3b70 .delay 1 (2,2,2) L_0x5dcb4f9a3b70/d;
L_0x5dcb4f9a3b00/d .functor AND 1, L_0x5dcb4f9a3f80, L_0x5dcb4f9a4070, C4<1>, C4<1>;
L_0x5dcb4f9a3b00 .delay 1 (2,2,2) L_0x5dcb4f9a3b00/d;
L_0x5dcb4f9a4300/d .functor AND 1, L_0x5dcb4f99e9a0, L_0x5dcb4f9a6760, C4<1>, C4<1>;
L_0x5dcb4f9a4300 .delay 1 (2,2,2) L_0x5dcb4f9a4300/d;
L_0x5dcb4f9a4570/d .functor OR 1, L_0x5dcb4f9a3550, L_0x5dcb4f9a4300, C4<0>, C4<0>;
L_0x5dcb4f9a4570 .delay 1 (2,2,2) L_0x5dcb4f9a4570/d;
L_0x5dcb4f9a4720/d .functor AND 1, L_0x5dcb4f9a2bb0, L_0x5dcb4f9a3550, C4<1>, C4<1>;
L_0x5dcb4f9a4720 .delay 1 (2,2,2) L_0x5dcb4f9a4720/d;
L_0x5dcb4f9a4830/d .functor AND 1, L_0x5dcb4f9a2bb0, L_0x5dcb4f99e9a0, L_0x5dcb4f9a6760, C4<1>;
L_0x5dcb4f9a4830 .delay 1 (2,2,2) L_0x5dcb4f9a4830/d;
L_0x5dcb4f9a4a00/d .functor OR 1, L_0x5dcb4f9a37f0, L_0x5dcb4f9a4720, L_0x5dcb4f9a4830, C4<0>;
L_0x5dcb4f9a4a00 .delay 1 (2,2,2) L_0x5dcb4f9a4a00/d;
L_0x5dcb4f9a4c30/d .functor AND 1, L_0x5dcb4f9a2f40, L_0x5dcb4f9a37f0, C4<1>, C4<1>;
L_0x5dcb4f9a4c30 .delay 1 (2,2,2) L_0x5dcb4f9a4c30/d;
L_0x5dcb4f9a4990/d .functor AND 1, L_0x5dcb4f9a2f40, L_0x5dcb4f9a2bb0, L_0x5dcb4f9a3550, C4<1>;
L_0x5dcb4f9a4990 .delay 1 (2,2,2) L_0x5dcb4f9a4990/d;
L_0x5dcb4f9a4de0/d .functor AND 1, L_0x5dcb4f9a2f40, L_0x5dcb4f9a2bb0, L_0x5dcb4f99e9a0, L_0x5dcb4f9a6760;
L_0x5dcb4f9a4de0 .delay 1 (2,2,2) L_0x5dcb4f9a4de0/d;
L_0x5dcb4f9a5080/d .functor OR 1, L_0x5dcb4f9a3b70, L_0x5dcb4f9a4c30, L_0x5dcb4f9a4990, L_0x5dcb4f9a4de0;
L_0x5dcb4f9a5080 .delay 1 (2,2,2) L_0x5dcb4f9a5080/d;
L_0x5dcb4f9a5290/d .functor AND 1, L_0x5dcb4f9a3230, L_0x5dcb4f9a3b70, C4<1>, C4<1>;
L_0x5dcb4f9a5290 .delay 1 (2,2,2) L_0x5dcb4f9a5290/d;
L_0x5dcb4f9a5490/d .functor AND 1, L_0x5dcb4f9a3230, L_0x5dcb4f9a2f40, L_0x5dcb4f9a37f0, C4<1>;
L_0x5dcb4f9a5490 .delay 1 (2,2,2) L_0x5dcb4f9a5490/d;
L_0x5dcb4f9a5550/d .functor AND 1, L_0x5dcb4f9a3230, L_0x5dcb4f9a2f40, L_0x5dcb4f9a2bb0, L_0x5dcb4f9a3550;
L_0x5dcb4f9a5550 .delay 1 (2,2,2) L_0x5dcb4f9a5550/d;
L_0x5dcb4f9a5750/0/0 .functor AND 1, L_0x5dcb4f9a3230, L_0x5dcb4f9a2f40, L_0x5dcb4f9a2bb0, L_0x5dcb4f99e9a0;
L_0x5dcb4f9a5750/0/4 .functor AND 1, L_0x5dcb4f9a6760, C4<1>, C4<1>, C4<1>;
L_0x5dcb4f9a5750/d .functor AND 1, L_0x5dcb4f9a5750/0/0, L_0x5dcb4f9a5750/0/4, C4<1>, C4<1>;
L_0x5dcb4f9a5750 .delay 1 (2,2,2) L_0x5dcb4f9a5750/d;
L_0x5dcb4f9a58d0/0/0 .functor OR 1, L_0x5dcb4f9a3b00, L_0x5dcb4f9a5290, L_0x5dcb4f9a5490, L_0x5dcb4f9a5550;
L_0x5dcb4f9a58d0/0/4 .functor OR 1, L_0x5dcb4f9a5750, C4<0>, C4<0>, C4<0>;
L_0x5dcb4f9a58d0/d .functor OR 1, L_0x5dcb4f9a58d0/0/0, L_0x5dcb4f9a58d0/0/4, C4<0>, C4<0>;
L_0x5dcb4f9a58d0 .delay 1 (2,2,2) L_0x5dcb4f9a58d0/d;
L_0x5dcb4f9a56a0/d .functor XOR 1, L_0x5dcb4f99e9a0, L_0x5dcb4f9a6760, C4<0>, C4<0>;
L_0x5dcb4f9a56a0 .delay 1 (2,2,2) L_0x5dcb4f9a56a0/d;
L_0x5dcb4f9a5d00/d .functor XOR 1, L_0x5dcb4f9a2bb0, L_0x5dcb4f9a4570, C4<0>, C4<0>;
L_0x5dcb4f9a5d00 .delay 1 (2,2,2) L_0x5dcb4f9a5d00/d;
L_0x5dcb4f9a5ba0/d .functor XOR 1, L_0x5dcb4f9a2f40, L_0x5dcb4f9a4a00, C4<0>, C4<0>;
L_0x5dcb4f9a5ba0 .delay 1 (2,2,2) L_0x5dcb4f9a5ba0/d;
L_0x5dcb4f9a62e0/d .functor XOR 1, L_0x5dcb4f9a3230, L_0x5dcb4f9a5080, C4<0>, C4<0>;
L_0x5dcb4f9a62e0 .delay 1 (2,2,2) L_0x5dcb4f9a62e0/d;
v0x5dcb4f7e0160_0 .net *"_ivl_12", 0 0, L_0x5dcb4f9a3050;  1 drivers
v0x5dcb4f7f91e0_0 .net *"_ivl_14", 0 0, L_0x5dcb4f9a3140;  1 drivers
v0x5dcb4f665910_0 .net *"_ivl_17", 0 0, L_0x5dcb4f9a3370;  1 drivers
v0x5dcb4f6659d0_0 .net *"_ivl_19", 0 0, L_0x5dcb4f9a3460;  1 drivers
v0x5dcb4f665ab0_0 .net *"_ivl_2", 0 0, L_0x5dcb4f9a29d0;  1 drivers
v0x5dcb4f665b90_0 .net *"_ivl_22", 0 0, L_0x5dcb4f9a3610;  1 drivers
v0x5dcb4f665c70_0 .net *"_ivl_24", 0 0, L_0x5dcb4f9a3700;  1 drivers
v0x5dcb4f67d160_0 .net *"_ivl_27", 0 0, L_0x5dcb4f9a3920;  1 drivers
v0x5dcb4f67d240_0 .net *"_ivl_29", 0 0, L_0x5dcb4f9a3a10;  1 drivers
v0x5dcb4f67d320_0 .net *"_ivl_32", 0 0, L_0x5dcb4f9a3c80;  1 drivers
v0x5dcb4f67d400_0 .net *"_ivl_34", 0 0, L_0x5dcb4f9a3d70;  1 drivers
v0x5dcb4f67d4e0_0 .net *"_ivl_37", 0 0, L_0x5dcb4f9a3f80;  1 drivers
v0x5dcb4f673860_0 .net *"_ivl_39", 0 0, L_0x5dcb4f9a4070;  1 drivers
v0x5dcb4f673940_0 .net *"_ivl_4", 0 0, L_0x5dcb4f9a2ac0;  1 drivers
v0x5dcb4f673a20_0 .net *"_ivl_55", 0 0, L_0x5dcb4f9a56a0;  1 drivers
v0x5dcb4f673b00_0 .net *"_ivl_58", 0 0, L_0x5dcb4f9a5d00;  1 drivers
v0x5dcb4f673be0_0 .net *"_ivl_61", 0 0, L_0x5dcb4f9a5ba0;  1 drivers
v0x5dcb4f689e50_0 .net *"_ivl_64", 0 0, L_0x5dcb4f9a62e0;  1 drivers
v0x5dcb4f689f30_0 .net *"_ivl_7", 0 0, L_0x5dcb4f9a2cc0;  1 drivers
v0x5dcb4f68a010_0 .net *"_ivl_9", 0 0, L_0x5dcb4f9a2e00;  1 drivers
v0x5dcb4f68a0f0_0 .net "a", 3 0, L_0x5dcb4f9a5f70;  1 drivers
v0x5dcb4f68a1d0_0 .net "b", 3 0, L_0x5dcb4f9a6570;  1 drivers
v0x5dcb4f6706f0_0 .net "c1", 0 0, L_0x5dcb4f9a4570;  1 drivers
v0x5dcb4f6707b0_0 .net "c1_t1", 0 0, L_0x5dcb4f9a4300;  1 drivers
v0x5dcb4f670870_0 .net "c2", 0 0, L_0x5dcb4f9a4a00;  1 drivers
v0x5dcb4f670930_0 .net "c2_t1", 0 0, L_0x5dcb4f9a4720;  1 drivers
v0x5dcb4f6709f0_0 .net "c2_t2", 0 0, L_0x5dcb4f9a4830;  1 drivers
v0x5dcb4f670ab0_0 .net "c3", 0 0, L_0x5dcb4f9a5080;  1 drivers
v0x5dcb4f68bba0_0 .net "c3_t1", 0 0, L_0x5dcb4f9a4c30;  1 drivers
v0x5dcb4f68bc60_0 .net "c3_t2", 0 0, L_0x5dcb4f9a4990;  1 drivers
v0x5dcb4f68bd20_0 .net "c3_t3", 0 0, L_0x5dcb4f9a4de0;  1 drivers
v0x5dcb4f68bde0_0 .net "c4_t1", 0 0, L_0x5dcb4f9a5290;  1 drivers
v0x5dcb4f68bea0_0 .net "c4_t2", 0 0, L_0x5dcb4f9a5490;  1 drivers
v0x5dcb4f62af20_0 .net "c4_t3", 0 0, L_0x5dcb4f9a5550;  1 drivers
v0x5dcb4f62afe0_0 .net "c4_t4", 0 0, L_0x5dcb4f9a5750;  1 drivers
v0x5dcb4f62b0a0_0 .net "cin", 0 0, L_0x5dcb4f9a6760;  1 drivers
v0x5dcb4f68bf40_0 .net "cout", 0 0, L_0x5dcb4f9a58d0;  1 drivers
v0x5dcb4f8eb6b0_0 .net "g0", 0 0, L_0x5dcb4f9a3550;  1 drivers
v0x5dcb4f8eb750_0 .net "g1", 0 0, L_0x5dcb4f9a37f0;  1 drivers
v0x5dcb4f8eb7f0_0 .net "g2", 0 0, L_0x5dcb4f9a3b70;  1 drivers
v0x5dcb4f8eb890_0 .net "g3", 0 0, L_0x5dcb4f9a3b00;  1 drivers
v0x5dcb4f8eb930_0 .net "p0", 0 0, L_0x5dcb4f99e9a0;  1 drivers
v0x5dcb4f8eb9d0_0 .net "p1", 0 0, L_0x5dcb4f9a2bb0;  1 drivers
v0x5dcb4f8eba70_0 .net "p2", 0 0, L_0x5dcb4f9a2f40;  1 drivers
v0x5dcb4f8ebb10_0 .net "p3", 0 0, L_0x5dcb4f9a3230;  1 drivers
v0x5dcb4f8ebbb0_0 .net "sum", 3 0, L_0x5dcb4f9a53f0;  1 drivers
L_0x5dcb4f9a29d0 .part L_0x5dcb4f9a5f70, 0, 1;
L_0x5dcb4f9a2ac0 .part L_0x5dcb4f9a6570, 0, 1;
L_0x5dcb4f9a2cc0 .part L_0x5dcb4f9a5f70, 1, 1;
L_0x5dcb4f9a2e00 .part L_0x5dcb4f9a6570, 1, 1;
L_0x5dcb4f9a3050 .part L_0x5dcb4f9a5f70, 2, 1;
L_0x5dcb4f9a3140 .part L_0x5dcb4f9a6570, 2, 1;
L_0x5dcb4f9a3370 .part L_0x5dcb4f9a5f70, 3, 1;
L_0x5dcb4f9a3460 .part L_0x5dcb4f9a6570, 3, 1;
L_0x5dcb4f9a3610 .part L_0x5dcb4f9a5f70, 0, 1;
L_0x5dcb4f9a3700 .part L_0x5dcb4f9a6570, 0, 1;
L_0x5dcb4f9a3920 .part L_0x5dcb4f9a5f70, 1, 1;
L_0x5dcb4f9a3a10 .part L_0x5dcb4f9a6570, 1, 1;
L_0x5dcb4f9a3c80 .part L_0x5dcb4f9a5f70, 2, 1;
L_0x5dcb4f9a3d70 .part L_0x5dcb4f9a6570, 2, 1;
L_0x5dcb4f9a3f80 .part L_0x5dcb4f9a5f70, 3, 1;
L_0x5dcb4f9a4070 .part L_0x5dcb4f9a6570, 3, 1;
L_0x5dcb4f9a53f0 .concat8 [ 1 1 1 1], L_0x5dcb4f9a56a0, L_0x5dcb4f9a5d00, L_0x5dcb4f9a5ba0, L_0x5dcb4f9a62e0;
S_0x5dcb4f8ebc50 .scope module, "block14" "cla4" 3 38, 4 22 0, S_0x5dcb4f851b20;
 .timescale 0 0;
    .port_info 0 /INPUT 4 "a";
    .port_info 1 /INPUT 4 "b";
    .port_info 2 /INPUT 1 "cin";
    .port_info 3 /OUTPUT 4 "sum";
    .port_info 4 /OUTPUT 1 "cout";
L_0x5dcb4f9a6800/d .functor XOR 1, L_0x5dcb4f9a6910, L_0x5dcb4f9a6a00, C4<0>, C4<0>;
L_0x5dcb4f9a6800 .delay 1 (2,2,2) L_0x5dcb4f9a6800/d;
L_0x5dcb4f9a6af0/d .functor XOR 1, L_0x5dcb4f9a6c00, L_0x5dcb4f9a6d40, C4<0>, C4<0>;
L_0x5dcb4f9a6af0 .delay 1 (2,2,2) L_0x5dcb4f9a6af0/d;
L_0x5dcb4f9a6e80/d .functor XOR 1, L_0x5dcb4f9a6f90, L_0x5dcb4f9a7080, C4<0>, C4<0>;
L_0x5dcb4f9a6e80 .delay 1 (2,2,2) L_0x5dcb4f9a6e80/d;
L_0x5dcb4f9a7170/d .functor XOR 1, L_0x5dcb4f9a72b0, L_0x5dcb4f9a73a0, C4<0>, C4<0>;
L_0x5dcb4f9a7170 .delay 1 (2,2,2) L_0x5dcb4f9a7170/d;
L_0x5dcb4f9a7490/d .functor AND 1, L_0x5dcb4f9a7550, L_0x5dcb4f9a7640, C4<1>, C4<1>;
L_0x5dcb4f9a7490 .delay 1 (2,2,2) L_0x5dcb4f9a7490/d;
L_0x5dcb4f9a7730/d .functor AND 1, L_0x5dcb4f9a7830, L_0x5dcb4f9a7920, C4<1>, C4<1>;
L_0x5dcb4f9a7730 .delay 1 (2,2,2) L_0x5dcb4f9a7730/d;
L_0x5dcb4f9a7a80/d .functor AND 1, L_0x5dcb4f9a7b90, L_0x5dcb4f9a7c80, C4<1>, C4<1>;
L_0x5dcb4f9a7a80 .delay 1 (2,2,2) L_0x5dcb4f9a7a80/d;
L_0x5dcb4f9a7a10/d .functor AND 1, L_0x5dcb4f9a7e60, L_0x5dcb4f9a7f50, C4<1>, C4<1>;
L_0x5dcb4f9a7a10 .delay 1 (2,2,2) L_0x5dcb4f9a7a10/d;
L_0x5dcb4f9a81e0/d .functor AND 1, L_0x5dcb4f9a6800, L_0x5dcb4f9aa5f0, C4<1>, C4<1>;
L_0x5dcb4f9a81e0 .delay 1 (2,2,2) L_0x5dcb4f9a81e0/d;
L_0x5dcb4f9a8450/d .functor OR 1, L_0x5dcb4f9a7490, L_0x5dcb4f9a81e0, C4<0>, C4<0>;
L_0x5dcb4f9a8450 .delay 1 (2,2,2) L_0x5dcb4f9a8450/d;
L_0x5dcb4f9a8600/d .functor AND 1, L_0x5dcb4f9a6af0, L_0x5dcb4f9a7490, C4<1>, C4<1>;
L_0x5dcb4f9a8600 .delay 1 (2,2,2) L_0x5dcb4f9a8600/d;
L_0x5dcb4f9a8710/d .functor AND 1, L_0x5dcb4f9a6af0, L_0x5dcb4f9a6800, L_0x5dcb4f9aa5f0, C4<1>;
L_0x5dcb4f9a8710 .delay 1 (2,2,2) L_0x5dcb4f9a8710/d;
L_0x5dcb4f9a88e0/d .functor OR 1, L_0x5dcb4f9a7730, L_0x5dcb4f9a8600, L_0x5dcb4f9a8710, C4<0>;
L_0x5dcb4f9a88e0 .delay 1 (2,2,2) L_0x5dcb4f9a88e0/d;
L_0x5dcb4f9a8b10/d .functor AND 1, L_0x5dcb4f9a6e80, L_0x5dcb4f9a7730, C4<1>, C4<1>;
L_0x5dcb4f9a8b10 .delay 1 (2,2,2) L_0x5dcb4f9a8b10/d;
L_0x5dcb4f9a8870/d .functor AND 1, L_0x5dcb4f9a6e80, L_0x5dcb4f9a6af0, L_0x5dcb4f9a7490, C4<1>;
L_0x5dcb4f9a8870 .delay 1 (2,2,2) L_0x5dcb4f9a8870/d;
L_0x5dcb4f9a8cc0/d .functor AND 1, L_0x5dcb4f9a6e80, L_0x5dcb4f9a6af0, L_0x5dcb4f9a6800, L_0x5dcb4f9aa5f0;
L_0x5dcb4f9a8cc0 .delay 1 (2,2,2) L_0x5dcb4f9a8cc0/d;
L_0x5dcb4f9a8f30/d .functor OR 1, L_0x5dcb4f9a7a80, L_0x5dcb4f9a8b10, L_0x5dcb4f9a8870, L_0x5dcb4f9a8cc0;
L_0x5dcb4f9a8f30 .delay 1 (2,2,2) L_0x5dcb4f9a8f30/d;
L_0x5dcb4f9a9140/d .functor AND 1, L_0x5dcb4f9a7170, L_0x5dcb4f9a7a80, C4<1>, C4<1>;
L_0x5dcb4f9a9140 .delay 1 (2,2,2) L_0x5dcb4f9a9140/d;
L_0x5dcb4f9a9340/d .functor AND 1, L_0x5dcb4f9a7170, L_0x5dcb4f9a6e80, L_0x5dcb4f9a7730, C4<1>;
L_0x5dcb4f9a9340 .delay 1 (2,2,2) L_0x5dcb4f9a9340/d;
L_0x5dcb4f9a9400/d .functor AND 1, L_0x5dcb4f9a7170, L_0x5dcb4f9a6e80, L_0x5dcb4f9a6af0, L_0x5dcb4f9a7490;
L_0x5dcb4f9a9400 .delay 1 (2,2,2) L_0x5dcb4f9a9400/d;
L_0x5dcb4f9a9600/0/0 .functor AND 1, L_0x5dcb4f9a7170, L_0x5dcb4f9a6e80, L_0x5dcb4f9a6af0, L_0x5dcb4f9a6800;
L_0x5dcb4f9a9600/0/4 .functor AND 1, L_0x5dcb4f9aa5f0, C4<1>, C4<1>, C4<1>;
L_0x5dcb4f9a9600/d .functor AND 1, L_0x5dcb4f9a9600/0/0, L_0x5dcb4f9a9600/0/4, C4<1>, C4<1>;
L_0x5dcb4f9a9600 .delay 1 (2,2,2) L_0x5dcb4f9a9600/d;
L_0x5dcb4f9a9750/0/0 .functor OR 1, L_0x5dcb4f9a7a10, L_0x5dcb4f9a9140, L_0x5dcb4f9a9340, L_0x5dcb4f9a9400;
L_0x5dcb4f9a9750/0/4 .functor OR 1, L_0x5dcb4f9a9600, C4<0>, C4<0>, C4<0>;
L_0x5dcb4f9a9750/d .functor OR 1, L_0x5dcb4f9a9750/0/0, L_0x5dcb4f9a9750/0/4, C4<0>, C4<0>;
L_0x5dcb4f9a9750 .delay 1 (2,2,2) L_0x5dcb4f9a9750/d;
L_0x5dcb4f9a9550/d .functor XOR 1, L_0x5dcb4f9a6800, L_0x5dcb4f9aa5f0, C4<0>, C4<0>;
L_0x5dcb4f9a9550 .delay 1 (2,2,2) L_0x5dcb4f9a9550/d;
L_0x5dcb4f9a9b80/d .functor XOR 1, L_0x5dcb4f9a6af0, L_0x5dcb4f9a8450, C4<0>, C4<0>;
L_0x5dcb4f9a9b80 .delay 1 (2,2,2) L_0x5dcb4f9a9b80/d;
L_0x5dcb4f9a9a20/d .functor XOR 1, L_0x5dcb4f9a6e80, L_0x5dcb4f9a88e0, C4<0>, C4<0>;
L_0x5dcb4f9a9a20 .delay 1 (2,2,2) L_0x5dcb4f9a9a20/d;
L_0x5dcb4f9aa160/d .functor XOR 1, L_0x5dcb4f9a7170, L_0x5dcb4f9a8f30, C4<0>, C4<0>;
L_0x5dcb4f9aa160 .delay 1 (2,2,2) L_0x5dcb4f9aa160/d;
v0x5dcb4f8ebde0_0 .net *"_ivl_12", 0 0, L_0x5dcb4f9a6f90;  1 drivers
v0x5dcb4f8ebe80_0 .net *"_ivl_14", 0 0, L_0x5dcb4f9a7080;  1 drivers
v0x5dcb4f8ebf20_0 .net *"_ivl_17", 0 0, L_0x5dcb4f9a72b0;  1 drivers
v0x5dcb4f8ebfc0_0 .net *"_ivl_19", 0 0, L_0x5dcb4f9a73a0;  1 drivers
v0x5dcb4f8ec060_0 .net *"_ivl_2", 0 0, L_0x5dcb4f9a6910;  1 drivers
v0x5dcb4f8ec100_0 .net *"_ivl_22", 0 0, L_0x5dcb4f9a7550;  1 drivers
v0x5dcb4f8ec1a0_0 .net *"_ivl_24", 0 0, L_0x5dcb4f9a7640;  1 drivers
v0x5dcb4f8ec240_0 .net *"_ivl_27", 0 0, L_0x5dcb4f9a7830;  1 drivers
v0x5dcb4f8ec2e0_0 .net *"_ivl_29", 0 0, L_0x5dcb4f9a7920;  1 drivers
v0x5dcb4f8ec380_0 .net *"_ivl_32", 0 0, L_0x5dcb4f9a7b90;  1 drivers
v0x5dcb4f8ec420_0 .net *"_ivl_34", 0 0, L_0x5dcb4f9a7c80;  1 drivers
v0x5dcb4f8ec4c0_0 .net *"_ivl_37", 0 0, L_0x5dcb4f9a7e60;  1 drivers
v0x5dcb4f8ec560_0 .net *"_ivl_39", 0 0, L_0x5dcb4f9a7f50;  1 drivers
v0x5dcb4f8ec600_0 .net *"_ivl_4", 0 0, L_0x5dcb4f9a6a00;  1 drivers
v0x5dcb4f8ec6a0_0 .net *"_ivl_55", 0 0, L_0x5dcb4f9a9550;  1 drivers
v0x5dcb4f8ec740_0 .net *"_ivl_58", 0 0, L_0x5dcb4f9a9b80;  1 drivers
v0x5dcb4f8ec7e0_0 .net *"_ivl_61", 0 0, L_0x5dcb4f9a9a20;  1 drivers
v0x5dcb4f8ec880_0 .net *"_ivl_64", 0 0, L_0x5dcb4f9aa160;  1 drivers
v0x5dcb4f8ec920_0 .net *"_ivl_7", 0 0, L_0x5dcb4f9a6c00;  1 drivers
v0x5dcb4f8ec9c0_0 .net *"_ivl_9", 0 0, L_0x5dcb4f9a6d40;  1 drivers
v0x5dcb4f8eca60_0 .net "a", 3 0, L_0x5dcb4f9a9df0;  1 drivers
v0x5dcb4f8ecb00_0 .net "b", 3 0, L_0x5dcb4f9aa550;  1 drivers
v0x5dcb4f8ecba0_0 .net "c1", 0 0, L_0x5dcb4f9a8450;  1 drivers
v0x5dcb4f8ecc40_0 .net "c1_t1", 0 0, L_0x5dcb4f9a81e0;  1 drivers
v0x5dcb4f8ecce0_0 .net "c2", 0 0, L_0x5dcb4f9a88e0;  1 drivers
v0x5dcb4f8ecd80_0 .net "c2_t1", 0 0, L_0x5dcb4f9a8600;  1 drivers
v0x5dcb4f8ece20_0 .net "c2_t2", 0 0, L_0x5dcb4f9a8710;  1 drivers
v0x5dcb4f8ecec0_0 .net "c3", 0 0, L_0x5dcb4f9a8f30;  1 drivers
v0x5dcb4f8ecf60_0 .net "c3_t1", 0 0, L_0x5dcb4f9a8b10;  1 drivers
v0x5dcb4f8ed000_0 .net "c3_t2", 0 0, L_0x5dcb4f9a8870;  1 drivers
v0x5dcb4f8ed0a0_0 .net "c3_t3", 0 0, L_0x5dcb4f9a8cc0;  1 drivers
v0x5dcb4f8ed140_0 .net "c4_t1", 0 0, L_0x5dcb4f9a9140;  1 drivers
v0x5dcb4f8ed1e0_0 .net "c4_t2", 0 0, L_0x5dcb4f9a9340;  1 drivers
v0x5dcb4f8ed490_0 .net "c4_t3", 0 0, L_0x5dcb4f9a9400;  1 drivers
v0x5dcb4f8ed530_0 .net "c4_t4", 0 0, L_0x5dcb4f9a9600;  1 drivers
v0x5dcb4f8ed5d0_0 .net "cin", 0 0, L_0x5dcb4f9aa5f0;  1 drivers
v0x5dcb4f8ed670_0 .net "cout", 0 0, L_0x5dcb4f9a9750;  1 drivers
v0x5dcb4f8ed710_0 .net "g0", 0 0, L_0x5dcb4f9a7490;  1 drivers
v0x5dcb4f8ed7b0_0 .net "g1", 0 0, L_0x5dcb4f9a7730;  1 drivers
v0x5dcb4f8ed850_0 .net "g2", 0 0, L_0x5dcb4f9a7a80;  1 drivers
v0x5dcb4f8ed8f0_0 .net "g3", 0 0, L_0x5dcb4f9a7a10;  1 drivers
v0x5dcb4f8ed990_0 .net "p0", 0 0, L_0x5dcb4f9a6800;  1 drivers
v0x5dcb4f8eda30_0 .net "p1", 0 0, L_0x5dcb4f9a6af0;  1 drivers
v0x5dcb4f8edad0_0 .net "p2", 0 0, L_0x5dcb4f9a6e80;  1 drivers
v0x5dcb4f8edb70_0 .net "p3", 0 0, L_0x5dcb4f9a7170;  1 drivers
v0x5dcb4f8edc10_0 .net "sum", 3 0, L_0x5dcb4f9a92a0;  1 drivers
L_0x5dcb4f9a6910 .part L_0x5dcb4f9a9df0, 0, 1;
L_0x5dcb4f9a6a00 .part L_0x5dcb4f9aa550, 0, 1;
L_0x5dcb4f9a6c00 .part L_0x5dcb4f9a9df0, 1, 1;
L_0x5dcb4f9a6d40 .part L_0x5dcb4f9aa550, 1, 1;
L_0x5dcb4f9a6f90 .part L_0x5dcb4f9a9df0, 2, 1;
L_0x5dcb4f9a7080 .part L_0x5dcb4f9aa550, 2, 1;
L_0x5dcb4f9a72b0 .part L_0x5dcb4f9a9df0, 3, 1;
L_0x5dcb4f9a73a0 .part L_0x5dcb4f9aa550, 3, 1;
L_0x5dcb4f9a7550 .part L_0x5dcb4f9a9df0, 0, 1;
L_0x5dcb4f9a7640 .part L_0x5dcb4f9aa550, 0, 1;
L_0x5dcb4f9a7830 .part L_0x5dcb4f9a9df0, 1, 1;
L_0x5dcb4f9a7920 .part L_0x5dcb4f9aa550, 1, 1;
L_0x5dcb4f9a7b90 .part L_0x5dcb4f9a9df0, 2, 1;
L_0x5dcb4f9a7c80 .part L_0x5dcb4f9aa550, 2, 1;
L_0x5dcb4f9a7e60 .part L_0x5dcb4f9a9df0, 3, 1;
L_0x5dcb4f9a7f50 .part L_0x5dcb4f9aa550, 3, 1;
L_0x5dcb4f9a92a0 .concat8 [ 1 1 1 1], L_0x5dcb4f9a9550, L_0x5dcb4f9a9b80, L_0x5dcb4f9a9a20, L_0x5dcb4f9aa160;
S_0x5dcb4f8edcb0 .scope module, "block15" "cla4" 3 39, 4 22 0, S_0x5dcb4f851b20;
 .timescale 0 0;
    .port_info 0 /INPUT 4 "a";
    .port_info 1 /INPUT 4 "b";
    .port_info 2 /INPUT 1 "cin";
    .port_info 3 /OUTPUT 4 "sum";
    .port_info 4 /OUTPUT 1 "cout";
L_0x5dcb4f9aad50/d .functor XOR 1, L_0x5dcb4f9aae60, L_0x5dcb4f9aaf50, C4<0>, C4<0>;
L_0x5dcb4f9aad50 .delay 1 (2,2,2) L_0x5dcb4f9aad50/d;
L_0x5dcb4f9ab040/d .functor XOR 1, L_0x5dcb4f9ab150, L_0x5dcb4f9ab290, C4<0>, C4<0>;
L_0x5dcb4f9ab040 .delay 1 (2,2,2) L_0x5dcb4f9ab040/d;
L_0x5dcb4f9ab3d0/d .functor XOR 1, L_0x5dcb4f9ab4e0, L_0x5dcb4f9ab5d0, C4<0>, C4<0>;
L_0x5dcb4f9ab3d0 .delay 1 (2,2,2) L_0x5dcb4f9ab3d0/d;
L_0x5dcb4f9ab6c0/d .functor XOR 1, L_0x5dcb4f9ab7d0, L_0x5dcb4f9ab8c0, C4<0>, C4<0>;
L_0x5dcb4f9ab6c0 .delay 1 (2,2,2) L_0x5dcb4f9ab6c0/d;
L_0x5dcb4f9aba40/d .functor AND 1, L_0x5dcb4f9abb00, L_0x5dcb4f9abbf0, C4<1>, C4<1>;
L_0x5dcb4f9aba40 .delay 1 (2,2,2) L_0x5dcb4f9aba40/d;
L_0x5dcb4f9abce0/d .functor AND 1, L_0x5dcb4f9abde0, L_0x5dcb4f9abed0, C4<1>, C4<1>;
L_0x5dcb4f9abce0 .delay 1 (2,2,2) L_0x5dcb4f9abce0/d;
L_0x5dcb4f9ac030/d .functor AND 1, L_0x5dcb4f9ac140, L_0x5dcb4f9ac230, C4<1>, C4<1>;
L_0x5dcb4f9ac030 .delay 1 (2,2,2) L_0x5dcb4f9ac030/d;
L_0x5dcb4f9abfc0/d .functor AND 1, L_0x5dcb4f9ac410, L_0x5dcb4f9ac500, C4<1>, C4<1>;
L_0x5dcb4f9abfc0 .delay 1 (2,2,2) L_0x5dcb4f9abfc0/d;
L_0x5dcb4f9ac790/d .functor AND 1, L_0x5dcb4f9aad50, L_0x5dcb4f9aed60, C4<1>, C4<1>;
L_0x5dcb4f9ac790 .delay 1 (2,2,2) L_0x5dcb4f9ac790/d;
L_0x5dcb4f9aca00/d .functor OR 1, L_0x5dcb4f9aba40, L_0x5dcb4f9ac790, C4<0>, C4<0>;
L_0x5dcb4f9aca00 .delay 1 (2,2,2) L_0x5dcb4f9aca00/d;
L_0x5dcb4f9acbb0/d .functor AND 1, L_0x5dcb4f9ab040, L_0x5dcb4f9aba40, C4<1>, C4<1>;
L_0x5dcb4f9acbb0 .delay 1 (2,2,2) L_0x5dcb4f9acbb0/d;
L_0x5dcb4f9accc0/d .functor AND 1, L_0x5dcb4f9ab040, L_0x5dcb4f9aad50, L_0x5dcb4f9aed60, C4<1>;
L_0x5dcb4f9accc0 .delay 1 (2,2,2) L_0x5dcb4f9accc0/d;
L_0x5dcb4f9ace90/d .functor OR 1, L_0x5dcb4f9abce0, L_0x5dcb4f9acbb0, L_0x5dcb4f9accc0, C4<0>;
L_0x5dcb4f9ace90 .delay 1 (2,2,2) L_0x5dcb4f9ace90/d;
L_0x5dcb4f9ad090/d .functor AND 1, L_0x5dcb4f9ab3d0, L_0x5dcb4f9abce0, C4<1>, C4<1>;
L_0x5dcb4f9ad090 .delay 1 (2,2,2) L_0x5dcb4f9ad090/d;
L_0x5dcb4f9ace20/d .functor AND 1, L_0x5dcb4f9ab3d0, L_0x5dcb4f9ab040, L_0x5dcb4f9aba40, C4<1>;
L_0x5dcb4f9ace20 .delay 1 (2,2,2) L_0x5dcb4f9ace20/d;
L_0x5dcb4f9ad240/d .functor AND 1, L_0x5dcb4f9ab3d0, L_0x5dcb4f9ab040, L_0x5dcb4f9aad50, L_0x5dcb4f9aed60;
L_0x5dcb4f9ad240 .delay 1 (2,2,2) L_0x5dcb4f9ad240/d;
L_0x5dcb4f9ad4b0/d .functor OR 1, L_0x5dcb4f9ac030, L_0x5dcb4f9ad090, L_0x5dcb4f9ace20, L_0x5dcb4f9ad240;
L_0x5dcb4f9ad4b0 .delay 1 (2,2,2) L_0x5dcb4f9ad4b0/d;
L_0x5dcb4f9ad660/d .functor AND 1, L_0x5dcb4f9ab6c0, L_0x5dcb4f9ac030, C4<1>, C4<1>;
L_0x5dcb4f9ad660 .delay 1 (2,2,2) L_0x5dcb4f9ad660/d;
L_0x5dcb4f9ad860/d .functor AND 1, L_0x5dcb4f9ab6c0, L_0x5dcb4f9ab3d0, L_0x5dcb4f9abce0, C4<1>;
L_0x5dcb4f9ad860 .delay 1 (2,2,2) L_0x5dcb4f9ad860/d;
L_0x5dcb4f9ad920/d .functor AND 1, L_0x5dcb4f9ab6c0, L_0x5dcb4f9ab3d0, L_0x5dcb4f9ab040, L_0x5dcb4f9aba40;
L_0x5dcb4f9ad920 .delay 1 (2,2,2) L_0x5dcb4f9ad920/d;
L_0x5dcb4f9adb20/0/0 .functor AND 1, L_0x5dcb4f9ab6c0, L_0x5dcb4f9ab3d0, L_0x5dcb4f9ab040, L_0x5dcb4f9aad50;
L_0x5dcb4f9adb20/0/4 .functor AND 1, L_0x5dcb4f9aed60, C4<1>, C4<1>, C4<1>;
L_0x5dcb4f9adb20/d .functor AND 1, L_0x5dcb4f9adb20/0/0, L_0x5dcb4f9adb20/0/4, C4<1>, C4<1>;
L_0x5dcb4f9adb20 .delay 1 (2,2,2) L_0x5dcb4f9adb20/d;
L_0x5dcb4f9adc70/0/0 .functor OR 1, L_0x5dcb4f9abfc0, L_0x5dcb4f9ad660, L_0x5dcb4f9ad860, L_0x5dcb4f9ad920;
L_0x5dcb4f9adc70/0/4 .functor OR 1, L_0x5dcb4f9adb20, C4<0>, C4<0>, C4<0>;
L_0x5dcb4f9adc70/d .functor OR 1, L_0x5dcb4f9adc70/0/0, L_0x5dcb4f9adc70/0/4, C4<0>, C4<0>;
L_0x5dcb4f9adc70 .delay 1 (2,2,2) L_0x5dcb4f9adc70/d;
L_0x5dcb4f9ada70/d .functor XOR 1, L_0x5dcb4f9aad50, L_0x5dcb4f9aed60, C4<0>, C4<0>;
L_0x5dcb4f9ada70 .delay 1 (2,2,2) L_0x5dcb4f9ada70/d;
L_0x5dcb4f9ae0c0/d .functor XOR 1, L_0x5dcb4f9ab040, L_0x5dcb4f9aca00, C4<0>, C4<0>;
L_0x5dcb4f9ae0c0 .delay 1 (2,2,2) L_0x5dcb4f9ae0c0/d;
L_0x5dcb4f9adf60/d .functor XOR 1, L_0x5dcb4f9ab3d0, L_0x5dcb4f9ace90, C4<0>, C4<0>;
L_0x5dcb4f9adf60 .delay 1 (2,2,2) L_0x5dcb4f9adf60/d;
L_0x5dcb4f9ae6a0/d .functor XOR 1, L_0x5dcb4f9ab6c0, L_0x5dcb4f9ad4b0, C4<0>, C4<0>;
L_0x5dcb4f9ae6a0 .delay 1 (2,2,2) L_0x5dcb4f9ae6a0/d;
v0x5dcb4f8ede40_0 .net *"_ivl_12", 0 0, L_0x5dcb4f9ab4e0;  1 drivers
v0x5dcb4f8edee0_0 .net *"_ivl_14", 0 0, L_0x5dcb4f9ab5d0;  1 drivers
v0x5dcb4f8edf80_0 .net *"_ivl_17", 0 0, L_0x5dcb4f9ab7d0;  1 drivers
v0x5dcb4f8ee020_0 .net *"_ivl_19", 0 0, L_0x5dcb4f9ab8c0;  1 drivers
v0x5dcb4f8ee0c0_0 .net *"_ivl_2", 0 0, L_0x5dcb4f9aae60;  1 drivers
v0x5dcb4f8ee160_0 .net *"_ivl_22", 0 0, L_0x5dcb4f9abb00;  1 drivers
v0x5dcb4f8ee200_0 .net *"_ivl_24", 0 0, L_0x5dcb4f9abbf0;  1 drivers
v0x5dcb4f8ee2a0_0 .net *"_ivl_27", 0 0, L_0x5dcb4f9abde0;  1 drivers
v0x5dcb4f8ee340_0 .net *"_ivl_29", 0 0, L_0x5dcb4f9abed0;  1 drivers
v0x5dcb4f8ee3e0_0 .net *"_ivl_32", 0 0, L_0x5dcb4f9ac140;  1 drivers
v0x5dcb4f8ee480_0 .net *"_ivl_34", 0 0, L_0x5dcb4f9ac230;  1 drivers
v0x5dcb4f8ee520_0 .net *"_ivl_37", 0 0, L_0x5dcb4f9ac410;  1 drivers
v0x5dcb4f8ee5c0_0 .net *"_ivl_39", 0 0, L_0x5dcb4f9ac500;  1 drivers
v0x5dcb4f8ee660_0 .net *"_ivl_4", 0 0, L_0x5dcb4f9aaf50;  1 drivers
v0x5dcb4f8ee700_0 .net *"_ivl_55", 0 0, L_0x5dcb4f9ada70;  1 drivers
v0x5dcb4f8ee7a0_0 .net *"_ivl_58", 0 0, L_0x5dcb4f9ae0c0;  1 drivers
v0x5dcb4f8ee840_0 .net *"_ivl_61", 0 0, L_0x5dcb4f9adf60;  1 drivers
v0x5dcb4f8ee8e0_0 .net *"_ivl_64", 0 0, L_0x5dcb4f9ae6a0;  1 drivers
v0x5dcb4f8ee980_0 .net *"_ivl_7", 0 0, L_0x5dcb4f9ab150;  1 drivers
v0x5dcb4f8eea20_0 .net *"_ivl_9", 0 0, L_0x5dcb4f9ab290;  1 drivers
v0x5dcb4f8eeac0_0 .net "a", 3 0, L_0x5dcb4f9ae330;  1 drivers
v0x5dcb4f8eeba0_0 .net "b", 3 0, L_0x5dcb4f9aeab0;  1 drivers
v0x5dcb4f8eec80_0 .net "c1", 0 0, L_0x5dcb4f9aca00;  1 drivers
v0x5dcb4f8eed40_0 .net "c1_t1", 0 0, L_0x5dcb4f9ac790;  1 drivers
v0x5dcb4f8eee00_0 .net "c2", 0 0, L_0x5dcb4f9ace90;  1 drivers
v0x5dcb4f8eeec0_0 .net "c2_t1", 0 0, L_0x5dcb4f9acbb0;  1 drivers
v0x5dcb4f8eef80_0 .net "c2_t2", 0 0, L_0x5dcb4f9accc0;  1 drivers
v0x5dcb4f8ef040_0 .net "c3", 0 0, L_0x5dcb4f9ad4b0;  1 drivers
v0x5dcb4f8ef100_0 .net "c3_t1", 0 0, L_0x5dcb4f9ad090;  1 drivers
v0x5dcb4f8ef1c0_0 .net "c3_t2", 0 0, L_0x5dcb4f9ace20;  1 drivers
v0x5dcb4f8ef280_0 .net "c3_t3", 0 0, L_0x5dcb4f9ad240;  1 drivers
v0x5dcb4f8ef340_0 .net "c4_t1", 0 0, L_0x5dcb4f9ad660;  1 drivers
v0x5dcb4f8ef400_0 .net "c4_t2", 0 0, L_0x5dcb4f9ad860;  1 drivers
v0x5dcb4f8ef6d0_0 .net "c4_t3", 0 0, L_0x5dcb4f9ad920;  1 drivers
v0x5dcb4f8ef790_0 .net "c4_t4", 0 0, L_0x5dcb4f9adb20;  1 drivers
v0x5dcb4f8ef850_0 .net "cin", 0 0, L_0x5dcb4f9aed60;  1 drivers
v0x5dcb4f8ef910_0 .net "cout", 0 0, L_0x5dcb4f9adc70;  alias, 1 drivers
v0x5dcb4f8ef9d0_0 .net "g0", 0 0, L_0x5dcb4f9aba40;  1 drivers
v0x5dcb4f8efa90_0 .net "g1", 0 0, L_0x5dcb4f9abce0;  1 drivers
v0x5dcb4f8efb50_0 .net "g2", 0 0, L_0x5dcb4f9ac030;  1 drivers
v0x5dcb4f8efc10_0 .net "g3", 0 0, L_0x5dcb4f9abfc0;  1 drivers
v0x5dcb4f8efcd0_0 .net "p0", 0 0, L_0x5dcb4f9aad50;  1 drivers
v0x5dcb4f8efd90_0 .net "p1", 0 0, L_0x5dcb4f9ab040;  1 drivers
v0x5dcb4f8efe50_0 .net "p2", 0 0, L_0x5dcb4f9ab3d0;  1 drivers
v0x5dcb4f8eff10_0 .net "p3", 0 0, L_0x5dcb4f9ab6c0;  1 drivers
v0x5dcb4f8effd0_0 .net "sum", 3 0, L_0x5dcb4f9ad7c0;  1 drivers
L_0x5dcb4f9aae60 .part L_0x5dcb4f9ae330, 0, 1;
L_0x5dcb4f9aaf50 .part L_0x5dcb4f9aeab0, 0, 1;
L_0x5dcb4f9ab150 .part L_0x5dcb4f9ae330, 1, 1;
L_0x5dcb4f9ab290 .part L_0x5dcb4f9aeab0, 1, 1;
L_0x5dcb4f9ab4e0 .part L_0x5dcb4f9ae330, 2, 1;
L_0x5dcb4f9ab5d0 .part L_0x5dcb4f9aeab0, 2, 1;
L_0x5dcb4f9ab7d0 .part L_0x5dcb4f9ae330, 3, 1;
L_0x5dcb4f9ab8c0 .part L_0x5dcb4f9aeab0, 3, 1;
L_0x5dcb4f9abb00 .part L_0x5dcb4f9ae330, 0, 1;
L_0x5dcb4f9abbf0 .part L_0x5dcb4f9aeab0, 0, 1;
L_0x5dcb4f9abde0 .part L_0x5dcb4f9ae330, 1, 1;
L_0x5dcb4f9abed0 .part L_0x5dcb4f9aeab0, 1, 1;
L_0x5dcb4f9ac140 .part L_0x5dcb4f9ae330, 2, 1;
L_0x5dcb4f9ac230 .part L_0x5dcb4f9aeab0, 2, 1;
L_0x5dcb4f9ac410 .part L_0x5dcb4f9ae330, 3, 1;
L_0x5dcb4f9ac500 .part L_0x5dcb4f9aeab0, 3, 1;
L_0x5dcb4f9ad7c0 .concat8 [ 1 1 1 1], L_0x5dcb4f9ada70, L_0x5dcb4f9ae0c0, L_0x5dcb4f9adf60, L_0x5dcb4f9ae6a0;
S_0x5dcb4f8f0150 .scope module, "block2" "cla4" 3 26, 4 22 0, S_0x5dcb4f851b20;
 .timescale 0 0;
    .port_info 0 /INPUT 4 "a";
    .port_info 1 /INPUT 4 "b";
    .port_info 2 /INPUT 1 "cin";
    .port_info 3 /OUTPUT 4 "sum";
    .port_info 4 /OUTPUT 1 "cout";
L_0x5dcb4f976ab0/d .functor XOR 1, L_0x5dcb4f976bc0, L_0x5dcb4f976cb0, C4<0>, C4<0>;
L_0x5dcb4f976ab0 .delay 1 (2,2,2) L_0x5dcb4f976ab0/d;
L_0x5dcb4f976da0/d .functor XOR 1, L_0x5dcb4f976eb0, L_0x5dcb4f976ff0, C4<0>, C4<0>;
L_0x5dcb4f976da0 .delay 1 (2,2,2) L_0x5dcb4f976da0/d;
L_0x5dcb4f977160/d .functor XOR 1, L_0x5dcb4f977270, L_0x5dcb4f977360, C4<0>, C4<0>;
L_0x5dcb4f977160 .delay 1 (2,2,2) L_0x5dcb4f977160/d;
L_0x5dcb4f977490/d .functor XOR 1, L_0x5dcb4f9775d0, L_0x5dcb4f9776c0, C4<0>, C4<0>;
L_0x5dcb4f977490 .delay 1 (2,2,2) L_0x5dcb4f977490/d;
L_0x5dcb4f9777b0/d .functor AND 1, L_0x5dcb4f977870, L_0x5dcb4f977960, C4<1>, C4<1>;
L_0x5dcb4f9777b0 .delay 1 (2,2,2) L_0x5dcb4f9777b0/d;
L_0x5dcb4f977ab0/d .functor AND 1, L_0x5dcb4f977be0, L_0x5dcb4f977cd0, C4<1>, C4<1>;
L_0x5dcb4f977ab0 .delay 1 (2,2,2) L_0x5dcb4f977ab0/d;
L_0x5dcb4f977e30/d .functor AND 1, L_0x5dcb4f977f40, L_0x5dcb4f978030, C4<1>, C4<1>;
L_0x5dcb4f977e30 .delay 1 (2,2,2) L_0x5dcb4f977e30/d;
L_0x5dcb4f977dc0/d .functor AND 1, L_0x5dcb4f9782c0, L_0x5dcb4f9783b0, C4<1>, C4<1>;
L_0x5dcb4f977dc0 .delay 1 (2,2,2) L_0x5dcb4f977dc0/d;
L_0x5dcb4f978640/d .functor AND 1, L_0x5dcb4f976ab0, L_0x5dcb4f97abb0, C4<1>, C4<1>;
L_0x5dcb4f978640 .delay 1 (2,2,2) L_0x5dcb4f978640/d;
L_0x5dcb4f9788b0/d .functor OR 1, L_0x5dcb4f9777b0, L_0x5dcb4f978640, C4<0>, C4<0>;
L_0x5dcb4f9788b0 .delay 1 (2,2,2) L_0x5dcb4f9788b0/d;
L_0x5dcb4f978ac0/d .functor AND 1, L_0x5dcb4f976da0, L_0x5dcb4f9777b0, C4<1>, C4<1>;
L_0x5dcb4f978ac0 .delay 1 (2,2,2) L_0x5dcb4f978ac0/d;
L_0x5dcb4f978bd0/d .functor AND 1, L_0x5dcb4f976da0, L_0x5dcb4f976ab0, L_0x5dcb4f97abb0, C4<1>;
L_0x5dcb4f978bd0 .delay 1 (2,2,2) L_0x5dcb4f978bd0/d;
L_0x5dcb4f978da0/d .functor OR 1, L_0x5dcb4f977ab0, L_0x5dcb4f978ac0, L_0x5dcb4f978bd0, C4<0>;
L_0x5dcb4f978da0 .delay 1 (2,2,2) L_0x5dcb4f978da0/d;
L_0x5dcb4f978fd0/d .functor AND 1, L_0x5dcb4f977160, L_0x5dcb4f977ab0, C4<1>, C4<1>;
L_0x5dcb4f978fd0 .delay 1 (2,2,2) L_0x5dcb4f978fd0/d;
L_0x5dcb4f978d30/d .functor AND 1, L_0x5dcb4f977160, L_0x5dcb4f976da0, L_0x5dcb4f9777b0, C4<1>;
L_0x5dcb4f978d30 .delay 1 (2,2,2) L_0x5dcb4f978d30/d;
L_0x5dcb4f979200/d .functor AND 1, L_0x5dcb4f977160, L_0x5dcb4f976da0, L_0x5dcb4f976ab0, L_0x5dcb4f97abb0;
L_0x5dcb4f979200 .delay 1 (2,2,2) L_0x5dcb4f979200/d;
L_0x5dcb4f9794a0/d .functor OR 1, L_0x5dcb4f977e30, L_0x5dcb4f978fd0, L_0x5dcb4f978d30, L_0x5dcb4f979200;
L_0x5dcb4f9794a0 .delay 1 (2,2,2) L_0x5dcb4f9794a0/d;
L_0x5dcb4f9796b0/d .functor AND 1, L_0x5dcb4f977490, L_0x5dcb4f977e30, C4<1>, C4<1>;
L_0x5dcb4f9796b0 .delay 1 (2,2,2) L_0x5dcb4f9796b0/d;
L_0x5dcb4f9798b0/d .functor AND 1, L_0x5dcb4f977490, L_0x5dcb4f977160, L_0x5dcb4f977ab0, C4<1>;
L_0x5dcb4f9798b0 .delay 1 (2,2,2) L_0x5dcb4f9798b0/d;
L_0x5dcb4f979970/d .functor AND 1, L_0x5dcb4f977490, L_0x5dcb4f977160, L_0x5dcb4f976da0, L_0x5dcb4f9777b0;
L_0x5dcb4f979970 .delay 1 (2,2,2) L_0x5dcb4f979970/d;
L_0x5dcb4f979b70/0/0 .functor AND 1, L_0x5dcb4f977490, L_0x5dcb4f977160, L_0x5dcb4f976da0, L_0x5dcb4f976ab0;
L_0x5dcb4f979b70/0/4 .functor AND 1, L_0x5dcb4f97abb0, C4<1>, C4<1>, C4<1>;
L_0x5dcb4f979b70/d .functor AND 1, L_0x5dcb4f979b70/0/0, L_0x5dcb4f979b70/0/4, C4<1>, C4<1>;
L_0x5dcb4f979b70 .delay 1 (2,2,2) L_0x5dcb4f979b70/d;
L_0x5dcb4f979cf0/0/0 .functor OR 1, L_0x5dcb4f977dc0, L_0x5dcb4f9796b0, L_0x5dcb4f9798b0, L_0x5dcb4f979970;
L_0x5dcb4f979cf0/0/4 .functor OR 1, L_0x5dcb4f979b70, C4<0>, C4<0>, C4<0>;
L_0x5dcb4f979cf0/d .functor OR 1, L_0x5dcb4f979cf0/0/0, L_0x5dcb4f979cf0/0/4, C4<0>, C4<0>;
L_0x5dcb4f979cf0 .delay 1 (2,2,2) L_0x5dcb4f979cf0/d;
L_0x5dcb4f97a080/d .functor XOR 1, L_0x5dcb4f976ab0, L_0x5dcb4f97abb0, C4<0>, C4<0>;
L_0x5dcb4f97a080 .delay 1 (2,2,2) L_0x5dcb4f97a080/d;
L_0x5dcb4f97a140/d .functor XOR 1, L_0x5dcb4f976da0, L_0x5dcb4f9788b0, C4<0>, C4<0>;
L_0x5dcb4f97a140 .delay 1 (2,2,2) L_0x5dcb4f97a140/d;
L_0x5dcb4f97a480/d .functor XOR 1, L_0x5dcb4f977160, L_0x5dcb4f978da0, C4<0>, C4<0>;
L_0x5dcb4f97a480 .delay 1 (2,2,2) L_0x5dcb4f97a480/d;
L_0x5dcb4f97a7e0/d .functor XOR 1, L_0x5dcb4f977490, L_0x5dcb4f9794a0, C4<0>, C4<0>;
L_0x5dcb4f97a7e0 .delay 1 (2,2,2) L_0x5dcb4f97a7e0/d;
v0x5dcb4f8f0360_0 .net *"_ivl_12", 0 0, L_0x5dcb4f977270;  1 drivers
v0x5dcb4f8f0460_0 .net *"_ivl_14", 0 0, L_0x5dcb4f977360;  1 drivers
v0x5dcb4f8f0540_0 .net *"_ivl_17", 0 0, L_0x5dcb4f9775d0;  1 drivers
v0x5dcb4f8f0600_0 .net *"_ivl_19", 0 0, L_0x5dcb4f9776c0;  1 drivers
v0x5dcb4f8f06e0_0 .net *"_ivl_2", 0 0, L_0x5dcb4f976bc0;  1 drivers
v0x5dcb4f8f07c0_0 .net *"_ivl_22", 0 0, L_0x5dcb4f977870;  1 drivers
v0x5dcb4f8f08a0_0 .net *"_ivl_24", 0 0, L_0x5dcb4f977960;  1 drivers
v0x5dcb4f8f0980_0 .net *"_ivl_27", 0 0, L_0x5dcb4f977be0;  1 drivers
v0x5dcb4f8f0a60_0 .net *"_ivl_29", 0 0, L_0x5dcb4f977cd0;  1 drivers
v0x5dcb4f8f0bd0_0 .net *"_ivl_32", 0 0, L_0x5dcb4f977f40;  1 drivers
v0x5dcb4f8f0cb0_0 .net *"_ivl_34", 0 0, L_0x5dcb4f978030;  1 drivers
v0x5dcb4f8f0d90_0 .net *"_ivl_37", 0 0, L_0x5dcb4f9782c0;  1 drivers
v0x5dcb4f8f0e70_0 .net *"_ivl_39", 0 0, L_0x5dcb4f9783b0;  1 drivers
v0x5dcb4f8f0f50_0 .net *"_ivl_4", 0 0, L_0x5dcb4f976cb0;  1 drivers
v0x5dcb4f8f1030_0 .net *"_ivl_55", 0 0, L_0x5dcb4f97a080;  1 drivers
v0x5dcb4f8f1110_0 .net *"_ivl_58", 0 0, L_0x5dcb4f97a140;  1 drivers
v0x5dcb4f8f11f0_0 .net *"_ivl_61", 0 0, L_0x5dcb4f97a480;  1 drivers
v0x5dcb4f8f12d0_0 .net *"_ivl_64", 0 0, L_0x5dcb4f97a7e0;  1 drivers
v0x5dcb4f8f13b0_0 .net *"_ivl_7", 0 0, L_0x5dcb4f976eb0;  1 drivers
v0x5dcb4f8f1490_0 .net *"_ivl_9", 0 0, L_0x5dcb4f976ff0;  1 drivers
v0x5dcb4f8f1570_0 .net "a", 3 0, L_0x5dcb4f97aa70;  1 drivers
v0x5dcb4f8f1650_0 .net "b", 3 0, L_0x5dcb4f97ab10;  1 drivers
v0x5dcb4f8f1730_0 .net "c1", 0 0, L_0x5dcb4f9788b0;  1 drivers
v0x5dcb4f8f17f0_0 .net "c1_t1", 0 0, L_0x5dcb4f978640;  1 drivers
v0x5dcb4f8f18b0_0 .net "c2", 0 0, L_0x5dcb4f978da0;  1 drivers
v0x5dcb4f8f1970_0 .net "c2_t1", 0 0, L_0x5dcb4f978ac0;  1 drivers
v0x5dcb4f8f1a30_0 .net "c2_t2", 0 0, L_0x5dcb4f978bd0;  1 drivers
v0x5dcb4f8f1af0_0 .net "c3", 0 0, L_0x5dcb4f9794a0;  1 drivers
v0x5dcb4f8f1bb0_0 .net "c3_t1", 0 0, L_0x5dcb4f978fd0;  1 drivers
v0x5dcb4f8f1c70_0 .net "c3_t2", 0 0, L_0x5dcb4f978d30;  1 drivers
v0x5dcb4f8f1d30_0 .net "c3_t3", 0 0, L_0x5dcb4f979200;  1 drivers
v0x5dcb4f8f1df0_0 .net "c4_t1", 0 0, L_0x5dcb4f9796b0;  1 drivers
v0x5dcb4f8f1eb0_0 .net "c4_t2", 0 0, L_0x5dcb4f9798b0;  1 drivers
v0x5dcb4f8f2180_0 .net "c4_t3", 0 0, L_0x5dcb4f979970;  1 drivers
v0x5dcb4f8f2240_0 .net "c4_t4", 0 0, L_0x5dcb4f979b70;  1 drivers
v0x5dcb4f8f2300_0 .net "cin", 0 0, L_0x5dcb4f97abb0;  1 drivers
v0x5dcb4f8f23c0_0 .net "cout", 0 0, L_0x5dcb4f979cf0;  1 drivers
v0x5dcb4f8f2480_0 .net "g0", 0 0, L_0x5dcb4f9777b0;  1 drivers
v0x5dcb4f8f2540_0 .net "g1", 0 0, L_0x5dcb4f977ab0;  1 drivers
v0x5dcb4f8f2600_0 .net "g2", 0 0, L_0x5dcb4f977e30;  1 drivers
v0x5dcb4f8f26c0_0 .net "g3", 0 0, L_0x5dcb4f977dc0;  1 drivers
v0x5dcb4f8f2780_0 .net "p0", 0 0, L_0x5dcb4f976ab0;  1 drivers
v0x5dcb4f8f2840_0 .net "p1", 0 0, L_0x5dcb4f976da0;  1 drivers
v0x5dcb4f8f2900_0 .net "p2", 0 0, L_0x5dcb4f977160;  1 drivers
v0x5dcb4f8f29c0_0 .net "p3", 0 0, L_0x5dcb4f977490;  1 drivers
v0x5dcb4f8f2a80_0 .net "sum", 3 0, L_0x5dcb4f979810;  1 drivers
L_0x5dcb4f976bc0 .part L_0x5dcb4f97aa70, 0, 1;
L_0x5dcb4f976cb0 .part L_0x5dcb4f97ab10, 0, 1;
L_0x5dcb4f976eb0 .part L_0x5dcb4f97aa70, 1, 1;
L_0x5dcb4f976ff0 .part L_0x5dcb4f97ab10, 1, 1;
L_0x5dcb4f977270 .part L_0x5dcb4f97aa70, 2, 1;
L_0x5dcb4f977360 .part L_0x5dcb4f97ab10, 2, 1;
L_0x5dcb4f9775d0 .part L_0x5dcb4f97aa70, 3, 1;
L_0x5dcb4f9776c0 .part L_0x5dcb4f97ab10, 3, 1;
L_0x5dcb4f977870 .part L_0x5dcb4f97aa70, 0, 1;
L_0x5dcb4f977960 .part L_0x5dcb4f97ab10, 0, 1;
L_0x5dcb4f977be0 .part L_0x5dcb4f97aa70, 1, 1;
L_0x5dcb4f977cd0 .part L_0x5dcb4f97ab10, 1, 1;
L_0x5dcb4f977f40 .part L_0x5dcb4f97aa70, 2, 1;
L_0x5dcb4f978030 .part L_0x5dcb4f97ab10, 2, 1;
L_0x5dcb4f9782c0 .part L_0x5dcb4f97aa70, 3, 1;
L_0x5dcb4f9783b0 .part L_0x5dcb4f97ab10, 3, 1;
L_0x5dcb4f979810 .concat8 [ 1 1 1 1], L_0x5dcb4f97a080, L_0x5dcb4f97a140, L_0x5dcb4f97a480, L_0x5dcb4f97a7e0;
S_0x5dcb4f8f2c00 .scope module, "block3" "cla4" 3 27, 4 22 0, S_0x5dcb4f851b20;
 .timescale 0 0;
    .port_info 0 /INPUT 4 "a";
    .port_info 1 /INPUT 4 "b";
    .port_info 2 /INPUT 1 "cin";
    .port_info 3 /OUTPUT 4 "sum";
    .port_info 4 /OUTPUT 1 "cout";
L_0x5dcb4f97acf0/d .functor XOR 1, L_0x5dcb4f97ae00, L_0x5dcb4f97aef0, C4<0>, C4<0>;
L_0x5dcb4f97acf0 .delay 1 (2,2,2) L_0x5dcb4f97acf0/d;
L_0x5dcb4f97afe0/d .functor XOR 1, L_0x5dcb4f97b0f0, L_0x5dcb4f97b230, C4<0>, C4<0>;
L_0x5dcb4f97afe0 .delay 1 (2,2,2) L_0x5dcb4f97afe0/d;
L_0x5dcb4f97b370/d .functor XOR 1, L_0x5dcb4f97b480, L_0x5dcb4f97b570, C4<0>, C4<0>;
L_0x5dcb4f97b370 .delay 1 (2,2,2) L_0x5dcb4f97b370/d;
L_0x5dcb4f97b6a0/d .functor XOR 1, L_0x5dcb4f97b7e0, L_0x5dcb4f97b8d0, C4<0>, C4<0>;
L_0x5dcb4f97b6a0 .delay 1 (2,2,2) L_0x5dcb4f97b6a0/d;
L_0x5dcb4f97b9c0/d .functor AND 1, L_0x5dcb4f97ba80, L_0x5dcb4f97bb70, C4<1>, C4<1>;
L_0x5dcb4f97b9c0 .delay 1 (2,2,2) L_0x5dcb4f97b9c0/d;
L_0x5dcb4f97bcc0/d .functor AND 1, L_0x5dcb4f97bdc0, L_0x5dcb4f97beb0, C4<1>, C4<1>;
L_0x5dcb4f97bcc0 .delay 1 (2,2,2) L_0x5dcb4f97bcc0/d;
L_0x5dcb4f97c010/d .functor AND 1, L_0x5dcb4f97c120, L_0x5dcb4f97c210, C4<1>, C4<1>;
L_0x5dcb4f97c010 .delay 1 (2,2,2) L_0x5dcb4f97c010/d;
L_0x5dcb4f97bfa0/d .functor AND 1, L_0x5dcb4f97c4a0, L_0x5dcb4f97c590, C4<1>, C4<1>;
L_0x5dcb4f97bfa0 .delay 1 (2,2,2) L_0x5dcb4f97bfa0/d;
L_0x5dcb4f97c820/d .functor AND 1, L_0x5dcb4f97acf0, L_0x5dcb4f97ede0, C4<1>, C4<1>;
L_0x5dcb4f97c820 .delay 1 (2,2,2) L_0x5dcb4f97c820/d;
L_0x5dcb4f97ca90/d .functor OR 1, L_0x5dcb4f97b9c0, L_0x5dcb4f97c820, C4<0>, C4<0>;
L_0x5dcb4f97ca90 .delay 1 (2,2,2) L_0x5dcb4f97ca90/d;
L_0x5dcb4f97cca0/d .functor AND 1, L_0x5dcb4f97afe0, L_0x5dcb4f97b9c0, C4<1>, C4<1>;
L_0x5dcb4f97cca0 .delay 1 (2,2,2) L_0x5dcb4f97cca0/d;
L_0x5dcb4f97cdb0/d .functor AND 1, L_0x5dcb4f97afe0, L_0x5dcb4f97acf0, L_0x5dcb4f97ede0, C4<1>;
L_0x5dcb4f97cdb0 .delay 1 (2,2,2) L_0x5dcb4f97cdb0/d;
L_0x5dcb4f97cf80/d .functor OR 1, L_0x5dcb4f97bcc0, L_0x5dcb4f97cca0, L_0x5dcb4f97cdb0, C4<0>;
L_0x5dcb4f97cf80 .delay 1 (2,2,2) L_0x5dcb4f97cf80/d;
L_0x5dcb4f97d1b0/d .functor AND 1, L_0x5dcb4f97b370, L_0x5dcb4f97bcc0, C4<1>, C4<1>;
L_0x5dcb4f97d1b0 .delay 1 (2,2,2) L_0x5dcb4f97d1b0/d;
L_0x5dcb4f97cf10/d .functor AND 1, L_0x5dcb4f97b370, L_0x5dcb4f97afe0, L_0x5dcb4f97b9c0, C4<1>;
L_0x5dcb4f97cf10 .delay 1 (2,2,2) L_0x5dcb4f97cf10/d;
L_0x5dcb4f97d3e0/d .functor AND 1, L_0x5dcb4f97b370, L_0x5dcb4f97afe0, L_0x5dcb4f97acf0, L_0x5dcb4f97ede0;
L_0x5dcb4f97d3e0 .delay 1 (2,2,2) L_0x5dcb4f97d3e0/d;
L_0x5dcb4f97d680/d .functor OR 1, L_0x5dcb4f97c010, L_0x5dcb4f97d1b0, L_0x5dcb4f97cf10, L_0x5dcb4f97d3e0;
L_0x5dcb4f97d680 .delay 1 (2,2,2) L_0x5dcb4f97d680/d;
L_0x5dcb4f97d890/d .functor AND 1, L_0x5dcb4f97b6a0, L_0x5dcb4f97c010, C4<1>, C4<1>;
L_0x5dcb4f97d890 .delay 1 (2,2,2) L_0x5dcb4f97d890/d;
L_0x5dcb4f97da90/d .functor AND 1, L_0x5dcb4f97b6a0, L_0x5dcb4f97b370, L_0x5dcb4f97bcc0, C4<1>;
L_0x5dcb4f97da90 .delay 1 (2,2,2) L_0x5dcb4f97da90/d;
L_0x5dcb4f97db50/d .functor AND 1, L_0x5dcb4f97b6a0, L_0x5dcb4f97b370, L_0x5dcb4f97afe0, L_0x5dcb4f97b9c0;
L_0x5dcb4f97db50 .delay 1 (2,2,2) L_0x5dcb4f97db50/d;
L_0x5dcb4f97dd50/0/0 .functor AND 1, L_0x5dcb4f97b6a0, L_0x5dcb4f97b370, L_0x5dcb4f97afe0, L_0x5dcb4f97acf0;
L_0x5dcb4f97dd50/0/4 .functor AND 1, L_0x5dcb4f97ede0, C4<1>, C4<1>, C4<1>;
L_0x5dcb4f97dd50/d .functor AND 1, L_0x5dcb4f97dd50/0/0, L_0x5dcb4f97dd50/0/4, C4<1>, C4<1>;
L_0x5dcb4f97dd50 .delay 1 (2,2,2) L_0x5dcb4f97dd50/d;
L_0x5dcb4f97ded0/0/0 .functor OR 1, L_0x5dcb4f97bfa0, L_0x5dcb4f97d890, L_0x5dcb4f97da90, L_0x5dcb4f97db50;
L_0x5dcb4f97ded0/0/4 .functor OR 1, L_0x5dcb4f97dd50, C4<0>, C4<0>, C4<0>;
L_0x5dcb4f97ded0/d .functor OR 1, L_0x5dcb4f97ded0/0/0, L_0x5dcb4f97ded0/0/4, C4<0>, C4<0>;
L_0x5dcb4f97ded0 .delay 1 (2,2,2) L_0x5dcb4f97ded0/d;
L_0x5dcb4f97e260/d .functor XOR 1, L_0x5dcb4f97acf0, L_0x5dcb4f97ede0, C4<0>, C4<0>;
L_0x5dcb4f97e260 .delay 1 (2,2,2) L_0x5dcb4f97e260/d;
L_0x5dcb4f97e370/d .functor XOR 1, L_0x5dcb4f97afe0, L_0x5dcb4f97ca90, C4<0>, C4<0>;
L_0x5dcb4f97e370 .delay 1 (2,2,2) L_0x5dcb4f97e370/d;
L_0x5dcb4f97e6b0/d .functor XOR 1, L_0x5dcb4f97b370, L_0x5dcb4f97cf80, C4<0>, C4<0>;
L_0x5dcb4f97e6b0 .delay 1 (2,2,2) L_0x5dcb4f97e6b0/d;
L_0x5dcb4f97ea10/d .functor XOR 1, L_0x5dcb4f97b6a0, L_0x5dcb4f97d680, C4<0>, C4<0>;
L_0x5dcb4f97ea10 .delay 1 (2,2,2) L_0x5dcb4f97ea10/d;
v0x5dcb4f8f2e10_0 .net *"_ivl_12", 0 0, L_0x5dcb4f97b480;  1 drivers
v0x5dcb4f8f2f10_0 .net *"_ivl_14", 0 0, L_0x5dcb4f97b570;  1 drivers
v0x5dcb4f8f2ff0_0 .net *"_ivl_17", 0 0, L_0x5dcb4f97b7e0;  1 drivers
v0x5dcb4f8f30b0_0 .net *"_ivl_19", 0 0, L_0x5dcb4f97b8d0;  1 drivers
v0x5dcb4f8f3190_0 .net *"_ivl_2", 0 0, L_0x5dcb4f97ae00;  1 drivers
v0x5dcb4f8f32c0_0 .net *"_ivl_22", 0 0, L_0x5dcb4f97ba80;  1 drivers
v0x5dcb4f8f33a0_0 .net *"_ivl_24", 0 0, L_0x5dcb4f97bb70;  1 drivers
v0x5dcb4f8f3480_0 .net *"_ivl_27", 0 0, L_0x5dcb4f97bdc0;  1 drivers
v0x5dcb4f8f3560_0 .net *"_ivl_29", 0 0, L_0x5dcb4f97beb0;  1 drivers
v0x5dcb4f8f3640_0 .net *"_ivl_32", 0 0, L_0x5dcb4f97c120;  1 drivers
v0x5dcb4f8f3720_0 .net *"_ivl_34", 0 0, L_0x5dcb4f97c210;  1 drivers
v0x5dcb4f8f3800_0 .net *"_ivl_37", 0 0, L_0x5dcb4f97c4a0;  1 drivers
v0x5dcb4f8f38e0_0 .net *"_ivl_39", 0 0, L_0x5dcb4f97c590;  1 drivers
v0x5dcb4f8f39c0_0 .net *"_ivl_4", 0 0, L_0x5dcb4f97aef0;  1 drivers
v0x5dcb4f8f3aa0_0 .net *"_ivl_55", 0 0, L_0x5dcb4f97e260;  1 drivers
v0x5dcb4f8f3b80_0 .net *"_ivl_58", 0 0, L_0x5dcb4f97e370;  1 drivers
v0x5dcb4f8f3c60_0 .net *"_ivl_61", 0 0, L_0x5dcb4f97e6b0;  1 drivers
v0x5dcb4f8f3d40_0 .net *"_ivl_64", 0 0, L_0x5dcb4f97ea10;  1 drivers
v0x5dcb4f8f3e20_0 .net *"_ivl_7", 0 0, L_0x5dcb4f97b0f0;  1 drivers
v0x5dcb4f8f3f00_0 .net *"_ivl_9", 0 0, L_0x5dcb4f97b230;  1 drivers
v0x5dcb4f8f3fe0_0 .net "a", 3 0, L_0x5dcb4f97eca0;  1 drivers
v0x5dcb4f8f40c0_0 .net "b", 3 0, L_0x5dcb4f97ed40;  1 drivers
v0x5dcb4f8f41a0_0 .net "c1", 0 0, L_0x5dcb4f97ca90;  1 drivers
v0x5dcb4f8f4260_0 .net "c1_t1", 0 0, L_0x5dcb4f97c820;  1 drivers
v0x5dcb4f8f4320_0 .net "c2", 0 0, L_0x5dcb4f97cf80;  1 drivers
v0x5dcb4f8f43e0_0 .net "c2_t1", 0 0, L_0x5dcb4f97cca0;  1 drivers
v0x5dcb4f8f44a0_0 .net "c2_t2", 0 0, L_0x5dcb4f97cdb0;  1 drivers
v0x5dcb4f8f4560_0 .net "c3", 0 0, L_0x5dcb4f97d680;  1 drivers
v0x5dcb4f8f4620_0 .net "c3_t1", 0 0, L_0x5dcb4f97d1b0;  1 drivers
v0x5dcb4f8f46e0_0 .net "c3_t2", 0 0, L_0x5dcb4f97cf10;  1 drivers
v0x5dcb4f8f47a0_0 .net "c3_t3", 0 0, L_0x5dcb4f97d3e0;  1 drivers
v0x5dcb4f8f4860_0 .net "c4_t1", 0 0, L_0x5dcb4f97d890;  1 drivers
v0x5dcb4f8f4920_0 .net "c4_t2", 0 0, L_0x5dcb4f97da90;  1 drivers
v0x5dcb4f8f4bf0_0 .net "c4_t3", 0 0, L_0x5dcb4f97db50;  1 drivers
v0x5dcb4f8f4cb0_0 .net "c4_t4", 0 0, L_0x5dcb4f97dd50;  1 drivers
v0x5dcb4f8f4d70_0 .net "cin", 0 0, L_0x5dcb4f97ede0;  1 drivers
v0x5dcb4f8f4e30_0 .net "cout", 0 0, L_0x5dcb4f97ded0;  1 drivers
v0x5dcb4f8f4ef0_0 .net "g0", 0 0, L_0x5dcb4f97b9c0;  1 drivers
v0x5dcb4f8f4fb0_0 .net "g1", 0 0, L_0x5dcb4f97bcc0;  1 drivers
v0x5dcb4f8f5070_0 .net "g2", 0 0, L_0x5dcb4f97c010;  1 drivers
v0x5dcb4f8f5130_0 .net "g3", 0 0, L_0x5dcb4f97bfa0;  1 drivers
v0x5dcb4f8f51f0_0 .net "p0", 0 0, L_0x5dcb4f97acf0;  1 drivers
v0x5dcb4f8f52b0_0 .net "p1", 0 0, L_0x5dcb4f97afe0;  1 drivers
v0x5dcb4f8f5370_0 .net "p2", 0 0, L_0x5dcb4f97b370;  1 drivers
v0x5dcb4f8f5430_0 .net "p3", 0 0, L_0x5dcb4f97b6a0;  1 drivers
v0x5dcb4f8f54f0_0 .net "sum", 3 0, L_0x5dcb4f97d9f0;  1 drivers
L_0x5dcb4f97ae00 .part L_0x5dcb4f97eca0, 0, 1;
L_0x5dcb4f97aef0 .part L_0x5dcb4f97ed40, 0, 1;
L_0x5dcb4f97b0f0 .part L_0x5dcb4f97eca0, 1, 1;
L_0x5dcb4f97b230 .part L_0x5dcb4f97ed40, 1, 1;
L_0x5dcb4f97b480 .part L_0x5dcb4f97eca0, 2, 1;
L_0x5dcb4f97b570 .part L_0x5dcb4f97ed40, 2, 1;
L_0x5dcb4f97b7e0 .part L_0x5dcb4f97eca0, 3, 1;
L_0x5dcb4f97b8d0 .part L_0x5dcb4f97ed40, 3, 1;
L_0x5dcb4f97ba80 .part L_0x5dcb4f97eca0, 0, 1;
L_0x5dcb4f97bb70 .part L_0x5dcb4f97ed40, 0, 1;
L_0x5dcb4f97bdc0 .part L_0x5dcb4f97eca0, 1, 1;
L_0x5dcb4f97beb0 .part L_0x5dcb4f97ed40, 1, 1;
L_0x5dcb4f97c120 .part L_0x5dcb4f97eca0, 2, 1;
L_0x5dcb4f97c210 .part L_0x5dcb4f97ed40, 2, 1;
L_0x5dcb4f97c4a0 .part L_0x5dcb4f97eca0, 3, 1;
L_0x5dcb4f97c590 .part L_0x5dcb4f97ed40, 3, 1;
L_0x5dcb4f97d9f0 .concat8 [ 1 1 1 1], L_0x5dcb4f97e260, L_0x5dcb4f97e370, L_0x5dcb4f97e6b0, L_0x5dcb4f97ea10;
S_0x5dcb4f8f5670 .scope module, "block4" "cla4" 3 28, 4 22 0, S_0x5dcb4f851b20;
 .timescale 0 0;
    .port_info 0 /INPUT 4 "a";
    .port_info 1 /INPUT 4 "b";
    .port_info 2 /INPUT 1 "cin";
    .port_info 3 /OUTPUT 4 "sum";
    .port_info 4 /OUTPUT 1 "cout";
L_0x5dcb4f97ee80/d .functor XOR 1, L_0x5dcb4f97ef40, L_0x5dcb4f97efe0, C4<0>, C4<0>;
L_0x5dcb4f97ee80 .delay 1 (2,2,2) L_0x5dcb4f97ee80/d;
L_0x5dcb4f97f080/d .functor XOR 1, L_0x5dcb4f97f190, L_0x5dcb4f97f2d0, C4<0>, C4<0>;
L_0x5dcb4f97f080 .delay 1 (2,2,2) L_0x5dcb4f97f080/d;
L_0x5dcb4f97f440/d .functor XOR 1, L_0x5dcb4f97f550, L_0x5dcb4f97f640, C4<0>, C4<0>;
L_0x5dcb4f97f440 .delay 1 (2,2,2) L_0x5dcb4f97f440/d;
L_0x5dcb4f97f730/d .functor XOR 1, L_0x5dcb4f97f870, L_0x5dcb4f97f9f0, C4<0>, C4<0>;
L_0x5dcb4f97f730 .delay 1 (2,2,2) L_0x5dcb4f97f730/d;
L_0x5dcb4f97fb70/d .functor AND 1, L_0x5dcb4f97fc30, L_0x5dcb4f97fd20, C4<1>, C4<1>;
L_0x5dcb4f97fb70 .delay 1 (2,2,2) L_0x5dcb4f97fb70/d;
L_0x5dcb4f97fe70/d .functor AND 1, L_0x5dcb4f97ffa0, L_0x5dcb4f980090, C4<1>, C4<1>;
L_0x5dcb4f97fe70 .delay 1 (2,2,2) L_0x5dcb4f97fe70/d;
L_0x5dcb4f9801f0/d .functor AND 1, L_0x5dcb4f980300, L_0x5dcb4f9803f0, C4<1>, C4<1>;
L_0x5dcb4f9801f0 .delay 1 (2,2,2) L_0x5dcb4f9801f0/d;
L_0x5dcb4f980180/d .functor AND 1, L_0x5dcb4f980600, L_0x5dcb4f9806f0, C4<1>, C4<1>;
L_0x5dcb4f980180 .delay 1 (2,2,2) L_0x5dcb4f980180/d;
L_0x5dcb4f980980/d .functor AND 1, L_0x5dcb4f97ee80, L_0x5dcb4f982ed0, C4<1>, C4<1>;
L_0x5dcb4f980980 .delay 1 (2,2,2) L_0x5dcb4f980980/d;
L_0x5dcb4f980bf0/d .functor OR 1, L_0x5dcb4f97fb70, L_0x5dcb4f980980, C4<0>, C4<0>;
L_0x5dcb4f980bf0 .delay 1 (2,2,2) L_0x5dcb4f980bf0/d;
L_0x5dcb4f980da0/d .functor AND 1, L_0x5dcb4f97f080, L_0x5dcb4f97fb70, C4<1>, C4<1>;
L_0x5dcb4f980da0 .delay 1 (2,2,2) L_0x5dcb4f980da0/d;
L_0x5dcb4f980eb0/d .functor AND 1, L_0x5dcb4f97f080, L_0x5dcb4f97ee80, L_0x5dcb4f982ed0, C4<1>;
L_0x5dcb4f980eb0 .delay 1 (2,2,2) L_0x5dcb4f980eb0/d;
L_0x5dcb4f981080/d .functor OR 1, L_0x5dcb4f97fe70, L_0x5dcb4f980da0, L_0x5dcb4f980eb0, C4<0>;
L_0x5dcb4f981080 .delay 1 (2,2,2) L_0x5dcb4f981080/d;
L_0x5dcb4f9812b0/d .functor AND 1, L_0x5dcb4f97f440, L_0x5dcb4f97fe70, C4<1>, C4<1>;
L_0x5dcb4f9812b0 .delay 1 (2,2,2) L_0x5dcb4f9812b0/d;
L_0x5dcb4f981010/d .functor AND 1, L_0x5dcb4f97f440, L_0x5dcb4f97f080, L_0x5dcb4f97fb70, C4<1>;
L_0x5dcb4f981010 .delay 1 (2,2,2) L_0x5dcb4f981010/d;
L_0x5dcb4f981460/d .functor AND 1, L_0x5dcb4f97f440, L_0x5dcb4f97f080, L_0x5dcb4f97ee80, L_0x5dcb4f982ed0;
L_0x5dcb4f981460 .delay 1 (2,2,2) L_0x5dcb4f981460/d;
L_0x5dcb4f981700/d .functor OR 1, L_0x5dcb4f9801f0, L_0x5dcb4f9812b0, L_0x5dcb4f981010, L_0x5dcb4f981460;
L_0x5dcb4f981700 .delay 1 (2,2,2) L_0x5dcb4f981700/d;
L_0x5dcb4f981910/d .functor AND 1, L_0x5dcb4f97f730, L_0x5dcb4f9801f0, C4<1>, C4<1>;
L_0x5dcb4f981910 .delay 1 (2,2,2) L_0x5dcb4f981910/d;
L_0x5dcb4f981b10/d .functor AND 1, L_0x5dcb4f97f730, L_0x5dcb4f97f440, L_0x5dcb4f97fe70, C4<1>;
L_0x5dcb4f981b10 .delay 1 (2,2,2) L_0x5dcb4f981b10/d;
L_0x5dcb4f981bd0/d .functor AND 1, L_0x5dcb4f97f730, L_0x5dcb4f97f440, L_0x5dcb4f97f080, L_0x5dcb4f97fb70;
L_0x5dcb4f981bd0 .delay 1 (2,2,2) L_0x5dcb4f981bd0/d;
L_0x5dcb4f981dd0/0/0 .functor AND 1, L_0x5dcb4f97f730, L_0x5dcb4f97f440, L_0x5dcb4f97f080, L_0x5dcb4f97ee80;
L_0x5dcb4f981dd0/0/4 .functor AND 1, L_0x5dcb4f982ed0, C4<1>, C4<1>, C4<1>;
L_0x5dcb4f981dd0/d .functor AND 1, L_0x5dcb4f981dd0/0/0, L_0x5dcb4f981dd0/0/4, C4<1>, C4<1>;
L_0x5dcb4f981dd0 .delay 1 (2,2,2) L_0x5dcb4f981dd0/d;
L_0x5dcb4f981f50/0/0 .functor OR 1, L_0x5dcb4f980180, L_0x5dcb4f981910, L_0x5dcb4f981b10, L_0x5dcb4f981bd0;
L_0x5dcb4f981f50/0/4 .functor OR 1, L_0x5dcb4f981dd0, C4<0>, C4<0>, C4<0>;
L_0x5dcb4f981f50/d .functor OR 1, L_0x5dcb4f981f50/0/0, L_0x5dcb4f981f50/0/4, C4<0>, C4<0>;
L_0x5dcb4f981f50 .delay 1 (2,2,2) L_0x5dcb4f981f50/d;
L_0x5dcb4f9822e0/d .functor XOR 1, L_0x5dcb4f97ee80, L_0x5dcb4f982ed0, C4<0>, C4<0>;
L_0x5dcb4f9822e0 .delay 1 (2,2,2) L_0x5dcb4f9822e0/d;
L_0x5dcb4f9823f0/d .functor XOR 1, L_0x5dcb4f97f080, L_0x5dcb4f980bf0, C4<0>, C4<0>;
L_0x5dcb4f9823f0 .delay 1 (2,2,2) L_0x5dcb4f9823f0/d;
L_0x5dcb4f982730/d .functor XOR 1, L_0x5dcb4f97f440, L_0x5dcb4f981080, C4<0>, C4<0>;
L_0x5dcb4f982730 .delay 1 (2,2,2) L_0x5dcb4f982730/d;
L_0x5dcb4f982a90/d .functor XOR 1, L_0x5dcb4f97f730, L_0x5dcb4f981700, C4<0>, C4<0>;
L_0x5dcb4f982a90 .delay 1 (2,2,2) L_0x5dcb4f982a90/d;
v0x5dcb4f8f5880_0 .net *"_ivl_12", 0 0, L_0x5dcb4f97f550;  1 drivers
v0x5dcb4f8f5980_0 .net *"_ivl_14", 0 0, L_0x5dcb4f97f640;  1 drivers
v0x5dcb4f8f5a60_0 .net *"_ivl_17", 0 0, L_0x5dcb4f97f870;  1 drivers
v0x5dcb4f8f5b20_0 .net *"_ivl_19", 0 0, L_0x5dcb4f97f9f0;  1 drivers
v0x5dcb4f8f5c00_0 .net *"_ivl_2", 0 0, L_0x5dcb4f97ef40;  1 drivers
v0x5dcb4f8f5d30_0 .net *"_ivl_22", 0 0, L_0x5dcb4f97fc30;  1 drivers
v0x5dcb4f8f5e10_0 .net *"_ivl_24", 0 0, L_0x5dcb4f97fd20;  1 drivers
v0x5dcb4f8f5ef0_0 .net *"_ivl_27", 0 0, L_0x5dcb4f97ffa0;  1 drivers
v0x5dcb4f8f5fd0_0 .net *"_ivl_29", 0 0, L_0x5dcb4f980090;  1 drivers
v0x5dcb4f8f6070_0 .net *"_ivl_32", 0 0, L_0x5dcb4f980300;  1 drivers
v0x5dcb4f8f6150_0 .net *"_ivl_34", 0 0, L_0x5dcb4f9803f0;  1 drivers
v0x5dcb4f8f6230_0 .net *"_ivl_37", 0 0, L_0x5dcb4f980600;  1 drivers
v0x5dcb4f8f6310_0 .net *"_ivl_39", 0 0, L_0x5dcb4f9806f0;  1 drivers
v0x5dcb4f8f63f0_0 .net *"_ivl_4", 0 0, L_0x5dcb4f97efe0;  1 drivers
v0x5dcb4f8f64d0_0 .net *"_ivl_55", 0 0, L_0x5dcb4f9822e0;  1 drivers
v0x5dcb4f8f65b0_0 .net *"_ivl_58", 0 0, L_0x5dcb4f9823f0;  1 drivers
v0x5dcb4f8f6690_0 .net *"_ivl_61", 0 0, L_0x5dcb4f982730;  1 drivers
v0x5dcb4f8f6770_0 .net *"_ivl_64", 0 0, L_0x5dcb4f982a90;  1 drivers
v0x5dcb4f8f6850_0 .net *"_ivl_7", 0 0, L_0x5dcb4f97f190;  1 drivers
v0x5dcb4f8f6930_0 .net *"_ivl_9", 0 0, L_0x5dcb4f97f2d0;  1 drivers
v0x5dcb4f8f6a10_0 .net "a", 3 0, L_0x5dcb4f982d20;  1 drivers
v0x5dcb4f8f6af0_0 .net "b", 3 0, L_0x5dcb4f982e30;  1 drivers
v0x5dcb4f8f6bd0_0 .net "c1", 0 0, L_0x5dcb4f980bf0;  1 drivers
v0x5dcb4f8f6c90_0 .net "c1_t1", 0 0, L_0x5dcb4f980980;  1 drivers
v0x5dcb4f8f6d50_0 .net "c2", 0 0, L_0x5dcb4f981080;  1 drivers
v0x5dcb4f8f6e10_0 .net "c2_t1", 0 0, L_0x5dcb4f980da0;  1 drivers
v0x5dcb4f8f6ed0_0 .net "c2_t2", 0 0, L_0x5dcb4f980eb0;  1 drivers
v0x5dcb4f8f6f90_0 .net "c3", 0 0, L_0x5dcb4f981700;  1 drivers
v0x5dcb4f8f7050_0 .net "c3_t1", 0 0, L_0x5dcb4f9812b0;  1 drivers
v0x5dcb4f8f7110_0 .net "c3_t2", 0 0, L_0x5dcb4f981010;  1 drivers
v0x5dcb4f8f71d0_0 .net "c3_t3", 0 0, L_0x5dcb4f981460;  1 drivers
v0x5dcb4f8f7290_0 .net "c4_t1", 0 0, L_0x5dcb4f981910;  1 drivers
v0x5dcb4f8f7350_0 .net "c4_t2", 0 0, L_0x5dcb4f981b10;  1 drivers
v0x5dcb4f8f7620_0 .net "c4_t3", 0 0, L_0x5dcb4f981bd0;  1 drivers
v0x5dcb4f8f76e0_0 .net "c4_t4", 0 0, L_0x5dcb4f981dd0;  1 drivers
v0x5dcb4f8f77a0_0 .net "cin", 0 0, L_0x5dcb4f982ed0;  1 drivers
v0x5dcb4f8f7860_0 .net "cout", 0 0, L_0x5dcb4f981f50;  1 drivers
v0x5dcb4f8f7920_0 .net "g0", 0 0, L_0x5dcb4f97fb70;  1 drivers
v0x5dcb4f8f79e0_0 .net "g1", 0 0, L_0x5dcb4f97fe70;  1 drivers
v0x5dcb4f8f7aa0_0 .net "g2", 0 0, L_0x5dcb4f9801f0;  1 drivers
v0x5dcb4f8f7b60_0 .net "g3", 0 0, L_0x5dcb4f980180;  1 drivers
v0x5dcb4f8f7c20_0 .net "p0", 0 0, L_0x5dcb4f97ee80;  1 drivers
v0x5dcb4f8f7ce0_0 .net "p1", 0 0, L_0x5dcb4f97f080;  1 drivers
v0x5dcb4f8f7da0_0 .net "p2", 0 0, L_0x5dcb4f97f440;  1 drivers
v0x5dcb4f8f7e60_0 .net "p3", 0 0, L_0x5dcb4f97f730;  1 drivers
v0x5dcb4f8f7f20_0 .net "sum", 3 0, L_0x5dcb4f981a70;  1 drivers
L_0x5dcb4f97ef40 .part L_0x5dcb4f982d20, 0, 1;
L_0x5dcb4f97efe0 .part L_0x5dcb4f982e30, 0, 1;
L_0x5dcb4f97f190 .part L_0x5dcb4f982d20, 1, 1;
L_0x5dcb4f97f2d0 .part L_0x5dcb4f982e30, 1, 1;
L_0x5dcb4f97f550 .part L_0x5dcb4f982d20, 2, 1;
L_0x5dcb4f97f640 .part L_0x5dcb4f982e30, 2, 1;
L_0x5dcb4f97f870 .part L_0x5dcb4f982d20, 3, 1;
L_0x5dcb4f97f9f0 .part L_0x5dcb4f982e30, 3, 1;
L_0x5dcb4f97fc30 .part L_0x5dcb4f982d20, 0, 1;
L_0x5dcb4f97fd20 .part L_0x5dcb4f982e30, 0, 1;
L_0x5dcb4f97ffa0 .part L_0x5dcb4f982d20, 1, 1;
L_0x5dcb4f980090 .part L_0x5dcb4f982e30, 1, 1;
L_0x5dcb4f980300 .part L_0x5dcb4f982d20, 2, 1;
L_0x5dcb4f9803f0 .part L_0x5dcb4f982e30, 2, 1;
L_0x5dcb4f980600 .part L_0x5dcb4f982d20, 3, 1;
L_0x5dcb4f9806f0 .part L_0x5dcb4f982e30, 3, 1;
L_0x5dcb4f981a70 .concat8 [ 1 1 1 1], L_0x5dcb4f9822e0, L_0x5dcb4f9823f0, L_0x5dcb4f982730, L_0x5dcb4f982a90;
S_0x5dcb4f8f80a0 .scope module, "block5" "cla4" 3 29, 4 22 0, S_0x5dcb4f851b20;
 .timescale 0 0;
    .port_info 0 /INPUT 4 "a";
    .port_info 1 /INPUT 4 "b";
    .port_info 2 /INPUT 1 "cin";
    .port_info 3 /OUTPUT 4 "sum";
    .port_info 4 /OUTPUT 1 "cout";
L_0x5dcb4f982dc0/d .functor XOR 1, L_0x5dcb4f982fc0, L_0x5dcb4f9830b0, C4<0>, C4<0>;
L_0x5dcb4f982dc0 .delay 1 (2,2,2) L_0x5dcb4f982dc0/d;
L_0x5dcb4f9831a0/d .functor XOR 1, L_0x5dcb4f9832b0, L_0x5dcb4f9833f0, C4<0>, C4<0>;
L_0x5dcb4f9831a0 .delay 1 (2,2,2) L_0x5dcb4f9831a0/d;
L_0x5dcb4f983560/d .functor XOR 1, L_0x5dcb4f983670, L_0x5dcb4f983760, C4<0>, C4<0>;
L_0x5dcb4f983560 .delay 1 (2,2,2) L_0x5dcb4f983560/d;
L_0x5dcb4f983890/d .functor XOR 1, L_0x5dcb4f9839d0, L_0x5dcb4f983ac0, C4<0>, C4<0>;
L_0x5dcb4f983890 .delay 1 (2,2,2) L_0x5dcb4f983890/d;
L_0x5dcb4f983c40/d .functor AND 1, L_0x5dcb4f983d00, L_0x5dcb4f983df0, C4<1>, C4<1>;
L_0x5dcb4f983c40 .delay 1 (2,2,2) L_0x5dcb4f983c40/d;
L_0x5dcb4f983ee0/d .functor AND 1, L_0x5dcb4f984010, L_0x5dcb4f984100, C4<1>, C4<1>;
L_0x5dcb4f983ee0 .delay 1 (2,2,2) L_0x5dcb4f983ee0/d;
L_0x5dcb4f984260/d .functor AND 1, L_0x5dcb4f984370, L_0x5dcb4f984460, C4<1>, C4<1>;
L_0x5dcb4f984260 .delay 1 (2,2,2) L_0x5dcb4f984260/d;
L_0x5dcb4f9841f0/d .functor AND 1, L_0x5dcb4f9846f0, L_0x5dcb4f9847e0, C4<1>, C4<1>;
L_0x5dcb4f9841f0 .delay 1 (2,2,2) L_0x5dcb4f9841f0/d;
L_0x5dcb4f984a70/d .functor AND 1, L_0x5dcb4f982dc0, L_0x5dcb4f986fe0, C4<1>, C4<1>;
L_0x5dcb4f984a70 .delay 1 (2,2,2) L_0x5dcb4f984a70/d;
L_0x5dcb4f984ce0/d .functor OR 1, L_0x5dcb4f983c40, L_0x5dcb4f984a70, C4<0>, C4<0>;
L_0x5dcb4f984ce0 .delay 1 (2,2,2) L_0x5dcb4f984ce0/d;
L_0x5dcb4f984e90/d .functor AND 1, L_0x5dcb4f9831a0, L_0x5dcb4f983c40, C4<1>, C4<1>;
L_0x5dcb4f984e90 .delay 1 (2,2,2) L_0x5dcb4f984e90/d;
L_0x5dcb4f984fa0/d .functor AND 1, L_0x5dcb4f9831a0, L_0x5dcb4f982dc0, L_0x5dcb4f986fe0, C4<1>;
L_0x5dcb4f984fa0 .delay 1 (2,2,2) L_0x5dcb4f984fa0/d;
L_0x5dcb4f985170/d .functor OR 1, L_0x5dcb4f983ee0, L_0x5dcb4f984e90, L_0x5dcb4f984fa0, C4<0>;
L_0x5dcb4f985170 .delay 1 (2,2,2) L_0x5dcb4f985170/d;
L_0x5dcb4f9853a0/d .functor AND 1, L_0x5dcb4f983560, L_0x5dcb4f983ee0, C4<1>, C4<1>;
L_0x5dcb4f9853a0 .delay 1 (2,2,2) L_0x5dcb4f9853a0/d;
L_0x5dcb4f985100/d .functor AND 1, L_0x5dcb4f983560, L_0x5dcb4f9831a0, L_0x5dcb4f983c40, C4<1>;
L_0x5dcb4f985100 .delay 1 (2,2,2) L_0x5dcb4f985100/d;
L_0x5dcb4f985550/d .functor AND 1, L_0x5dcb4f983560, L_0x5dcb4f9831a0, L_0x5dcb4f982dc0, L_0x5dcb4f986fe0;
L_0x5dcb4f985550 .delay 1 (2,2,2) L_0x5dcb4f985550/d;
L_0x5dcb4f9857f0/d .functor OR 1, L_0x5dcb4f984260, L_0x5dcb4f9853a0, L_0x5dcb4f985100, L_0x5dcb4f985550;
L_0x5dcb4f9857f0 .delay 1 (2,2,2) L_0x5dcb4f9857f0/d;
L_0x5dcb4f985a00/d .functor AND 1, L_0x5dcb4f983890, L_0x5dcb4f984260, C4<1>, C4<1>;
L_0x5dcb4f985a00 .delay 1 (2,2,2) L_0x5dcb4f985a00/d;
L_0x5dcb4f985c00/d .functor AND 1, L_0x5dcb4f983890, L_0x5dcb4f983560, L_0x5dcb4f983ee0, C4<1>;
L_0x5dcb4f985c00 .delay 1 (2,2,2) L_0x5dcb4f985c00/d;
L_0x5dcb4f985cc0/d .functor AND 1, L_0x5dcb4f983890, L_0x5dcb4f983560, L_0x5dcb4f9831a0, L_0x5dcb4f983c40;
L_0x5dcb4f985cc0 .delay 1 (2,2,2) L_0x5dcb4f985cc0/d;
L_0x5dcb4f985ec0/0/0 .functor AND 1, L_0x5dcb4f983890, L_0x5dcb4f983560, L_0x5dcb4f9831a0, L_0x5dcb4f982dc0;
L_0x5dcb4f985ec0/0/4 .functor AND 1, L_0x5dcb4f986fe0, C4<1>, C4<1>, C4<1>;
L_0x5dcb4f985ec0/d .functor AND 1, L_0x5dcb4f985ec0/0/0, L_0x5dcb4f985ec0/0/4, C4<1>, C4<1>;
L_0x5dcb4f985ec0 .delay 1 (2,2,2) L_0x5dcb4f985ec0/d;
L_0x5dcb4f986040/0/0 .functor OR 1, L_0x5dcb4f9841f0, L_0x5dcb4f985a00, L_0x5dcb4f985c00, L_0x5dcb4f985cc0;
L_0x5dcb4f986040/0/4 .functor OR 1, L_0x5dcb4f985ec0, C4<0>, C4<0>, C4<0>;
L_0x5dcb4f986040/d .functor OR 1, L_0x5dcb4f986040/0/0, L_0x5dcb4f986040/0/4, C4<0>, C4<0>;
L_0x5dcb4f986040 .delay 1 (2,2,2) L_0x5dcb4f986040/d;
L_0x5dcb4f9863d0/d .functor XOR 1, L_0x5dcb4f982dc0, L_0x5dcb4f986fe0, C4<0>, C4<0>;
L_0x5dcb4f9863d0 .delay 1 (2,2,2) L_0x5dcb4f9863d0/d;
L_0x5dcb4f9864e0/d .functor XOR 1, L_0x5dcb4f9831a0, L_0x5dcb4f984ce0, C4<0>, C4<0>;
L_0x5dcb4f9864e0 .delay 1 (2,2,2) L_0x5dcb4f9864e0/d;
L_0x5dcb4f986820/d .functor XOR 1, L_0x5dcb4f983560, L_0x5dcb4f985170, C4<0>, C4<0>;
L_0x5dcb4f986820 .delay 1 (2,2,2) L_0x5dcb4f986820/d;
L_0x5dcb4f986b80/d .functor XOR 1, L_0x5dcb4f983890, L_0x5dcb4f9857f0, C4<0>, C4<0>;
L_0x5dcb4f986b80 .delay 1 (2,2,2) L_0x5dcb4f986b80/d;
v0x5dcb4f8f82b0_0 .net *"_ivl_12", 0 0, L_0x5dcb4f983670;  1 drivers
v0x5dcb4f8f83b0_0 .net *"_ivl_14", 0 0, L_0x5dcb4f983760;  1 drivers
v0x5dcb4f8f8490_0 .net *"_ivl_17", 0 0, L_0x5dcb4f9839d0;  1 drivers
v0x5dcb4f8f8550_0 .net *"_ivl_19", 0 0, L_0x5dcb4f983ac0;  1 drivers
v0x5dcb4f8f8630_0 .net *"_ivl_2", 0 0, L_0x5dcb4f982fc0;  1 drivers
v0x5dcb4f8f8760_0 .net *"_ivl_22", 0 0, L_0x5dcb4f983d00;  1 drivers
v0x5dcb4f8f8840_0 .net *"_ivl_24", 0 0, L_0x5dcb4f983df0;  1 drivers
v0x5dcb4f8f8920_0 .net *"_ivl_27", 0 0, L_0x5dcb4f984010;  1 drivers
v0x5dcb4f8f8a00_0 .net *"_ivl_29", 0 0, L_0x5dcb4f984100;  1 drivers
v0x5dcb4f8f8ae0_0 .net *"_ivl_32", 0 0, L_0x5dcb4f984370;  1 drivers
v0x5dcb4f8f8bc0_0 .net *"_ivl_34", 0 0, L_0x5dcb4f984460;  1 drivers
v0x5dcb4f8f8ca0_0 .net *"_ivl_37", 0 0, L_0x5dcb4f9846f0;  1 drivers
v0x5dcb4f8f8d80_0 .net *"_ivl_39", 0 0, L_0x5dcb4f9847e0;  1 drivers
v0x5dcb4f8f8e60_0 .net *"_ivl_4", 0 0, L_0x5dcb4f9830b0;  1 drivers
v0x5dcb4f8f8f40_0 .net *"_ivl_55", 0 0, L_0x5dcb4f9863d0;  1 drivers
v0x5dcb4f8f9020_0 .net *"_ivl_58", 0 0, L_0x5dcb4f9864e0;  1 drivers
v0x5dcb4f8f9100_0 .net *"_ivl_61", 0 0, L_0x5dcb4f986820;  1 drivers
v0x5dcb4f8f91e0_0 .net *"_ivl_64", 0 0, L_0x5dcb4f986b80;  1 drivers
v0x5dcb4f8f92c0_0 .net *"_ivl_7", 0 0, L_0x5dcb4f9832b0;  1 drivers
v0x5dcb4f8f93a0_0 .net *"_ivl_9", 0 0, L_0x5dcb4f9833f0;  1 drivers
v0x5dcb4f8f9480_0 .net "a", 3 0, L_0x5dcb4f986e10;  1 drivers
v0x5dcb4f8f9560_0 .net "b", 3 0, L_0x5dcb4f986eb0;  1 drivers
v0x5dcb4f8f9640_0 .net "c1", 0 0, L_0x5dcb4f984ce0;  1 drivers
v0x5dcb4f8f9700_0 .net "c1_t1", 0 0, L_0x5dcb4f984a70;  1 drivers
v0x5dcb4f8f97c0_0 .net "c2", 0 0, L_0x5dcb4f985170;  1 drivers
v0x5dcb4f8f9880_0 .net "c2_t1", 0 0, L_0x5dcb4f984e90;  1 drivers
v0x5dcb4f8f9940_0 .net "c2_t2", 0 0, L_0x5dcb4f984fa0;  1 drivers
v0x5dcb4f8f9a00_0 .net "c3", 0 0, L_0x5dcb4f9857f0;  1 drivers
v0x5dcb4f8f9ac0_0 .net "c3_t1", 0 0, L_0x5dcb4f9853a0;  1 drivers
v0x5dcb4f8f9b80_0 .net "c3_t2", 0 0, L_0x5dcb4f985100;  1 drivers
v0x5dcb4f8f9c40_0 .net "c3_t3", 0 0, L_0x5dcb4f985550;  1 drivers
v0x5dcb4f8f9d00_0 .net "c4_t1", 0 0, L_0x5dcb4f985a00;  1 drivers
v0x5dcb4f8f9dc0_0 .net "c4_t2", 0 0, L_0x5dcb4f985c00;  1 drivers
v0x5dcb4f8fa090_0 .net "c4_t3", 0 0, L_0x5dcb4f985cc0;  1 drivers
v0x5dcb4f8fa150_0 .net "c4_t4", 0 0, L_0x5dcb4f985ec0;  1 drivers
v0x5dcb4f8fa210_0 .net "cin", 0 0, L_0x5dcb4f986fe0;  1 drivers
v0x5dcb4f8fa2d0_0 .net "cout", 0 0, L_0x5dcb4f986040;  1 drivers
v0x5dcb4f8fa390_0 .net "g0", 0 0, L_0x5dcb4f983c40;  1 drivers
v0x5dcb4f8fa450_0 .net "g1", 0 0, L_0x5dcb4f983ee0;  1 drivers
v0x5dcb4f8fa510_0 .net "g2", 0 0, L_0x5dcb4f984260;  1 drivers
v0x5dcb4f8fa5d0_0 .net "g3", 0 0, L_0x5dcb4f9841f0;  1 drivers
v0x5dcb4f8fa690_0 .net "p0", 0 0, L_0x5dcb4f982dc0;  1 drivers
v0x5dcb4f8fa750_0 .net "p1", 0 0, L_0x5dcb4f9831a0;  1 drivers
v0x5dcb4f8fa810_0 .net "p2", 0 0, L_0x5dcb4f983560;  1 drivers
v0x5dcb4f8fa8d0_0 .net "p3", 0 0, L_0x5dcb4f983890;  1 drivers
v0x5dcb4f8fa990_0 .net "sum", 3 0, L_0x5dcb4f985b60;  1 drivers
L_0x5dcb4f982fc0 .part L_0x5dcb4f986e10, 0, 1;
L_0x5dcb4f9830b0 .part L_0x5dcb4f986eb0, 0, 1;
L_0x5dcb4f9832b0 .part L_0x5dcb4f986e10, 1, 1;
L_0x5dcb4f9833f0 .part L_0x5dcb4f986eb0, 1, 1;
L_0x5dcb4f983670 .part L_0x5dcb4f986e10, 2, 1;
L_0x5dcb4f983760 .part L_0x5dcb4f986eb0, 2, 1;
L_0x5dcb4f9839d0 .part L_0x5dcb4f986e10, 3, 1;
L_0x5dcb4f983ac0 .part L_0x5dcb4f986eb0, 3, 1;
L_0x5dcb4f983d00 .part L_0x5dcb4f986e10, 0, 1;
L_0x5dcb4f983df0 .part L_0x5dcb4f986eb0, 0, 1;
L_0x5dcb4f984010 .part L_0x5dcb4f986e10, 1, 1;
L_0x5dcb4f984100 .part L_0x5dcb4f986eb0, 1, 1;
L_0x5dcb4f984370 .part L_0x5dcb4f986e10, 2, 1;
L_0x5dcb4f984460 .part L_0x5dcb4f986eb0, 2, 1;
L_0x5dcb4f9846f0 .part L_0x5dcb4f986e10, 3, 1;
L_0x5dcb4f9847e0 .part L_0x5dcb4f986eb0, 3, 1;
L_0x5dcb4f985b60 .concat8 [ 1 1 1 1], L_0x5dcb4f9863d0, L_0x5dcb4f9864e0, L_0x5dcb4f986820, L_0x5dcb4f986b80;
S_0x5dcb4f8fab10 .scope module, "block6" "cla4" 3 30, 4 22 0, S_0x5dcb4f851b20;
 .timescale 0 0;
    .port_info 0 /INPUT 4 "a";
    .port_info 1 /INPUT 4 "b";
    .port_info 2 /INPUT 1 "cin";
    .port_info 3 /OUTPUT 4 "sum";
    .port_info 4 /OUTPUT 1 "cout";
L_0x5dcb4f987080/d .functor XOR 1, L_0x5dcb4f987190, L_0x5dcb4f987280, C4<0>, C4<0>;
L_0x5dcb4f987080 .delay 1 (2,2,2) L_0x5dcb4f987080/d;
L_0x5dcb4f987370/d .functor XOR 1, L_0x5dcb4f987480, L_0x5dcb4f9875c0, C4<0>, C4<0>;
L_0x5dcb4f987370 .delay 1 (2,2,2) L_0x5dcb4f987370/d;
L_0x5dcb4f987730/d .functor XOR 1, L_0x5dcb4f987840, L_0x5dcb4f987930, C4<0>, C4<0>;
L_0x5dcb4f987730 .delay 1 (2,2,2) L_0x5dcb4f987730/d;
L_0x5dcb4f987a60/d .functor XOR 1, L_0x5dcb4f987ba0, L_0x5dcb4f987c90, C4<0>, C4<0>;
L_0x5dcb4f987a60 .delay 1 (2,2,2) L_0x5dcb4f987a60/d;
L_0x5dcb4f987d80/d .functor AND 1, L_0x5dcb4f987e40, L_0x5dcb4f987f30, C4<1>, C4<1>;
L_0x5dcb4f987d80 .delay 1 (2,2,2) L_0x5dcb4f987d80/d;
L_0x5dcb4f988020/d .functor AND 1, L_0x5dcb4f988150, L_0x5dcb4f988240, C4<1>, C4<1>;
L_0x5dcb4f988020 .delay 1 (2,2,2) L_0x5dcb4f988020/d;
L_0x5dcb4f9883a0/d .functor AND 1, L_0x5dcb4f9884b0, L_0x5dcb4f9885a0, C4<1>, C4<1>;
L_0x5dcb4f9883a0 .delay 1 (2,2,2) L_0x5dcb4f9883a0/d;
L_0x5dcb4f988330/d .functor AND 1, L_0x5dcb4f9887b0, L_0x5dcb4f9888a0, C4<1>, C4<1>;
L_0x5dcb4f988330 .delay 1 (2,2,2) L_0x5dcb4f988330/d;
L_0x5dcb4f988b30/d .functor AND 1, L_0x5dcb4f987080, L_0x5dcb4f98b010, C4<1>, C4<1>;
L_0x5dcb4f988b30 .delay 1 (2,2,2) L_0x5dcb4f988b30/d;
L_0x5dcb4f988da0/d .functor OR 1, L_0x5dcb4f987d80, L_0x5dcb4f988b30, C4<0>, C4<0>;
L_0x5dcb4f988da0 .delay 1 (2,2,2) L_0x5dcb4f988da0/d;
L_0x5dcb4f988f50/d .functor AND 1, L_0x5dcb4f987370, L_0x5dcb4f987d80, C4<1>, C4<1>;
L_0x5dcb4f988f50 .delay 1 (2,2,2) L_0x5dcb4f988f50/d;
L_0x5dcb4f989060/d .functor AND 1, L_0x5dcb4f987370, L_0x5dcb4f987080, L_0x5dcb4f98b010, C4<1>;
L_0x5dcb4f989060 .delay 1 (2,2,2) L_0x5dcb4f989060/d;
L_0x5dcb4f989230/d .functor OR 1, L_0x5dcb4f988020, L_0x5dcb4f988f50, L_0x5dcb4f989060, C4<0>;
L_0x5dcb4f989230 .delay 1 (2,2,2) L_0x5dcb4f989230/d;
L_0x5dcb4f989460/d .functor AND 1, L_0x5dcb4f987730, L_0x5dcb4f988020, C4<1>, C4<1>;
L_0x5dcb4f989460 .delay 1 (2,2,2) L_0x5dcb4f989460/d;
L_0x5dcb4f9891c0/d .functor AND 1, L_0x5dcb4f987730, L_0x5dcb4f987370, L_0x5dcb4f987d80, C4<1>;
L_0x5dcb4f9891c0 .delay 1 (2,2,2) L_0x5dcb4f9891c0/d;
L_0x5dcb4f989610/d .functor AND 1, L_0x5dcb4f987730, L_0x5dcb4f987370, L_0x5dcb4f987080, L_0x5dcb4f98b010;
L_0x5dcb4f989610 .delay 1 (2,2,2) L_0x5dcb4f989610/d;
L_0x5dcb4f9898b0/d .functor OR 1, L_0x5dcb4f9883a0, L_0x5dcb4f989460, L_0x5dcb4f9891c0, L_0x5dcb4f989610;
L_0x5dcb4f9898b0 .delay 1 (2,2,2) L_0x5dcb4f9898b0/d;
L_0x5dcb4f989ac0/d .functor AND 1, L_0x5dcb4f987a60, L_0x5dcb4f9883a0, C4<1>, C4<1>;
L_0x5dcb4f989ac0 .delay 1 (2,2,2) L_0x5dcb4f989ac0/d;
L_0x5dcb4f989cc0/d .functor AND 1, L_0x5dcb4f987a60, L_0x5dcb4f987730, L_0x5dcb4f988020, C4<1>;
L_0x5dcb4f989cc0 .delay 1 (2,2,2) L_0x5dcb4f989cc0/d;
L_0x5dcb4f989d80/d .functor AND 1, L_0x5dcb4f987a60, L_0x5dcb4f987730, L_0x5dcb4f987370, L_0x5dcb4f987d80;
L_0x5dcb4f989d80 .delay 1 (2,2,2) L_0x5dcb4f989d80/d;
L_0x5dcb4f989f80/0/0 .functor AND 1, L_0x5dcb4f987a60, L_0x5dcb4f987730, L_0x5dcb4f987370, L_0x5dcb4f987080;
L_0x5dcb4f989f80/0/4 .functor AND 1, L_0x5dcb4f98b010, C4<1>, C4<1>, C4<1>;
L_0x5dcb4f989f80/d .functor AND 1, L_0x5dcb4f989f80/0/0, L_0x5dcb4f989f80/0/4, C4<1>, C4<1>;
L_0x5dcb4f989f80 .delay 1 (2,2,2) L_0x5dcb4f989f80/d;
L_0x5dcb4f98a100/0/0 .functor OR 1, L_0x5dcb4f988330, L_0x5dcb4f989ac0, L_0x5dcb4f989cc0, L_0x5dcb4f989d80;
L_0x5dcb4f98a100/0/4 .functor OR 1, L_0x5dcb4f989f80, C4<0>, C4<0>, C4<0>;
L_0x5dcb4f98a100/d .functor OR 1, L_0x5dcb4f98a100/0/0, L_0x5dcb4f98a100/0/4, C4<0>, C4<0>;
L_0x5dcb4f98a100 .delay 1 (2,2,2) L_0x5dcb4f98a100/d;
L_0x5dcb4f98a490/d .functor XOR 1, L_0x5dcb4f987080, L_0x5dcb4f98b010, C4<0>, C4<0>;
L_0x5dcb4f98a490 .delay 1 (2,2,2) L_0x5dcb4f98a490/d;
L_0x5dcb4f98a5a0/d .functor XOR 1, L_0x5dcb4f987370, L_0x5dcb4f988da0, C4<0>, C4<0>;
L_0x5dcb4f98a5a0 .delay 1 (2,2,2) L_0x5dcb4f98a5a0/d;
L_0x5dcb4f98a8e0/d .functor XOR 1, L_0x5dcb4f987730, L_0x5dcb4f989230, C4<0>, C4<0>;
L_0x5dcb4f98a8e0 .delay 1 (2,2,2) L_0x5dcb4f98a8e0/d;
L_0x5dcb4f98ac40/d .functor XOR 1, L_0x5dcb4f987a60, L_0x5dcb4f9898b0, C4<0>, C4<0>;
L_0x5dcb4f98ac40 .delay 1 (2,2,2) L_0x5dcb4f98ac40/d;
v0x5dcb4f8fad20_0 .net *"_ivl_12", 0 0, L_0x5dcb4f987840;  1 drivers
v0x5dcb4f8fae20_0 .net *"_ivl_14", 0 0, L_0x5dcb4f987930;  1 drivers
v0x5dcb4f8faf00_0 .net *"_ivl_17", 0 0, L_0x5dcb4f987ba0;  1 drivers
v0x5dcb4f8faff0_0 .net *"_ivl_19", 0 0, L_0x5dcb4f987c90;  1 drivers
v0x5dcb4f8fb0d0_0 .net *"_ivl_2", 0 0, L_0x5dcb4f987190;  1 drivers
v0x5dcb4f8fb200_0 .net *"_ivl_22", 0 0, L_0x5dcb4f987e40;  1 drivers
v0x5dcb4f8fb2e0_0 .net *"_ivl_24", 0 0, L_0x5dcb4f987f30;  1 drivers
v0x5dcb4f8fb3c0_0 .net *"_ivl_27", 0 0, L_0x5dcb4f988150;  1 drivers
v0x5dcb4f8fb4a0_0 .net *"_ivl_29", 0 0, L_0x5dcb4f988240;  1 drivers
v0x5dcb4f8fb580_0 .net *"_ivl_32", 0 0, L_0x5dcb4f9884b0;  1 drivers
v0x5dcb4f8fb660_0 .net *"_ivl_34", 0 0, L_0x5dcb4f9885a0;  1 drivers
v0x5dcb4f8fb740_0 .net *"_ivl_37", 0 0, L_0x5dcb4f9887b0;  1 drivers
v0x5dcb4f8fb820_0 .net *"_ivl_39", 0 0, L_0x5dcb4f9888a0;  1 drivers
v0x5dcb4f8fb900_0 .net *"_ivl_4", 0 0, L_0x5dcb4f987280;  1 drivers
v0x5dcb4f8fb9e0_0 .net *"_ivl_55", 0 0, L_0x5dcb4f98a490;  1 drivers
v0x5dcb4f8fbac0_0 .net *"_ivl_58", 0 0, L_0x5dcb4f98a5a0;  1 drivers
v0x5dcb4f8fbba0_0 .net *"_ivl_61", 0 0, L_0x5dcb4f98a8e0;  1 drivers
v0x5dcb4f8fbc80_0 .net *"_ivl_64", 0 0, L_0x5dcb4f98ac40;  1 drivers
v0x5dcb4f8fbd60_0 .net *"_ivl_7", 0 0, L_0x5dcb4f987480;  1 drivers
v0x5dcb4f8fbe40_0 .net *"_ivl_9", 0 0, L_0x5dcb4f9875c0;  1 drivers
v0x5dcb4f8fbf20_0 .net "a", 3 0, L_0x5dcb4f98a810;  1 drivers
v0x5dcb4f8fc000_0 .net "b", 3 0, L_0x5dcb4f98af70;  1 drivers
v0x5dcb4f8fc0e0_0 .net "c1", 0 0, L_0x5dcb4f988da0;  1 drivers
v0x5dcb4f8fc1a0_0 .net "c1_t1", 0 0, L_0x5dcb4f988b30;  1 drivers
v0x5dcb4f8fc260_0 .net "c2", 0 0, L_0x5dcb4f989230;  1 drivers
v0x5dcb4f8fc320_0 .net "c2_t1", 0 0, L_0x5dcb4f988f50;  1 drivers
v0x5dcb4f8fc3e0_0 .net "c2_t2", 0 0, L_0x5dcb4f989060;  1 drivers
v0x5dcb4f8fc4a0_0 .net "c3", 0 0, L_0x5dcb4f9898b0;  1 drivers
v0x5dcb4f8fc560_0 .net "c3_t1", 0 0, L_0x5dcb4f989460;  1 drivers
v0x5dcb4f8fc620_0 .net "c3_t2", 0 0, L_0x5dcb4f9891c0;  1 drivers
v0x5dcb4f8fc6e0_0 .net "c3_t3", 0 0, L_0x5dcb4f989610;  1 drivers
v0x5dcb4f8fc7a0_0 .net "c4_t1", 0 0, L_0x5dcb4f989ac0;  1 drivers
v0x5dcb4f8fc860_0 .net "c4_t2", 0 0, L_0x5dcb4f989cc0;  1 drivers
v0x5dcb4f8fcb30_0 .net "c4_t3", 0 0, L_0x5dcb4f989d80;  1 drivers
v0x5dcb4f8fcbf0_0 .net "c4_t4", 0 0, L_0x5dcb4f989f80;  1 drivers
v0x5dcb4f8fccb0_0 .net "cin", 0 0, L_0x5dcb4f98b010;  1 drivers
v0x5dcb4f8fcd70_0 .net "cout", 0 0, L_0x5dcb4f98a100;  1 drivers
v0x5dcb4f8fce30_0 .net "g0", 0 0, L_0x5dcb4f987d80;  1 drivers
v0x5dcb4f8fcef0_0 .net "g1", 0 0, L_0x5dcb4f988020;  1 drivers
v0x5dcb4f8fcfb0_0 .net "g2", 0 0, L_0x5dcb4f9883a0;  1 drivers
v0x5dcb4f8fd070_0 .net "g3", 0 0, L_0x5dcb4f988330;  1 drivers
v0x5dcb4f8fd130_0 .net "p0", 0 0, L_0x5dcb4f987080;  1 drivers
v0x5dcb4f8fd1f0_0 .net "p1", 0 0, L_0x5dcb4f987370;  1 drivers
v0x5dcb4f8fd2b0_0 .net "p2", 0 0, L_0x5dcb4f987730;  1 drivers
v0x5dcb4f8fd370_0 .net "p3", 0 0, L_0x5dcb4f987a60;  1 drivers
v0x5dcb4f8fd430_0 .net "sum", 3 0, L_0x5dcb4f989c20;  1 drivers
L_0x5dcb4f987190 .part L_0x5dcb4f98a810, 0, 1;
L_0x5dcb4f987280 .part L_0x5dcb4f98af70, 0, 1;
L_0x5dcb4f987480 .part L_0x5dcb4f98a810, 1, 1;
L_0x5dcb4f9875c0 .part L_0x5dcb4f98af70, 1, 1;
L_0x5dcb4f987840 .part L_0x5dcb4f98a810, 2, 1;
L_0x5dcb4f987930 .part L_0x5dcb4f98af70, 2, 1;
L_0x5dcb4f987ba0 .part L_0x5dcb4f98a810, 3, 1;
L_0x5dcb4f987c90 .part L_0x5dcb4f98af70, 3, 1;
L_0x5dcb4f987e40 .part L_0x5dcb4f98a810, 0, 1;
L_0x5dcb4f987f30 .part L_0x5dcb4f98af70, 0, 1;
L_0x5dcb4f988150 .part L_0x5dcb4f98a810, 1, 1;
L_0x5dcb4f988240 .part L_0x5dcb4f98af70, 1, 1;
L_0x5dcb4f9884b0 .part L_0x5dcb4f98a810, 2, 1;
L_0x5dcb4f9885a0 .part L_0x5dcb4f98af70, 2, 1;
L_0x5dcb4f9887b0 .part L_0x5dcb4f98a810, 3, 1;
L_0x5dcb4f9888a0 .part L_0x5dcb4f98af70, 3, 1;
L_0x5dcb4f989c20 .concat8 [ 1 1 1 1], L_0x5dcb4f98a490, L_0x5dcb4f98a5a0, L_0x5dcb4f98a8e0, L_0x5dcb4f98ac40;
S_0x5dcb4f8fd5b0 .scope module, "block7" "cla4" 3 31, 4 22 0, S_0x5dcb4f851b20;
 .timescale 0 0;
    .port_info 0 /INPUT 4 "a";
    .port_info 1 /INPUT 4 "b";
    .port_info 2 /INPUT 1 "cin";
    .port_info 3 /OUTPUT 4 "sum";
    .port_info 4 /OUTPUT 1 "cout";
L_0x5dcb4f98b160/d .functor XOR 1, L_0x5dcb4f98aed0, L_0x5dcb4f98b2c0, C4<0>, C4<0>;
L_0x5dcb4f98b160 .delay 1 (2,2,2) L_0x5dcb4f98b160/d;
L_0x5dcb4f98b3b0/d .functor XOR 1, L_0x5dcb4f98b4c0, L_0x5dcb4f98b600, C4<0>, C4<0>;
L_0x5dcb4f98b3b0 .delay 1 (2,2,2) L_0x5dcb4f98b3b0/d;
L_0x5dcb4f98b740/d .functor XOR 1, L_0x5dcb4f98b850, L_0x5dcb4f98b940, C4<0>, C4<0>;
L_0x5dcb4f98b740 .delay 1 (2,2,2) L_0x5dcb4f98b740/d;
L_0x5dcb4f98ba70/d .functor XOR 1, L_0x5dcb4f98bbb0, L_0x5dcb4f98bca0, C4<0>, C4<0>;
L_0x5dcb4f98ba70 .delay 1 (2,2,2) L_0x5dcb4f98ba70/d;
L_0x5dcb4f98bd90/d .functor AND 1, L_0x5dcb4f98be50, L_0x5dcb4f98bf40, C4<1>, C4<1>;
L_0x5dcb4f98bd90 .delay 1 (2,2,2) L_0x5dcb4f98bd90/d;
L_0x5dcb4f98c030/d .functor AND 1, L_0x5dcb4f98c160, L_0x5dcb4f98c250, C4<1>, C4<1>;
L_0x5dcb4f98c030 .delay 1 (2,2,2) L_0x5dcb4f98c030/d;
L_0x5dcb4f98c3b0/d .functor AND 1, L_0x5dcb4f98c4c0, L_0x5dcb4f98c5b0, C4<1>, C4<1>;
L_0x5dcb4f98c3b0 .delay 1 (2,2,2) L_0x5dcb4f98c3b0/d;
L_0x5dcb4f98c340/d .functor AND 1, L_0x5dcb4f98c7c0, L_0x5dcb4f98c8b0, C4<1>, C4<1>;
L_0x5dcb4f98c340 .delay 1 (2,2,2) L_0x5dcb4f98c340/d;
L_0x5dcb4f98cb40/d .functor AND 1, L_0x5dcb4f98b160, L_0x5dcb4f98b0b0, C4<1>, C4<1>;
L_0x5dcb4f98cb40 .delay 1 (2,2,2) L_0x5dcb4f98cb40/d;
L_0x5dcb4f98cdb0/d .functor OR 1, L_0x5dcb4f98bd90, L_0x5dcb4f98cb40, C4<0>, C4<0>;
L_0x5dcb4f98cdb0 .delay 1 (2,2,2) L_0x5dcb4f98cdb0/d;
L_0x5dcb4f98cf60/d .functor AND 1, L_0x5dcb4f98b3b0, L_0x5dcb4f98bd90, C4<1>, C4<1>;
L_0x5dcb4f98cf60 .delay 1 (2,2,2) L_0x5dcb4f98cf60/d;
L_0x5dcb4f98d070/d .functor AND 1, L_0x5dcb4f98b3b0, L_0x5dcb4f98b160, L_0x5dcb4f98b0b0, C4<1>;
L_0x5dcb4f98d070 .delay 1 (2,2,2) L_0x5dcb4f98d070/d;
L_0x5dcb4f98d240/d .functor OR 1, L_0x5dcb4f98c030, L_0x5dcb4f98cf60, L_0x5dcb4f98d070, C4<0>;
L_0x5dcb4f98d240 .delay 1 (2,2,2) L_0x5dcb4f98d240/d;
L_0x5dcb4f98d470/d .functor AND 1, L_0x5dcb4f98b740, L_0x5dcb4f98c030, C4<1>, C4<1>;
L_0x5dcb4f98d470 .delay 1 (2,2,2) L_0x5dcb4f98d470/d;
L_0x5dcb4f98d1d0/d .functor AND 1, L_0x5dcb4f98b740, L_0x5dcb4f98b3b0, L_0x5dcb4f98bd90, C4<1>;
L_0x5dcb4f98d1d0 .delay 1 (2,2,2) L_0x5dcb4f98d1d0/d;
L_0x5dcb4f98d620/d .functor AND 1, L_0x5dcb4f98b740, L_0x5dcb4f98b3b0, L_0x5dcb4f98b160, L_0x5dcb4f98b0b0;
L_0x5dcb4f98d620 .delay 1 (2,2,2) L_0x5dcb4f98d620/d;
L_0x5dcb4f98d830/d .functor OR 1, L_0x5dcb4f98c3b0, L_0x5dcb4f98d470, L_0x5dcb4f98d1d0, L_0x5dcb4f98d620;
L_0x5dcb4f98d830 .delay 1 (2,2,2) L_0x5dcb4f98d830/d;
L_0x5dcb4f98da40/d .functor AND 1, L_0x5dcb4f98ba70, L_0x5dcb4f98c3b0, C4<1>, C4<1>;
L_0x5dcb4f98da40 .delay 1 (2,2,2) L_0x5dcb4f98da40/d;
L_0x5dcb4f98dc40/d .functor AND 1, L_0x5dcb4f98ba70, L_0x5dcb4f98b740, L_0x5dcb4f98c030, C4<1>;
L_0x5dcb4f98dc40 .delay 1 (2,2,2) L_0x5dcb4f98dc40/d;
L_0x5dcb4f98dd00/d .functor AND 1, L_0x5dcb4f98ba70, L_0x5dcb4f98b740, L_0x5dcb4f98b3b0, L_0x5dcb4f98bd90;
L_0x5dcb4f98dd00 .delay 1 (2,2,2) L_0x5dcb4f98dd00/d;
L_0x5dcb4f98df00/0/0 .functor AND 1, L_0x5dcb4f98ba70, L_0x5dcb4f98b740, L_0x5dcb4f98b3b0, L_0x5dcb4f98b160;
L_0x5dcb4f98df00/0/4 .functor AND 1, L_0x5dcb4f98b0b0, C4<1>, C4<1>, C4<1>;
L_0x5dcb4f98df00/d .functor AND 1, L_0x5dcb4f98df00/0/0, L_0x5dcb4f98df00/0/4, C4<1>, C4<1>;
L_0x5dcb4f98df00 .delay 1 (2,2,2) L_0x5dcb4f98df00/d;
L_0x5dcb4f98e080/0/0 .functor OR 1, L_0x5dcb4f98c340, L_0x5dcb4f98da40, L_0x5dcb4f98dc40, L_0x5dcb4f98dd00;
L_0x5dcb4f98e080/0/4 .functor OR 1, L_0x5dcb4f98df00, C4<0>, C4<0>, C4<0>;
L_0x5dcb4f98e080/d .functor OR 1, L_0x5dcb4f98e080/0/0, L_0x5dcb4f98e080/0/4, C4<0>, C4<0>;
L_0x5dcb4f98e080 .delay 1 (2,2,2) L_0x5dcb4f98e080/d;
L_0x5dcb4f98de50/d .functor XOR 1, L_0x5dcb4f98b160, L_0x5dcb4f98b0b0, C4<0>, C4<0>;
L_0x5dcb4f98de50 .delay 1 (2,2,2) L_0x5dcb4f98de50/d;
L_0x5dcb4f98e4b0/d .functor XOR 1, L_0x5dcb4f98b3b0, L_0x5dcb4f98cdb0, C4<0>, C4<0>;
L_0x5dcb4f98e4b0 .delay 1 (2,2,2) L_0x5dcb4f98e4b0/d;
L_0x5dcb4f98e350/d .functor XOR 1, L_0x5dcb4f98b740, L_0x5dcb4f98d240, C4<0>, C4<0>;
L_0x5dcb4f98e350 .delay 1 (2,2,2) L_0x5dcb4f98e350/d;
L_0x5dcb4f98ea90/d .functor XOR 1, L_0x5dcb4f98ba70, L_0x5dcb4f98d830, C4<0>, C4<0>;
L_0x5dcb4f98ea90 .delay 1 (2,2,2) L_0x5dcb4f98ea90/d;
v0x5dcb4f8fd7c0_0 .net *"_ivl_12", 0 0, L_0x5dcb4f98b850;  1 drivers
v0x5dcb4f8fd8c0_0 .net *"_ivl_14", 0 0, L_0x5dcb4f98b940;  1 drivers
v0x5dcb4f8fd9a0_0 .net *"_ivl_17", 0 0, L_0x5dcb4f98bbb0;  1 drivers
v0x5dcb4f8fda90_0 .net *"_ivl_19", 0 0, L_0x5dcb4f98bca0;  1 drivers
v0x5dcb4f8fdb70_0 .net *"_ivl_2", 0 0, L_0x5dcb4f98aed0;  1 drivers
v0x5dcb4f8fdca0_0 .net *"_ivl_22", 0 0, L_0x5dcb4f98be50;  1 drivers
v0x5dcb4f8fdd80_0 .net *"_ivl_24", 0 0, L_0x5dcb4f98bf40;  1 drivers
v0x5dcb4f8fde60_0 .net *"_ivl_27", 0 0, L_0x5dcb4f98c160;  1 drivers
v0x5dcb4f8fdf40_0 .net *"_ivl_29", 0 0, L_0x5dcb4f98c250;  1 drivers
v0x5dcb4f8fe020_0 .net *"_ivl_32", 0 0, L_0x5dcb4f98c4c0;  1 drivers
v0x5dcb4f8fe100_0 .net *"_ivl_34", 0 0, L_0x5dcb4f98c5b0;  1 drivers
v0x5dcb4f8fe1e0_0 .net *"_ivl_37", 0 0, L_0x5dcb4f98c7c0;  1 drivers
v0x5dcb4f8fe2c0_0 .net *"_ivl_39", 0 0, L_0x5dcb4f98c8b0;  1 drivers
v0x5dcb4f8fe3a0_0 .net *"_ivl_4", 0 0, L_0x5dcb4f98b2c0;  1 drivers
v0x5dcb4f8fe480_0 .net *"_ivl_55", 0 0, L_0x5dcb4f98de50;  1 drivers
v0x5dcb4f8fe560_0 .net *"_ivl_58", 0 0, L_0x5dcb4f98e4b0;  1 drivers
v0x5dcb4f8fe640_0 .net *"_ivl_61", 0 0, L_0x5dcb4f98e350;  1 drivers
v0x5dcb4f8fe720_0 .net *"_ivl_64", 0 0, L_0x5dcb4f98ea90;  1 drivers
v0x5dcb4f8fe800_0 .net *"_ivl_7", 0 0, L_0x5dcb4f98b4c0;  1 drivers
v0x5dcb4f8fe8e0_0 .net *"_ivl_9", 0 0, L_0x5dcb4f98b600;  1 drivers
v0x5dcb4f8fe9c0_0 .net "a", 3 0, L_0x5dcb4f98e720;  1 drivers
v0x5dcb4f8feaa0_0 .net "b", 3 0, L_0x5dcb4f98ed20;  1 drivers
v0x5dcb4f8feb80_0 .net "c1", 0 0, L_0x5dcb4f98cdb0;  1 drivers
v0x5dcb4f8fec40_0 .net "c1_t1", 0 0, L_0x5dcb4f98cb40;  1 drivers
v0x5dcb4f8fed00_0 .net "c2", 0 0, L_0x5dcb4f98d240;  1 drivers
v0x5dcb4f8fedc0_0 .net "c2_t1", 0 0, L_0x5dcb4f98cf60;  1 drivers
v0x5dcb4f8fee80_0 .net "c2_t2", 0 0, L_0x5dcb4f98d070;  1 drivers
v0x5dcb4f8fef40_0 .net "c3", 0 0, L_0x5dcb4f98d830;  1 drivers
v0x5dcb4f8ff000_0 .net "c3_t1", 0 0, L_0x5dcb4f98d470;  1 drivers
v0x5dcb4f8ff0c0_0 .net "c3_t2", 0 0, L_0x5dcb4f98d1d0;  1 drivers
v0x5dcb4f8ff180_0 .net "c3_t3", 0 0, L_0x5dcb4f98d620;  1 drivers
v0x5dcb4f8ff240_0 .net "c4_t1", 0 0, L_0x5dcb4f98da40;  1 drivers
v0x5dcb4f8ff300_0 .net "c4_t2", 0 0, L_0x5dcb4f98dc40;  1 drivers
v0x5dcb4f8ff5d0_0 .net "c4_t3", 0 0, L_0x5dcb4f98dd00;  1 drivers
v0x5dcb4f8ff690_0 .net "c4_t4", 0 0, L_0x5dcb4f98df00;  1 drivers
v0x5dcb4f8ff750_0 .net "cin", 0 0, L_0x5dcb4f98b0b0;  1 drivers
v0x5dcb4f8ff810_0 .net "cout", 0 0, L_0x5dcb4f98e080;  1 drivers
v0x5dcb4f8ff8d0_0 .net "g0", 0 0, L_0x5dcb4f98bd90;  1 drivers
v0x5dcb4f8ff990_0 .net "g1", 0 0, L_0x5dcb4f98c030;  1 drivers
v0x5dcb4f8ffa50_0 .net "g2", 0 0, L_0x5dcb4f98c3b0;  1 drivers
v0x5dcb4f8ffb10_0 .net "g3", 0 0, L_0x5dcb4f98c340;  1 drivers
v0x5dcb4f8ffbd0_0 .net "p0", 0 0, L_0x5dcb4f98b160;  1 drivers
v0x5dcb4f8ffc90_0 .net "p1", 0 0, L_0x5dcb4f98b3b0;  1 drivers
v0x5dcb4f8ffd50_0 .net "p2", 0 0, L_0x5dcb4f98b740;  1 drivers
v0x5dcb4f8ffe10_0 .net "p3", 0 0, L_0x5dcb4f98ba70;  1 drivers
v0x5dcb4f8ffed0_0 .net "sum", 3 0, L_0x5dcb4f98dba0;  1 drivers
L_0x5dcb4f98aed0 .part L_0x5dcb4f98e720, 0, 1;
L_0x5dcb4f98b2c0 .part L_0x5dcb4f98ed20, 0, 1;
L_0x5dcb4f98b4c0 .part L_0x5dcb4f98e720, 1, 1;
L_0x5dcb4f98b600 .part L_0x5dcb4f98ed20, 1, 1;
L_0x5dcb4f98b850 .part L_0x5dcb4f98e720, 2, 1;
L_0x5dcb4f98b940 .part L_0x5dcb4f98ed20, 2, 1;
L_0x5dcb4f98bbb0 .part L_0x5dcb4f98e720, 3, 1;
L_0x5dcb4f98bca0 .part L_0x5dcb4f98ed20, 3, 1;
L_0x5dcb4f98be50 .part L_0x5dcb4f98e720, 0, 1;
L_0x5dcb4f98bf40 .part L_0x5dcb4f98ed20, 0, 1;
L_0x5dcb4f98c160 .part L_0x5dcb4f98e720, 1, 1;
L_0x5dcb4f98c250 .part L_0x5dcb4f98ed20, 1, 1;
L_0x5dcb4f98c4c0 .part L_0x5dcb4f98e720, 2, 1;
L_0x5dcb4f98c5b0 .part L_0x5dcb4f98ed20, 2, 1;
L_0x5dcb4f98c7c0 .part L_0x5dcb4f98e720, 3, 1;
L_0x5dcb4f98c8b0 .part L_0x5dcb4f98ed20, 3, 1;
L_0x5dcb4f98dba0 .concat8 [ 1 1 1 1], L_0x5dcb4f98de50, L_0x5dcb4f98e4b0, L_0x5dcb4f98e350, L_0x5dcb4f98ea90;
S_0x5dcb4f900050 .scope module, "block8" "cla4" 3 32, 4 22 0, S_0x5dcb4f851b20;
 .timescale 0 0;
    .port_info 0 /INPUT 4 "a";
    .port_info 1 /INPUT 4 "b";
    .port_info 2 /INPUT 1 "cin";
    .port_info 3 /OUTPUT 4 "sum";
    .port_info 4 /OUTPUT 1 "cout";
L_0x5dcb4f98ef90/d .functor XOR 1, L_0x5dcb4f98f1b0, L_0x5dcb4f98f2a0, C4<0>, C4<0>;
L_0x5dcb4f98ef90 .delay 1 (2,2,2) L_0x5dcb4f98ef90/d;
L_0x5dcb4f98f390/d .functor XOR 1, L_0x5dcb4f98f4a0, L_0x5dcb4f98f5e0, C4<0>, C4<0>;
L_0x5dcb4f98f390 .delay 1 (2,2,2) L_0x5dcb4f98f390/d;
L_0x5dcb4f98f720/d .functor XOR 1, L_0x5dcb4f98f830, L_0x5dcb4f98f920, C4<0>, C4<0>;
L_0x5dcb4f98f720 .delay 1 (2,2,2) L_0x5dcb4f98f720/d;
L_0x5dcb4f98fa10/d .functor XOR 1, L_0x5dcb4f98fb50, L_0x5dcb4f98fc40, C4<0>, C4<0>;
L_0x5dcb4f98fa10 .delay 1 (2,2,2) L_0x5dcb4f98fa10/d;
L_0x5dcb4f98fd30/d .functor AND 1, L_0x5dcb4f98fdf0, L_0x5dcb4f98fee0, C4<1>, C4<1>;
L_0x5dcb4f98fd30 .delay 1 (2,2,2) L_0x5dcb4f98fd30/d;
L_0x5dcb4f98ffd0/d .functor AND 1, L_0x5dcb4f990100, L_0x5dcb4f9901f0, C4<1>, C4<1>;
L_0x5dcb4f98ffd0 .delay 1 (2,2,2) L_0x5dcb4f98ffd0/d;
L_0x5dcb4f990350/d .functor AND 1, L_0x5dcb4f990460, L_0x5dcb4f990550, C4<1>, C4<1>;
L_0x5dcb4f990350 .delay 1 (2,2,2) L_0x5dcb4f990350/d;
L_0x5dcb4f9902e0/d .functor AND 1, L_0x5dcb4f990760, L_0x5dcb4f990850, C4<1>, C4<1>;
L_0x5dcb4f9902e0 .delay 1 (2,2,2) L_0x5dcb4f9902e0/d;
L_0x5dcb4f990ae0/d .functor AND 1, L_0x5dcb4f98ef90, L_0x5dcb4f992d00, C4<1>, C4<1>;
L_0x5dcb4f990ae0 .delay 1 (2,2,2) L_0x5dcb4f990ae0/d;
L_0x5dcb4f990d50/d .functor OR 1, L_0x5dcb4f98fd30, L_0x5dcb4f990ae0, C4<0>, C4<0>;
L_0x5dcb4f990d50 .delay 1 (2,2,2) L_0x5dcb4f990d50/d;
L_0x5dcb4f990f00/d .functor AND 1, L_0x5dcb4f98f390, L_0x5dcb4f98fd30, C4<1>, C4<1>;
L_0x5dcb4f990f00 .delay 1 (2,2,2) L_0x5dcb4f990f00/d;
L_0x5dcb4f991010/d .functor AND 1, L_0x5dcb4f98f390, L_0x5dcb4f98ef90, L_0x5dcb4f992d00, C4<1>;
L_0x5dcb4f991010 .delay 1 (2,2,2) L_0x5dcb4f991010/d;
L_0x5dcb4f9911e0/d .functor OR 1, L_0x5dcb4f98ffd0, L_0x5dcb4f990f00, L_0x5dcb4f991010, C4<0>;
L_0x5dcb4f9911e0 .delay 1 (2,2,2) L_0x5dcb4f9911e0/d;
L_0x5dcb4f991410/d .functor AND 1, L_0x5dcb4f98f720, L_0x5dcb4f98ffd0, C4<1>, C4<1>;
L_0x5dcb4f991410 .delay 1 (2,2,2) L_0x5dcb4f991410/d;
L_0x5dcb4f991170/d .functor AND 1, L_0x5dcb4f98f720, L_0x5dcb4f98f390, L_0x5dcb4f98fd30, C4<1>;
L_0x5dcb4f991170 .delay 1 (2,2,2) L_0x5dcb4f991170/d;
L_0x5dcb4f9915c0/d .functor AND 1, L_0x5dcb4f98f720, L_0x5dcb4f98f390, L_0x5dcb4f98ef90, L_0x5dcb4f992d00;
L_0x5dcb4f9915c0 .delay 1 (2,2,2) L_0x5dcb4f9915c0/d;
L_0x5dcb4f991740/d .functor OR 1, L_0x5dcb4f990350, L_0x5dcb4f991410, L_0x5dcb4f991170, L_0x5dcb4f9915c0;
L_0x5dcb4f991740 .delay 1 (2,2,2) L_0x5dcb4f991740/d;
L_0x5dcb4f991950/d .functor AND 1, L_0x5dcb4f98fa10, L_0x5dcb4f990350, C4<1>, C4<1>;
L_0x5dcb4f991950 .delay 1 (2,2,2) L_0x5dcb4f991950/d;
L_0x5dcb4f991b50/d .functor AND 1, L_0x5dcb4f98fa10, L_0x5dcb4f98f720, L_0x5dcb4f98ffd0, C4<1>;
L_0x5dcb4f991b50 .delay 1 (2,2,2) L_0x5dcb4f991b50/d;
L_0x5dcb4f991c10/d .functor AND 1, L_0x5dcb4f98fa10, L_0x5dcb4f98f720, L_0x5dcb4f98f390, L_0x5dcb4f98fd30;
L_0x5dcb4f991c10 .delay 1 (2,2,2) L_0x5dcb4f991c10/d;
L_0x5dcb4f991e10/0/0 .functor AND 1, L_0x5dcb4f98fa10, L_0x5dcb4f98f720, L_0x5dcb4f98f390, L_0x5dcb4f98ef90;
L_0x5dcb4f991e10/0/4 .functor AND 1, L_0x5dcb4f992d00, C4<1>, C4<1>, C4<1>;
L_0x5dcb4f991e10/d .functor AND 1, L_0x5dcb4f991e10/0/0, L_0x5dcb4f991e10/0/4, C4<1>, C4<1>;
L_0x5dcb4f991e10 .delay 1 (2,2,2) L_0x5dcb4f991e10/d;
L_0x5dcb4f991f90/0/0 .functor OR 1, L_0x5dcb4f9902e0, L_0x5dcb4f991950, L_0x5dcb4f991b50, L_0x5dcb4f991c10;
L_0x5dcb4f991f90/0/4 .functor OR 1, L_0x5dcb4f991e10, C4<0>, C4<0>, C4<0>;
L_0x5dcb4f991f90/d .functor OR 1, L_0x5dcb4f991f90/0/0, L_0x5dcb4f991f90/0/4, C4<0>, C4<0>;
L_0x5dcb4f991f90 .delay 1 (2,2,2) L_0x5dcb4f991f90/d;
L_0x5dcb4f991d60/d .functor XOR 1, L_0x5dcb4f98ef90, L_0x5dcb4f992d00, C4<0>, C4<0>;
L_0x5dcb4f991d60 .delay 1 (2,2,2) L_0x5dcb4f991d60/d;
L_0x5dcb4f9923c0/d .functor XOR 1, L_0x5dcb4f98f390, L_0x5dcb4f990d50, C4<0>, C4<0>;
L_0x5dcb4f9923c0 .delay 1 (2,2,2) L_0x5dcb4f9923c0/d;
L_0x5dcb4f992260/d .functor XOR 1, L_0x5dcb4f98f720, L_0x5dcb4f9911e0, C4<0>, C4<0>;
L_0x5dcb4f992260 .delay 1 (2,2,2) L_0x5dcb4f992260/d;
L_0x5dcb4f9929a0/d .functor XOR 1, L_0x5dcb4f98fa10, L_0x5dcb4f991740, C4<0>, C4<0>;
L_0x5dcb4f9929a0 .delay 1 (2,2,2) L_0x5dcb4f9929a0/d;
v0x5dcb4f900260_0 .net *"_ivl_12", 0 0, L_0x5dcb4f98f830;  1 drivers
v0x5dcb4f900360_0 .net *"_ivl_14", 0 0, L_0x5dcb4f98f920;  1 drivers
v0x5dcb4f900440_0 .net *"_ivl_17", 0 0, L_0x5dcb4f98fb50;  1 drivers
v0x5dcb4f900530_0 .net *"_ivl_19", 0 0, L_0x5dcb4f98fc40;  1 drivers
v0x5dcb4f900610_0 .net *"_ivl_2", 0 0, L_0x5dcb4f98f1b0;  1 drivers
v0x5dcb4f900740_0 .net *"_ivl_22", 0 0, L_0x5dcb4f98fdf0;  1 drivers
v0x5dcb4f900820_0 .net *"_ivl_24", 0 0, L_0x5dcb4f98fee0;  1 drivers
v0x5dcb4f900900_0 .net *"_ivl_27", 0 0, L_0x5dcb4f990100;  1 drivers
v0x5dcb4f9009e0_0 .net *"_ivl_29", 0 0, L_0x5dcb4f9901f0;  1 drivers
v0x5dcb4f900ac0_0 .net *"_ivl_32", 0 0, L_0x5dcb4f990460;  1 drivers
v0x5dcb4f900ba0_0 .net *"_ivl_34", 0 0, L_0x5dcb4f990550;  1 drivers
v0x5dcb4f900c80_0 .net *"_ivl_37", 0 0, L_0x5dcb4f990760;  1 drivers
v0x5dcb4f900d60_0 .net *"_ivl_39", 0 0, L_0x5dcb4f990850;  1 drivers
v0x5dcb4f900e40_0 .net *"_ivl_4", 0 0, L_0x5dcb4f98f2a0;  1 drivers
v0x5dcb4f900f20_0 .net *"_ivl_55", 0 0, L_0x5dcb4f991d60;  1 drivers
v0x5dcb4f901000_0 .net *"_ivl_58", 0 0, L_0x5dcb4f9923c0;  1 drivers
v0x5dcb4f9010e0_0 .net *"_ivl_61", 0 0, L_0x5dcb4f992260;  1 drivers
v0x5dcb4f9011c0_0 .net *"_ivl_64", 0 0, L_0x5dcb4f9929a0;  1 drivers
v0x5dcb4f9012a0_0 .net *"_ivl_7", 0 0, L_0x5dcb4f98f4a0;  1 drivers
v0x5dcb4f901380_0 .net *"_ivl_9", 0 0, L_0x5dcb4f98f5e0;  1 drivers
v0x5dcb4f901460_0 .net "a", 3 0, L_0x5dcb4f992630;  1 drivers
v0x5dcb4f901540_0 .net "b", 3 0, L_0x5dcb4f98eed0;  1 drivers
v0x5dcb4f901620_0 .net "c1", 0 0, L_0x5dcb4f990d50;  1 drivers
v0x5dcb4f9016e0_0 .net "c1_t1", 0 0, L_0x5dcb4f990ae0;  1 drivers
v0x5dcb4f9017a0_0 .net "c2", 0 0, L_0x5dcb4f9911e0;  1 drivers
v0x5dcb4f901860_0 .net "c2_t1", 0 0, L_0x5dcb4f990f00;  1 drivers
v0x5dcb4f901920_0 .net "c2_t2", 0 0, L_0x5dcb4f991010;  1 drivers
v0x5dcb4f9019e0_0 .net "c3", 0 0, L_0x5dcb4f991740;  1 drivers
v0x5dcb4f901aa0_0 .net "c3_t1", 0 0, L_0x5dcb4f991410;  1 drivers
v0x5dcb4f901b60_0 .net "c3_t2", 0 0, L_0x5dcb4f991170;  1 drivers
v0x5dcb4f901c20_0 .net "c3_t3", 0 0, L_0x5dcb4f9915c0;  1 drivers
v0x5dcb4f901ce0_0 .net "c4_t1", 0 0, L_0x5dcb4f991950;  1 drivers
v0x5dcb4f901da0_0 .net "c4_t2", 0 0, L_0x5dcb4f991b50;  1 drivers
v0x5dcb4f902070_0 .net "c4_t3", 0 0, L_0x5dcb4f991c10;  1 drivers
v0x5dcb4f902130_0 .net "c4_t4", 0 0, L_0x5dcb4f991e10;  1 drivers
v0x5dcb4f9021f0_0 .net "cin", 0 0, L_0x5dcb4f992d00;  1 drivers
v0x5dcb4f9022b0_0 .net "cout", 0 0, L_0x5dcb4f991f90;  1 drivers
v0x5dcb4f902370_0 .net "g0", 0 0, L_0x5dcb4f98fd30;  1 drivers
v0x5dcb4f902430_0 .net "g1", 0 0, L_0x5dcb4f98ffd0;  1 drivers
v0x5dcb4f9024f0_0 .net "g2", 0 0, L_0x5dcb4f990350;  1 drivers
v0x5dcb4f9025b0_0 .net "g3", 0 0, L_0x5dcb4f9902e0;  1 drivers
v0x5dcb4f902670_0 .net "p0", 0 0, L_0x5dcb4f98ef90;  1 drivers
v0x5dcb4f902730_0 .net "p1", 0 0, L_0x5dcb4f98f390;  1 drivers
v0x5dcb4f9027f0_0 .net "p2", 0 0, L_0x5dcb4f98f720;  1 drivers
v0x5dcb4f9028b0_0 .net "p3", 0 0, L_0x5dcb4f98fa10;  1 drivers
v0x5dcb4f902970_0 .net "sum", 3 0, L_0x5dcb4f991ab0;  1 drivers
L_0x5dcb4f98f1b0 .part L_0x5dcb4f992630, 0, 1;
L_0x5dcb4f98f2a0 .part L_0x5dcb4f98eed0, 0, 1;
L_0x5dcb4f98f4a0 .part L_0x5dcb4f992630, 1, 1;
L_0x5dcb4f98f5e0 .part L_0x5dcb4f98eed0, 1, 1;
L_0x5dcb4f98f830 .part L_0x5dcb4f992630, 2, 1;
L_0x5dcb4f98f920 .part L_0x5dcb4f98eed0, 2, 1;
L_0x5dcb4f98fb50 .part L_0x5dcb4f992630, 3, 1;
L_0x5dcb4f98fc40 .part L_0x5dcb4f98eed0, 3, 1;
L_0x5dcb4f98fdf0 .part L_0x5dcb4f992630, 0, 1;
L_0x5dcb4f98fee0 .part L_0x5dcb4f98eed0, 0, 1;
L_0x5dcb4f990100 .part L_0x5dcb4f992630, 1, 1;
L_0x5dcb4f9901f0 .part L_0x5dcb4f98eed0, 1, 1;
L_0x5dcb4f990460 .part L_0x5dcb4f992630, 2, 1;
L_0x5dcb4f990550 .part L_0x5dcb4f98eed0, 2, 1;
L_0x5dcb4f990760 .part L_0x5dcb4f992630, 3, 1;
L_0x5dcb4f990850 .part L_0x5dcb4f98eed0, 3, 1;
L_0x5dcb4f991ab0 .concat8 [ 1 1 1 1], L_0x5dcb4f991d60, L_0x5dcb4f9923c0, L_0x5dcb4f992260, L_0x5dcb4f9929a0;
S_0x5dcb4f902af0 .scope module, "block9" "cla4" 3 33, 4 22 0, S_0x5dcb4f851b20;
 .timescale 0 0;
    .port_info 0 /INPUT 4 "a";
    .port_info 1 /INPUT 4 "b";
    .port_info 2 /INPUT 1 "cin";
    .port_info 3 /OUTPUT 4 "sum";
    .port_info 4 /OUTPUT 1 "cout";
L_0x5dcb4f992c30/d .functor XOR 1, L_0x5dcb4f992fe0, L_0x5dcb4f9930d0, C4<0>, C4<0>;
L_0x5dcb4f992c30 .delay 1 (2,2,2) L_0x5dcb4f992c30/d;
L_0x5dcb4f9931c0/d .functor XOR 1, L_0x5dcb4f9932d0, L_0x5dcb4f993410, C4<0>, C4<0>;
L_0x5dcb4f9931c0 .delay 1 (2,2,2) L_0x5dcb4f9931c0/d;
L_0x5dcb4f993550/d .functor XOR 1, L_0x5dcb4f993660, L_0x5dcb4f993750, C4<0>, C4<0>;
L_0x5dcb4f993550 .delay 1 (2,2,2) L_0x5dcb4f993550/d;
L_0x5dcb4f993840/d .functor XOR 1, L_0x5dcb4f993980, L_0x5dcb4f993a70, C4<0>, C4<0>;
L_0x5dcb4f993840 .delay 1 (2,2,2) L_0x5dcb4f993840/d;
L_0x5dcb4f993b60/d .functor AND 1, L_0x5dcb4f993c20, L_0x5dcb4f993d10, C4<1>, C4<1>;
L_0x5dcb4f993b60 .delay 1 (2,2,2) L_0x5dcb4f993b60/d;
L_0x5dcb4f993e00/d .functor AND 1, L_0x5dcb4f993f30, L_0x5dcb4f994020, C4<1>, C4<1>;
L_0x5dcb4f993e00 .delay 1 (2,2,2) L_0x5dcb4f993e00/d;
L_0x5dcb4f994180/d .functor AND 1, L_0x5dcb4f994290, L_0x5dcb4f994380, C4<1>, C4<1>;
L_0x5dcb4f994180 .delay 1 (2,2,2) L_0x5dcb4f994180/d;
L_0x5dcb4f994110/d .functor AND 1, L_0x5dcb4f994590, L_0x5dcb4f994680, C4<1>, C4<1>;
L_0x5dcb4f994110 .delay 1 (2,2,2) L_0x5dcb4f994110/d;
L_0x5dcb4f994910/d .functor AND 1, L_0x5dcb4f992c30, L_0x5dcb4f996c80, C4<1>, C4<1>;
L_0x5dcb4f994910 .delay 1 (2,2,2) L_0x5dcb4f994910/d;
L_0x5dcb4f994b80/d .functor OR 1, L_0x5dcb4f993b60, L_0x5dcb4f994910, C4<0>, C4<0>;
L_0x5dcb4f994b80 .delay 1 (2,2,2) L_0x5dcb4f994b80/d;
L_0x5dcb4f994d30/d .functor AND 1, L_0x5dcb4f9931c0, L_0x5dcb4f993b60, C4<1>, C4<1>;
L_0x5dcb4f994d30 .delay 1 (2,2,2) L_0x5dcb4f994d30/d;
L_0x5dcb4f994e40/d .functor AND 1, L_0x5dcb4f9931c0, L_0x5dcb4f992c30, L_0x5dcb4f996c80, C4<1>;
L_0x5dcb4f994e40 .delay 1 (2,2,2) L_0x5dcb4f994e40/d;
L_0x5dcb4f995010/d .functor OR 1, L_0x5dcb4f993e00, L_0x5dcb4f994d30, L_0x5dcb4f994e40, C4<0>;
L_0x5dcb4f995010 .delay 1 (2,2,2) L_0x5dcb4f995010/d;
L_0x5dcb4f995240/d .functor AND 1, L_0x5dcb4f993550, L_0x5dcb4f993e00, C4<1>, C4<1>;
L_0x5dcb4f995240 .delay 1 (2,2,2) L_0x5dcb4f995240/d;
L_0x5dcb4f994fa0/d .functor AND 1, L_0x5dcb4f993550, L_0x5dcb4f9931c0, L_0x5dcb4f993b60, C4<1>;
L_0x5dcb4f994fa0 .delay 1 (2,2,2) L_0x5dcb4f994fa0/d;
L_0x5dcb4f9953f0/d .functor AND 1, L_0x5dcb4f993550, L_0x5dcb4f9931c0, L_0x5dcb4f992c30, L_0x5dcb4f996c80;
L_0x5dcb4f9953f0 .delay 1 (2,2,2) L_0x5dcb4f9953f0/d;
L_0x5dcb4f995600/d .functor OR 1, L_0x5dcb4f994180, L_0x5dcb4f995240, L_0x5dcb4f994fa0, L_0x5dcb4f9953f0;
L_0x5dcb4f995600 .delay 1 (2,2,2) L_0x5dcb4f995600/d;
L_0x5dcb4f995810/d .functor AND 1, L_0x5dcb4f993840, L_0x5dcb4f994180, C4<1>, C4<1>;
L_0x5dcb4f995810 .delay 1 (2,2,2) L_0x5dcb4f995810/d;
L_0x5dcb4f995a10/d .functor AND 1, L_0x5dcb4f993840, L_0x5dcb4f993550, L_0x5dcb4f993e00, C4<1>;
L_0x5dcb4f995a10 .delay 1 (2,2,2) L_0x5dcb4f995a10/d;
L_0x5dcb4f995ad0/d .functor AND 1, L_0x5dcb4f993840, L_0x5dcb4f993550, L_0x5dcb4f9931c0, L_0x5dcb4f993b60;
L_0x5dcb4f995ad0 .delay 1 (2,2,2) L_0x5dcb4f995ad0/d;
L_0x5dcb4f995cd0/0/0 .functor AND 1, L_0x5dcb4f993840, L_0x5dcb4f993550, L_0x5dcb4f9931c0, L_0x5dcb4f992c30;
L_0x5dcb4f995cd0/0/4 .functor AND 1, L_0x5dcb4f996c80, C4<1>, C4<1>, C4<1>;
L_0x5dcb4f995cd0/d .functor AND 1, L_0x5dcb4f995cd0/0/0, L_0x5dcb4f995cd0/0/4, C4<1>, C4<1>;
L_0x5dcb4f995cd0 .delay 1 (2,2,2) L_0x5dcb4f995cd0/d;
L_0x5dcb4f995e50/0/0 .functor OR 1, L_0x5dcb4f994110, L_0x5dcb4f995810, L_0x5dcb4f995a10, L_0x5dcb4f995ad0;
L_0x5dcb4f995e50/0/4 .functor OR 1, L_0x5dcb4f995cd0, C4<0>, C4<0>, C4<0>;
L_0x5dcb4f995e50/d .functor OR 1, L_0x5dcb4f995e50/0/0, L_0x5dcb4f995e50/0/4, C4<0>, C4<0>;
L_0x5dcb4f995e50 .delay 1 (2,2,2) L_0x5dcb4f995e50/d;
L_0x5dcb4f995c20/d .functor XOR 1, L_0x5dcb4f992c30, L_0x5dcb4f996c80, C4<0>, C4<0>;
L_0x5dcb4f995c20 .delay 1 (2,2,2) L_0x5dcb4f995c20/d;
L_0x5dcb4f996280/d .functor XOR 1, L_0x5dcb4f9931c0, L_0x5dcb4f994b80, C4<0>, C4<0>;
L_0x5dcb4f996280 .delay 1 (2,2,2) L_0x5dcb4f996280/d;
L_0x5dcb4f996120/d .functor XOR 1, L_0x5dcb4f993550, L_0x5dcb4f995010, C4<0>, C4<0>;
L_0x5dcb4f996120 .delay 1 (2,2,2) L_0x5dcb4f996120/d;
L_0x5dcb4f996860/d .functor XOR 1, L_0x5dcb4f993840, L_0x5dcb4f995600, C4<0>, C4<0>;
L_0x5dcb4f996860 .delay 1 (2,2,2) L_0x5dcb4f996860/d;
v0x5dcb4f902d00_0 .net *"_ivl_12", 0 0, L_0x5dcb4f993660;  1 drivers
v0x5dcb4f902e00_0 .net *"_ivl_14", 0 0, L_0x5dcb4f993750;  1 drivers
v0x5dcb4f902ee0_0 .net *"_ivl_17", 0 0, L_0x5dcb4f993980;  1 drivers
v0x5dcb4f902fd0_0 .net *"_ivl_19", 0 0, L_0x5dcb4f993a70;  1 drivers
v0x5dcb4f9030b0_0 .net *"_ivl_2", 0 0, L_0x5dcb4f992fe0;  1 drivers
v0x5dcb4f9031e0_0 .net *"_ivl_22", 0 0, L_0x5dcb4f993c20;  1 drivers
v0x5dcb4f9032c0_0 .net *"_ivl_24", 0 0, L_0x5dcb4f993d10;  1 drivers
v0x5dcb4f9033a0_0 .net *"_ivl_27", 0 0, L_0x5dcb4f993f30;  1 drivers
v0x5dcb4f903480_0 .net *"_ivl_29", 0 0, L_0x5dcb4f994020;  1 drivers
v0x5dcb4f903560_0 .net *"_ivl_32", 0 0, L_0x5dcb4f994290;  1 drivers
v0x5dcb4f903640_0 .net *"_ivl_34", 0 0, L_0x5dcb4f994380;  1 drivers
v0x5dcb4f903720_0 .net *"_ivl_37", 0 0, L_0x5dcb4f994590;  1 drivers
v0x5dcb4f903800_0 .net *"_ivl_39", 0 0, L_0x5dcb4f994680;  1 drivers
v0x5dcb4f9038e0_0 .net *"_ivl_4", 0 0, L_0x5dcb4f9930d0;  1 drivers
v0x5dcb4f9039c0_0 .net *"_ivl_55", 0 0, L_0x5dcb4f995c20;  1 drivers
v0x5dcb4f903aa0_0 .net *"_ivl_58", 0 0, L_0x5dcb4f996280;  1 drivers
v0x5dcb4f903b80_0 .net *"_ivl_61", 0 0, L_0x5dcb4f996120;  1 drivers
v0x5dcb4f903c60_0 .net *"_ivl_64", 0 0, L_0x5dcb4f996860;  1 drivers
v0x5dcb4f903d40_0 .net *"_ivl_7", 0 0, L_0x5dcb4f9932d0;  1 drivers
v0x5dcb4f903e20_0 .net *"_ivl_9", 0 0, L_0x5dcb4f993410;  1 drivers
v0x5dcb4f903f00_0 .net "a", 3 0, L_0x5dcb4f9964f0;  1 drivers
v0x5dcb4f903fe0_0 .net "b", 3 0, L_0x5dcb4f996af0;  1 drivers
v0x5dcb4f9040c0_0 .net "c1", 0 0, L_0x5dcb4f994b80;  1 drivers
v0x5dcb4f904180_0 .net "c1_t1", 0 0, L_0x5dcb4f994910;  1 drivers
v0x5dcb4f904240_0 .net "c2", 0 0, L_0x5dcb4f995010;  1 drivers
v0x5dcb4f904300_0 .net "c2_t1", 0 0, L_0x5dcb4f994d30;  1 drivers
v0x5dcb4f9043c0_0 .net "c2_t2", 0 0, L_0x5dcb4f994e40;  1 drivers
v0x5dcb4f904480_0 .net "c3", 0 0, L_0x5dcb4f995600;  1 drivers
v0x5dcb4f904540_0 .net "c3_t1", 0 0, L_0x5dcb4f995240;  1 drivers
v0x5dcb4f904600_0 .net "c3_t2", 0 0, L_0x5dcb4f994fa0;  1 drivers
v0x5dcb4f9046c0_0 .net "c3_t3", 0 0, L_0x5dcb4f9953f0;  1 drivers
v0x5dcb4f904780_0 .net "c4_t1", 0 0, L_0x5dcb4f995810;  1 drivers
v0x5dcb4f904840_0 .net "c4_t2", 0 0, L_0x5dcb4f995a10;  1 drivers
v0x5dcb4f904b10_0 .net "c4_t3", 0 0, L_0x5dcb4f995ad0;  1 drivers
v0x5dcb4f904bd0_0 .net "c4_t4", 0 0, L_0x5dcb4f995cd0;  1 drivers
v0x5dcb4f904c90_0 .net "cin", 0 0, L_0x5dcb4f996c80;  1 drivers
v0x5dcb4f904d50_0 .net "cout", 0 0, L_0x5dcb4f995e50;  1 drivers
v0x5dcb4f904e10_0 .net "g0", 0 0, L_0x5dcb4f993b60;  1 drivers
v0x5dcb4f904ed0_0 .net "g1", 0 0, L_0x5dcb4f993e00;  1 drivers
v0x5dcb4f904f90_0 .net "g2", 0 0, L_0x5dcb4f994180;  1 drivers
v0x5dcb4f905050_0 .net "g3", 0 0, L_0x5dcb4f994110;  1 drivers
v0x5dcb4f905110_0 .net "p0", 0 0, L_0x5dcb4f992c30;  1 drivers
v0x5dcb4f9051d0_0 .net "p1", 0 0, L_0x5dcb4f9931c0;  1 drivers
v0x5dcb4f905290_0 .net "p2", 0 0, L_0x5dcb4f993550;  1 drivers
v0x5dcb4f905350_0 .net "p3", 0 0, L_0x5dcb4f993840;  1 drivers
v0x5dcb4f905410_0 .net "sum", 3 0, L_0x5dcb4f995970;  1 drivers
L_0x5dcb4f992fe0 .part L_0x5dcb4f9964f0, 0, 1;
L_0x5dcb4f9930d0 .part L_0x5dcb4f996af0, 0, 1;
L_0x5dcb4f9932d0 .part L_0x5dcb4f9964f0, 1, 1;
L_0x5dcb4f993410 .part L_0x5dcb4f996af0, 1, 1;
L_0x5dcb4f993660 .part L_0x5dcb4f9964f0, 2, 1;
L_0x5dcb4f993750 .part L_0x5dcb4f996af0, 2, 1;
L_0x5dcb4f993980 .part L_0x5dcb4f9964f0, 3, 1;
L_0x5dcb4f993a70 .part L_0x5dcb4f996af0, 3, 1;
L_0x5dcb4f993c20 .part L_0x5dcb4f9964f0, 0, 1;
L_0x5dcb4f993d10 .part L_0x5dcb4f996af0, 0, 1;
L_0x5dcb4f993f30 .part L_0x5dcb4f9964f0, 1, 1;
L_0x5dcb4f994020 .part L_0x5dcb4f996af0, 1, 1;
L_0x5dcb4f994290 .part L_0x5dcb4f9964f0, 2, 1;
L_0x5dcb4f994380 .part L_0x5dcb4f996af0, 2, 1;
L_0x5dcb4f994590 .part L_0x5dcb4f9964f0, 3, 1;
L_0x5dcb4f994680 .part L_0x5dcb4f996af0, 3, 1;
L_0x5dcb4f995970 .concat8 [ 1 1 1 1], L_0x5dcb4f995c20, L_0x5dcb4f996280, L_0x5dcb4f996120, L_0x5dcb4f996860;
S_0x5dcb4f853690 .scope module, "rca64" "rca64" 5 20;
 .timescale 0 0;
    .port_info 0 /INPUT 64 "a";
    .port_info 1 /INPUT 64 "b";
    .port_info 2 /INPUT 1 "cin";
    .port_info 3 /OUTPUT 64 "sum";
    .port_info 4 /OUTPUT 1 "cout";
o0x77e69c281788 .functor BUFZ 1, C4<z>; HiZ drive
L_0x5dcb4f9c96b0 .functor BUFZ 1, o0x77e69c281788, C4<0>, C4<0>, C4<0>;
v0x5dcb4f937520_0 .net *"_ivl_453", 0 0, L_0x5dcb4f9c96b0;  1 drivers
o0x77e69c2816f8 .functor BUFZ 64, C4<zzzzzzzzzzzzzzzzzzzzzzzzzzzzzzzzzzzzzzzzzzzzzzzzzzzzzzzzzzzzzzzz>; HiZ drive
v0x5dcb4f937620_0 .net "a", 63 0, o0x77e69c2816f8;  0 drivers
o0x77e69c281728 .functor BUFZ 64, C4<zzzzzzzzzzzzzzzzzzzzzzzzzzzzzzzzzzzzzzzzzzzzzzzzzzzzzzzzzzzzzzzz>; HiZ drive
v0x5dcb4f937700_0 .net "b", 63 0, o0x77e69c281728;  0 drivers
v0x5dcb4f9377c0_0 .net "c", 64 0, L_0x5dcb4f9e18f0;  1 drivers
v0x5dcb4f9378a0_0 .net "cin", 0 0, o0x77e69c281788;  0 drivers
v0x5dcb4f9379b0_0 .net "cout", 0 0, L_0x5dcb4f9e08e0;  1 drivers
v0x5dcb4f937a70_0 .net "sum", 63 0, L_0x5dcb4f9de2e0;  1 drivers
L_0x5dcb4f9afe70 .part o0x77e69c2816f8, 0, 1;
L_0x5dcb4f9aff10 .part o0x77e69c281728, 0, 1;
L_0x5dcb4f9affb0 .part L_0x5dcb4f9e18f0, 0, 1;
L_0x5dcb4f9b0780 .part o0x77e69c2816f8, 1, 1;
L_0x5dcb4f9b0870 .part o0x77e69c281728, 1, 1;
L_0x5dcb4f9b0960 .part L_0x5dcb4f9e18f0, 1, 1;
L_0x5dcb4f9b1180 .part o0x77e69c2816f8, 2, 1;
L_0x5dcb4f9b1220 .part o0x77e69c281728, 2, 1;
L_0x5dcb4f9b1310 .part L_0x5dcb4f9e18f0, 2, 1;
L_0x5dcb4f9b1ae0 .part o0x77e69c2816f8, 3, 1;
L_0x5dcb4f9b1b80 .part o0x77e69c281728, 3, 1;
L_0x5dcb4f9b1cb0 .part L_0x5dcb4f9e18f0, 3, 1;
L_0x5dcb4f9b2440 .part o0x77e69c2816f8, 4, 1;
L_0x5dcb4f9b24e0 .part o0x77e69c281728, 4, 1;
L_0x5dcb4f9b2580 .part L_0x5dcb4f9e18f0, 4, 1;
L_0x5dcb4f9b2ce0 .part o0x77e69c2816f8, 5, 1;
L_0x5dcb4f9b2e10 .part o0x77e69c281728, 5, 1;
L_0x5dcb4f9b2eb0 .part L_0x5dcb4f9e18f0, 5, 1;
L_0x5dcb4f9b3720 .part o0x77e69c2816f8, 6, 1;
L_0x5dcb4f9b37c0 .part o0x77e69c281728, 6, 1;
L_0x5dcb4f9b2f50 .part L_0x5dcb4f9e18f0, 6, 1;
L_0x5dcb4f9b4040 .part o0x77e69c2816f8, 7, 1;
L_0x5dcb4f9b3860 .part o0x77e69c281728, 7, 1;
L_0x5dcb4f9b41a0 .part L_0x5dcb4f9e18f0, 7, 1;
L_0x5dcb4f9b4980 .part o0x77e69c2816f8, 8, 1;
L_0x5dcb4f9b4a20 .part o0x77e69c281728, 8, 1;
L_0x5dcb4f9b4240 .part L_0x5dcb4f9e18f0, 8, 1;
L_0x5dcb4f9b52d0 .part o0x77e69c2816f8, 9, 1;
L_0x5dcb4f9b5460 .part o0x77e69c281728, 9, 1;
L_0x5dcb4f9b5500 .part L_0x5dcb4f9e18f0, 9, 1;
L_0x5dcb4f9b5dd0 .part o0x77e69c2816f8, 10, 1;
L_0x5dcb4f9b5e70 .part o0x77e69c281728, 10, 1;
L_0x5dcb4f9b6020 .part L_0x5dcb4f9e18f0, 10, 1;
L_0x5dcb4f9b6820 .part o0x77e69c2816f8, 11, 1;
L_0x5dcb4f9b69e0 .part o0x77e69c281728, 11, 1;
L_0x5dcb4f9b6a80 .part L_0x5dcb4f9e18f0, 11, 1;
L_0x5dcb4f9b72a0 .part o0x77e69c2816f8, 12, 1;
L_0x5dcb4f9b7340 .part o0x77e69c281728, 12, 1;
L_0x5dcb4f9b7520 .part L_0x5dcb4f9e18f0, 12, 1;
L_0x5dcb4f9b7d80 .part o0x77e69c2816f8, 13, 1;
L_0x5dcb4f9b7f70 .part o0x77e69c281728, 13, 1;
L_0x5dcb4f9b8010 .part L_0x5dcb4f9e18f0, 13, 1;
L_0x5dcb4f9b89d0 .part o0x77e69c2816f8, 14, 1;
L_0x5dcb4f9b8a70 .part o0x77e69c281728, 14, 1;
L_0x5dcb4f9b8c80 .part L_0x5dcb4f9e18f0, 14, 1;
L_0x5dcb4f9b94e0 .part o0x77e69c2816f8, 15, 1;
L_0x5dcb4f9b9910 .part o0x77e69c281728, 15, 1;
L_0x5dcb4f9b9bc0 .part L_0x5dcb4f9e18f0, 15, 1;
L_0x5dcb4f9ba7c0 .part o0x77e69c2816f8, 16, 1;
L_0x5dcb4f9ba860 .part o0x77e69c281728, 16, 1;
L_0x5dcb4f9baaa0 .part L_0x5dcb4f9e18f0, 16, 1;
L_0x5dcb4f9bb300 .part o0x77e69c2816f8, 17, 1;
L_0x5dcb4f9bb550 .part o0x77e69c281728, 17, 1;
L_0x5dcb4f9bb5f0 .part L_0x5dcb4f9e18f0, 17, 1;
L_0x5dcb4f9bbfc0 .part o0x77e69c2816f8, 18, 1;
L_0x5dcb4f9bc060 .part o0x77e69c281728, 18, 1;
L_0x5dcb4f9bc2d0 .part L_0x5dcb4f9e18f0, 18, 1;
L_0x5dcb4f9bc9e0 .part o0x77e69c2816f8, 19, 1;
L_0x5dcb4f9bcc60 .part o0x77e69c281728, 19, 1;
L_0x5dcb4f9bcd00 .part L_0x5dcb4f9e18f0, 19, 1;
L_0x5dcb4f9bd6c0 .part o0x77e69c2816f8, 20, 1;
L_0x5dcb4f9bd760 .part o0x77e69c281728, 20, 1;
L_0x5dcb4f9bda00 .part L_0x5dcb4f9e18f0, 20, 1;
L_0x5dcb4f9be260 .part o0x77e69c2816f8, 21, 1;
L_0x5dcb4f9be510 .part o0x77e69c281728, 21, 1;
L_0x5dcb4f9be5b0 .part L_0x5dcb4f9e18f0, 21, 1;
L_0x5dcb4f9bf0c0 .part o0x77e69c2816f8, 22, 1;
L_0x5dcb4f9bf160 .part o0x77e69c281728, 22, 1;
L_0x5dcb4f9bf430 .part L_0x5dcb4f9e18f0, 22, 1;
L_0x5dcb4f9bfc90 .part o0x77e69c2816f8, 23, 1;
L_0x5dcb4f9bff70 .part o0x77e69c281728, 23, 1;
L_0x5dcb4f9c0010 .part L_0x5dcb4f9e18f0, 23, 1;
L_0x5dcb4f9c0ac0 .part o0x77e69c2816f8, 24, 1;
L_0x5dcb4f9c0b60 .part o0x77e69c281728, 24, 1;
L_0x5dcb4f9c0e60 .part L_0x5dcb4f9e18f0, 24, 1;
L_0x5dcb4f9c16c0 .part o0x77e69c2816f8, 25, 1;
L_0x5dcb4f9c19d0 .part o0x77e69c281728, 25, 1;
L_0x5dcb4f9c1a70 .part L_0x5dcb4f9e18f0, 25, 1;
L_0x5dcb4f9c2550 .part o0x77e69c2816f8, 26, 1;
L_0x5dcb4f9c25f0 .part o0x77e69c281728, 26, 1;
L_0x5dcb4f9c2920 .part L_0x5dcb4f9e18f0, 26, 1;
L_0x5dcb4f9c3180 .part o0x77e69c2816f8, 27, 1;
L_0x5dcb4f9c34c0 .part o0x77e69c281728, 27, 1;
L_0x5dcb4f9c3560 .part L_0x5dcb4f9e18f0, 27, 1;
L_0x5dcb4f9c4070 .part o0x77e69c2816f8, 28, 1;
L_0x5dcb4f9c4110 .part o0x77e69c281728, 28, 1;
L_0x5dcb4f9c4470 .part L_0x5dcb4f9e18f0, 28, 1;
L_0x5dcb4f9c4cd0 .part o0x77e69c2816f8, 29, 1;
L_0x5dcb4f9c5040 .part o0x77e69c281728, 29, 1;
L_0x5dcb4f9c50e0 .part L_0x5dcb4f9e18f0, 29, 1;
L_0x5dcb4f9c5c20 .part o0x77e69c2816f8, 30, 1;
L_0x5dcb4f9c5cc0 .part o0x77e69c281728, 30, 1;
L_0x5dcb4f9c6050 .part L_0x5dcb4f9e18f0, 30, 1;
L_0x5dcb4f9c68b0 .part o0x77e69c2816f8, 31, 1;
L_0x5dcb4f9c6c50 .part o0x77e69c281728, 31, 1;
L_0x5dcb4f9c7100 .part L_0x5dcb4f9e18f0, 31, 1;
L_0x5dcb4f9c7ff0 .part o0x77e69c2816f8, 32, 1;
L_0x5dcb4f9c8090 .part o0x77e69c281728, 32, 1;
L_0x5dcb4f9c8450 .part L_0x5dcb4f9e18f0, 32, 1;
L_0x5dcb4f9c8c80 .part o0x77e69c2816f8, 33, 1;
L_0x5dcb4f9c9050 .part o0x77e69c281728, 33, 1;
L_0x5dcb4f9c90f0 .part L_0x5dcb4f9e18f0, 33, 1;
L_0x5dcb4f9c9d20 .part o0x77e69c2816f8, 34, 1;
L_0x5dcb4f9c9dc0 .part o0x77e69c281728, 34, 1;
L_0x5dcb4f9ca1b0 .part L_0x5dcb4f9e18f0, 34, 1;
L_0x5dcb4f9caa10 .part o0x77e69c2816f8, 35, 1;
L_0x5dcb4f9cae10 .part o0x77e69c281728, 35, 1;
L_0x5dcb4f9caeb0 .part L_0x5dcb4f9e18f0, 35, 1;
L_0x5dcb4f9cba80 .part o0x77e69c2816f8, 36, 1;
L_0x5dcb4f9cbb20 .part o0x77e69c281728, 36, 1;
L_0x5dcb4f9cbf40 .part L_0x5dcb4f9e18f0, 36, 1;
L_0x5dcb4f9cc7a0 .part o0x77e69c2816f8, 37, 1;
L_0x5dcb4f9ccbd0 .part o0x77e69c281728, 37, 1;
L_0x5dcb4f9ccc70 .part L_0x5dcb4f9e18f0, 37, 1;
L_0x5dcb4f9cd870 .part o0x77e69c2816f8, 38, 1;
L_0x5dcb4f9cd910 .part o0x77e69c281728, 38, 1;
L_0x5dcb4f9cdd60 .part L_0x5dcb4f9e18f0, 38, 1;
L_0x5dcb4f9ce5c0 .part o0x77e69c2816f8, 39, 1;
L_0x5dcb4f9cea20 .part o0x77e69c281728, 39, 1;
L_0x5dcb4f9ceac0 .part L_0x5dcb4f9e18f0, 39, 1;
L_0x5dcb4f9cf6f0 .part o0x77e69c2816f8, 40, 1;
L_0x5dcb4f9cf790 .part o0x77e69c281728, 40, 1;
L_0x5dcb4f9cfc10 .part L_0x5dcb4f9e18f0, 40, 1;
L_0x5dcb4f9d0470 .part o0x77e69c2816f8, 41, 1;
L_0x5dcb4f9d0900 .part o0x77e69c281728, 41, 1;
L_0x5dcb4f9d09a0 .part L_0x5dcb4f9e18f0, 41, 1;
L_0x5dcb4f9d1570 .part o0x77e69c2816f8, 42, 1;
L_0x5dcb4f9d1610 .part o0x77e69c281728, 42, 1;
L_0x5dcb4f9d1ac0 .part L_0x5dcb4f9e18f0, 42, 1;
L_0x5dcb4f9d22c0 .part o0x77e69c2816f8, 43, 1;
L_0x5dcb4f9d2780 .part o0x77e69c281728, 43, 1;
L_0x5dcb4f9d2820 .part L_0x5dcb4f9e18f0, 43, 1;
L_0x5dcb4f9d3140 .part o0x77e69c2816f8, 44, 1;
L_0x5dcb4f9d31e0 .part o0x77e69c281728, 44, 1;
L_0x5dcb4f9d28c0 .part L_0x5dcb4f9e18f0, 44, 1;
L_0x5dcb4f9d3ac0 .part o0x77e69c2816f8, 45, 1;
L_0x5dcb4f9d3280 .part o0x77e69c281728, 45, 1;
L_0x5dcb4f9d3320 .part L_0x5dcb4f9e18f0, 45, 1;
L_0x5dcb4f9d4460 .part o0x77e69c2816f8, 46, 1;
L_0x5dcb4f9d4500 .part o0x77e69c281728, 46, 1;
L_0x5dcb4f9d3b60 .part L_0x5dcb4f9e18f0, 46, 1;
L_0x5dcb4f9d4e10 .part o0x77e69c2816f8, 47, 1;
L_0x5dcb4f9d45a0 .part o0x77e69c281728, 47, 1;
L_0x5dcb4f9d4640 .part L_0x5dcb4f9e18f0, 47, 1;
L_0x5dcb4f9d57e0 .part o0x77e69c2816f8, 48, 1;
L_0x5dcb4f9d5880 .part o0x77e69c281728, 48, 1;
L_0x5dcb4f9d4eb0 .part L_0x5dcb4f9e18f0, 48, 1;
L_0x5dcb4f9d6170 .part o0x77e69c2816f8, 49, 1;
L_0x5dcb4f9d5920 .part o0x77e69c281728, 49, 1;
L_0x5dcb4f9d59c0 .part L_0x5dcb4f9e18f0, 49, 1;
L_0x5dcb4f9d6b20 .part o0x77e69c2816f8, 50, 1;
L_0x5dcb4f9d6bc0 .part o0x77e69c281728, 50, 1;
L_0x5dcb4f9d6210 .part L_0x5dcb4f9e18f0, 50, 1;
L_0x5dcb4f9d74e0 .part o0x77e69c2816f8, 51, 1;
L_0x5dcb4f9d6c60 .part o0x77e69c281728, 51, 1;
L_0x5dcb4f9d6d00 .part L_0x5dcb4f9e18f0, 51, 1;
L_0x5dcb4f9d7ea0 .part o0x77e69c2816f8, 52, 1;
L_0x5dcb4f9d7f40 .part o0x77e69c281728, 52, 1;
L_0x5dcb4f9d7580 .part L_0x5dcb4f9e18f0, 52, 1;
L_0x5dcb4f9d8870 .part o0x77e69c2816f8, 53, 1;
L_0x5dcb4f9d7fe0 .part o0x77e69c281728, 53, 1;
L_0x5dcb4f9d8080 .part L_0x5dcb4f9e18f0, 53, 1;
L_0x5dcb4f9d9230 .part o0x77e69c2816f8, 54, 1;
L_0x5dcb4f9d92d0 .part o0x77e69c281728, 54, 1;
L_0x5dcb4f9d8910 .part L_0x5dcb4f9e18f0, 54, 1;
L_0x5dcb4f9d9be0 .part o0x77e69c2816f8, 55, 1;
L_0x5dcb4f9d9370 .part o0x77e69c281728, 55, 1;
L_0x5dcb4f9d9410 .part L_0x5dcb4f9e18f0, 55, 1;
L_0x5dcb4f9da5b0 .part o0x77e69c2816f8, 56, 1;
L_0x5dcb4f9da650 .part o0x77e69c281728, 56, 1;
L_0x5dcb4f9d9c80 .part L_0x5dcb4f9e18f0, 56, 1;
L_0x5dcb4f9daf60 .part o0x77e69c2816f8, 57, 1;
L_0x5dcb4f9da6f0 .part o0x77e69c281728, 57, 1;
L_0x5dcb4f9da790 .part L_0x5dcb4f9e18f0, 57, 1;
L_0x5dcb4f9db930 .part o0x77e69c2816f8, 58, 1;
L_0x5dcb4f9db9d0 .part o0x77e69c281728, 58, 1;
L_0x5dcb4f9db000 .part L_0x5dcb4f9e18f0, 58, 1;
L_0x5dcb4f9dc2f0 .part o0x77e69c2816f8, 59, 1;
L_0x5dcb4f9dba70 .part o0x77e69c281728, 59, 1;
L_0x5dcb4f9dbb10 .part L_0x5dcb4f9e18f0, 59, 1;
L_0x5dcb4f9dccd0 .part o0x77e69c2816f8, 60, 1;
L_0x5dcb4f9dcd70 .part o0x77e69c281728, 60, 1;
L_0x5dcb4f9dc390 .part L_0x5dcb4f9e18f0, 60, 1;
L_0x5dcb4f9dd6a0 .part o0x77e69c2816f8, 61, 1;
L_0x5dcb4f9dce10 .part o0x77e69c281728, 61, 1;
L_0x5dcb4f9dceb0 .part L_0x5dcb4f9e18f0, 61, 1;
L_0x5dcb4f9de060 .part o0x77e69c2816f8, 62, 1;
L_0x5dcb4f9de100 .part o0x77e69c281728, 62, 1;
L_0x5dcb4f9dd740 .part L_0x5dcb4f9e18f0, 62, 1;
L_0x5dcb4f9dea10 .part o0x77e69c2816f8, 63, 1;
L_0x5dcb4f9de1a0 .part o0x77e69c281728, 63, 1;
L_0x5dcb4f9de240 .part L_0x5dcb4f9e18f0, 63, 1;
LS_0x5dcb4f9de2e0_0_0 .concat8 [ 1 1 1 1], L_0x5dcb4f9afb60, L_0x5dcb4f9b0470, L_0x5dcb4f9b0e70, L_0x5dcb4f9b17d0;
LS_0x5dcb4f9de2e0_0_4 .concat8 [ 1 1 1 1], L_0x5dcb4f9b2130, L_0x5dcb4f9b29d0, L_0x5dcb4f9b3410, L_0x5dcb4f9b3d30;
LS_0x5dcb4f9de2e0_0_8 .concat8 [ 1 1 1 1], L_0x5dcb4f9b4670, L_0x5dcb4f9b4fc0, L_0x5dcb4f9b5ac0, L_0x5dcb4f9b64e0;
LS_0x5dcb4f9de2e0_0_12 .concat8 [ 1 1 1 1], L_0x5dcb4f9b6f60, L_0x5dcb4f9b7a40, L_0x5dcb4f9b8690, L_0x5dcb4f9b91a0;
LS_0x5dcb4f9de2e0_0_16 .concat8 [ 1 1 1 1], L_0x5dcb4f9ba480, L_0x5dcb4f9bafc0, L_0x5dcb4f9bbcd0, L_0x5dcb4f9bc6d0;
LS_0x5dcb4f9de2e0_0_20 .concat8 [ 1 1 1 1], L_0x5dcb4f9bd3b0, L_0x5dcb4f9bdf20, L_0x5dcb4f9bed80, L_0x5dcb4f9bf950;
LS_0x5dcb4f9de2e0_0_24 .concat8 [ 1 1 1 1], L_0x5dcb4f9c0780, L_0x5dcb4f9c1380, L_0x5dcb4f9c2210, L_0x5dcb4f9c2e40;
LS_0x5dcb4f9de2e0_0_28 .concat8 [ 1 1 1 1], L_0x5dcb4f9c3d30, L_0x5dcb4f9c4990, L_0x5dcb4f9c58e0, L_0x5dcb4f9c6570;
LS_0x5dcb4f9de2e0_0_32 .concat8 [ 1 1 1 1], L_0x5dcb4f9c7ce0, L_0x5dcb4f9c8940, L_0x5dcb4f9c99e0, L_0x5dcb4f9ca6d0;
LS_0x5dcb4f9de2e0_0_36 .concat8 [ 1 1 1 1], L_0x5dcb4f9cb740, L_0x5dcb4f9cc460, L_0x5dcb4f9cd530, L_0x5dcb4f9ce280;
LS_0x5dcb4f9de2e0_0_40 .concat8 [ 1 1 1 1], L_0x5dcb4f9cf3b0, L_0x5dcb4f9d0130, L_0x5dcb4f9d1260, L_0x5dcb4f9d1f80;
LS_0x5dcb4f9de2e0_0_44 .concat8 [ 1 1 1 1], L_0x5dcb4f9d2e30, L_0x5dcb4f9d37b0, L_0x5dcb4f9d4150, L_0x5dcb4f9d4b00;
LS_0x5dcb4f9de2e0_0_48 .concat8 [ 1 1 1 1], L_0x5dcb4f9d54d0, L_0x5dcb4f9d5e60, L_0x5dcb4f9d6810, L_0x5dcb4f9d71d0;
LS_0x5dcb4f9de2e0_0_52 .concat8 [ 1 1 1 1], L_0x5dcb4f9d7b60, L_0x5dcb4f9d8530, L_0x5dcb4f9d8f20, L_0x5dcb4f9d98a0;
LS_0x5dcb4f9de2e0_0_56 .concat8 [ 1 1 1 1], L_0x5dcb4f9da270, L_0x5dcb4f9dac50, L_0x5dcb4f9db620, L_0x5dcb4f9dc000;
LS_0x5dcb4f9de2e0_0_60 .concat8 [ 1 1 1 1], L_0x5dcb4f9dc990, L_0x5dcb4f9dc8b0, L_0x5dcb4f9ddd20, L_0x5dcb4f9ddc60;
LS_0x5dcb4f9de2e0_1_0 .concat8 [ 4 4 4 4], LS_0x5dcb4f9de2e0_0_0, LS_0x5dcb4f9de2e0_0_4, LS_0x5dcb4f9de2e0_0_8, LS_0x5dcb4f9de2e0_0_12;
LS_0x5dcb4f9de2e0_1_4 .concat8 [ 4 4 4 4], LS_0x5dcb4f9de2e0_0_16, LS_0x5dcb4f9de2e0_0_20, LS_0x5dcb4f9de2e0_0_24, LS_0x5dcb4f9de2e0_0_28;
LS_0x5dcb4f9de2e0_1_8 .concat8 [ 4 4 4 4], LS_0x5dcb4f9de2e0_0_32, LS_0x5dcb4f9de2e0_0_36, LS_0x5dcb4f9de2e0_0_40, LS_0x5dcb4f9de2e0_0_44;
LS_0x5dcb4f9de2e0_1_12 .concat8 [ 4 4 4 4], LS_0x5dcb4f9de2e0_0_48, LS_0x5dcb4f9de2e0_0_52, LS_0x5dcb4f9de2e0_0_56, LS_0x5dcb4f9de2e0_0_60;
L_0x5dcb4f9de2e0 .concat8 [ 16 16 16 16], LS_0x5dcb4f9de2e0_1_0, LS_0x5dcb4f9de2e0_1_4, LS_0x5dcb4f9de2e0_1_8, LS_0x5dcb4f9de2e0_1_12;
LS_0x5dcb4f9e18f0_0_0 .concat8 [ 1 1 1 1], L_0x5dcb4f9c96b0, L_0x5dcb4f9af740, L_0x5dcb4f9b0050, L_0x5dcb4f9b0a50;
LS_0x5dcb4f9e18f0_0_4 .concat8 [ 1 1 1 1], L_0x5dcb4f9b13b0, L_0x5dcb4f9b1e50, L_0x5dcb4f9b1de0, L_0x5dcb4f9b2ff0;
LS_0x5dcb4f9e18f0_0_8 .concat8 [ 1 1 1 1], L_0x5dcb4f9b3910, L_0x5dcb4f9b40e0, L_0x5dcb4f9b4ba0, L_0x5dcb4f9b56a0;
LS_0x5dcb4f9e18f0_0_12 .concat8 [ 1 1 1 1], L_0x5dcb4f9b60c0, L_0x5dcb4f9b68c0, L_0x5dcb4f9b75c0, L_0x5dcb4f9b8210;
LS_0x5dcb4f9e18f0_0_16 .concat8 [ 1 1 1 1], L_0x5dcb4f9b8d20, L_0x5dcb4f9ba000, L_0x5dcb4f9bab40, L_0x5dcb4f9bb850;
LS_0x5dcb4f9e18f0_0_20 .concat8 [ 1 1 1 1], L_0x5dcb4f8465d0, L_0x5dcb4f9bcf90, L_0x5dcb4f9bdaa0, L_0x5dcb4f9be870;
LS_0x5dcb4f9e18f0_0_24 .concat8 [ 1 1 1 1], L_0x5dcb4f9bf4d0, L_0x5dcb4f9c0300, L_0x5dcb4f9c0f00, L_0x5dcb4f9c1d90;
LS_0x5dcb4f9e18f0_0_28 .concat8 [ 1 1 1 1], L_0x5dcb4f9c29c0, L_0x5dcb4f9c38b0, L_0x5dcb4f9c4510, L_0x5dcb4f9c5460;
LS_0x5dcb4f9e18f0_0_32 .concat8 [ 1 1 1 1], L_0x5dcb4f9c60f0, L_0x5dcb4f9c78c0, L_0x5dcb4f9c84f0, L_0x5dcb4f9c94d0;
LS_0x5dcb4f9e18f0_0_36 .concat8 [ 1 1 1 1], L_0x5dcb4f9ca250, L_0x5dcb4f9cb2c0, L_0x5dcb4f9cbfe0, L_0x5dcb4f9cd0b0;
LS_0x5dcb4f9e18f0_0_40 .concat8 [ 1 1 1 1], L_0x5dcb4f9cde00, L_0x5dcb4f9cef30, L_0x5dcb4f9cfcb0, L_0x5dcb4f9d0e40;
LS_0x5dcb4f9e18f0_0_44 .concat8 [ 1 1 1 1], L_0x5dcb4f9d1b60, L_0x5dcb4f9d2360, L_0x5dcb4f9d2960, L_0x5dcb4f9d33c0;
LS_0x5dcb4f9e18f0_0_48 .concat8 [ 1 1 1 1], L_0x5dcb4f9d3c00, L_0x5dcb4f9d46e0, L_0x5dcb4f9d4f50, L_0x5dcb4f9d5a60;
LS_0x5dcb4f9e18f0_0_52 .concat8 [ 1 1 1 1], L_0x5dcb4f9d62b0, L_0x5dcb4f9d6da0, L_0x5dcb4f9d7620, L_0x5dcb4f9d8120;
LS_0x5dcb4f9e18f0_0_56 .concat8 [ 1 1 1 1], L_0x5dcb4f9d89b0, L_0x5dcb4f9d94b0, L_0x5dcb4f9d9d20, L_0x5dcb4f9da830;
LS_0x5dcb4f9e18f0_0_60 .concat8 [ 1 1 1 1], L_0x5dcb4f9db0a0, L_0x5dcb4f9dbbb0, L_0x5dcb4f9dc430, L_0x5dcb4f9dcf50;
LS_0x5dcb4f9e18f0_0_64 .concat8 [ 1 0 0 0], L_0x5dcb4f9dd7e0;
LS_0x5dcb4f9e18f0_1_0 .concat8 [ 4 4 4 4], LS_0x5dcb4f9e18f0_0_0, LS_0x5dcb4f9e18f0_0_4, LS_0x5dcb4f9e18f0_0_8, LS_0x5dcb4f9e18f0_0_12;
LS_0x5dcb4f9e18f0_1_4 .concat8 [ 4 4 4 4], LS_0x5dcb4f9e18f0_0_16, LS_0x5dcb4f9e18f0_0_20, LS_0x5dcb4f9e18f0_0_24, LS_0x5dcb4f9e18f0_0_28;
LS_0x5dcb4f9e18f0_1_8 .concat8 [ 4 4 4 4], LS_0x5dcb4f9e18f0_0_32, LS_0x5dcb4f9e18f0_0_36, LS_0x5dcb4f9e18f0_0_40, LS_0x5dcb4f9e18f0_0_44;
LS_0x5dcb4f9e18f0_1_12 .concat8 [ 4 4 4 4], LS_0x5dcb4f9e18f0_0_48, LS_0x5dcb4f9e18f0_0_52, LS_0x5dcb4f9e18f0_0_56, LS_0x5dcb4f9e18f0_0_60;
LS_0x5dcb4f9e18f0_1_16 .concat8 [ 1 0 0 0], LS_0x5dcb4f9e18f0_0_64;
LS_0x5dcb4f9e18f0_2_0 .concat8 [ 16 16 16 16], LS_0x5dcb4f9e18f0_1_0, LS_0x5dcb4f9e18f0_1_4, LS_0x5dcb4f9e18f0_1_8, LS_0x5dcb4f9e18f0_1_12;
LS_0x5dcb4f9e18f0_2_4 .concat8 [ 1 0 0 0], LS_0x5dcb4f9e18f0_1_16;
L_0x5dcb4f9e18f0 .concat8 [ 64 1 0 0], LS_0x5dcb4f9e18f0_2_0, LS_0x5dcb4f9e18f0_2_4;
L_0x5dcb4f9e08e0 .part L_0x5dcb4f9e18f0, 64, 1;
S_0x5dcb4f905b10 .scope generate, "rca_gen[0]" "rca_gen[0]" 5 35, 5 35 0, S_0x5dcb4f853690;
 .timescale 0 0;
P_0x5dcb4f905d30 .param/l "i" 0 5 35, +C4<00>;
S_0x5dcb4f905e10 .scope module, "fa" "FA_Gate" 5 36, 6 20 0, S_0x5dcb4f905b10;
 .timescale 0 0;
    .port_info 0 /INPUT 1 "a";
    .port_info 1 /INPUT 1 "b";
    .port_info 2 /INPUT 1 "cin";
    .port_info 3 /OUTPUT 1 "sum";
    .port_info 4 /OUTPUT 1 "cout";
L_0x5dcb4f9af740/d .functor OR 1, L_0x5dcb4f9af960, L_0x5dcb4f9afcc0, C4<0>, C4<0>;
L_0x5dcb4f9af740 .delay 1 (2,2,2) L_0x5dcb4f9af740/d;
L_0x5dcb4f9af850/d .functor XOR 1, L_0x5dcb4f9afe70, L_0x5dcb4f9aff10, C4<0>, C4<0>;
L_0x5dcb4f9af850 .delay 1 (2,2,2) L_0x5dcb4f9af850/d;
L_0x5dcb4f9af960/d .functor AND 1, L_0x5dcb4f9afe70, L_0x5dcb4f9aff10, C4<1>, C4<1>;
L_0x5dcb4f9af960 .delay 1 (2,2,2) L_0x5dcb4f9af960/d;
L_0x5dcb4f9afb60/d .functor XOR 1, L_0x5dcb4f9affb0, L_0x5dcb4f9af850, C4<0>, C4<0>;
L_0x5dcb4f9afb60 .delay 1 (2,2,2) L_0x5dcb4f9afb60/d;
L_0x5dcb4f9afcc0/d .functor AND 1, L_0x5dcb4f9affb0, L_0x5dcb4f9af850, C4<1>, C4<1>;
L_0x5dcb4f9afcc0 .delay 1 (2,2,2) L_0x5dcb4f9afcc0/d;
v0x5dcb4f906070_0 .net "a", 0 0, L_0x5dcb4f9afe70;  1 drivers
v0x5dcb4f906150_0 .net "b", 0 0, L_0x5dcb4f9aff10;  1 drivers
v0x5dcb4f906210_0 .net "cin", 0 0, L_0x5dcb4f9affb0;  1 drivers
v0x5dcb4f9062e0_0 .net "cout", 0 0, L_0x5dcb4f9af740;  1 drivers
v0x5dcb4f9063a0_0 .net "pc1", 0 0, L_0x5dcb4f9af960;  1 drivers
v0x5dcb4f9064b0_0 .net "pc2", 0 0, L_0x5dcb4f9afcc0;  1 drivers
v0x5dcb4f906570_0 .net "ps", 0 0, L_0x5dcb4f9af850;  1 drivers
v0x5dcb4f906630_0 .net "sum", 0 0, L_0x5dcb4f9afb60;  1 drivers
S_0x5dcb4f906790 .scope generate, "rca_gen[1]" "rca_gen[1]" 5 35, 5 35 0, S_0x5dcb4f853690;
 .timescale 0 0;
P_0x5dcb4f9069b0 .param/l "i" 0 5 35, +C4<01>;
S_0x5dcb4f906a70 .scope module, "fa" "FA_Gate" 5 36, 6 20 0, S_0x5dcb4f906790;
 .timescale 0 0;
    .port_info 0 /INPUT 1 "a";
    .port_info 1 /INPUT 1 "b";
    .port_info 2 /INPUT 1 "cin";
    .port_info 3 /OUTPUT 1 "sum";
    .port_info 4 /OUTPUT 1 "cout";
L_0x5dcb4f9b0050/d .functor OR 1, L_0x5dcb4f9b0270, L_0x5dcb4f9b05d0, C4<0>, C4<0>;
L_0x5dcb4f9b0050 .delay 1 (2,2,2) L_0x5dcb4f9b0050/d;
L_0x5dcb4f9b0160/d .functor XOR 1, L_0x5dcb4f9b0780, L_0x5dcb4f9b0870, C4<0>, C4<0>;
L_0x5dcb4f9b0160 .delay 1 (2,2,2) L_0x5dcb4f9b0160/d;
L_0x5dcb4f9b0270/d .functor AND 1, L_0x5dcb4f9b0780, L_0x5dcb4f9b0870, C4<1>, C4<1>;
L_0x5dcb4f9b0270 .delay 1 (2,2,2) L_0x5dcb4f9b0270/d;
L_0x5dcb4f9b0470/d .functor XOR 1, L_0x5dcb4f9b0960, L_0x5dcb4f9b0160, C4<0>, C4<0>;
L_0x5dcb4f9b0470 .delay 1 (2,2,2) L_0x5dcb4f9b0470/d;
L_0x5dcb4f9b05d0/d .functor AND 1, L_0x5dcb4f9b0960, L_0x5dcb4f9b0160, C4<1>, C4<1>;
L_0x5dcb4f9b05d0 .delay 1 (2,2,2) L_0x5dcb4f9b05d0/d;
v0x5dcb4f906cd0_0 .net "a", 0 0, L_0x5dcb4f9b0780;  1 drivers
v0x5dcb4f906db0_0 .net "b", 0 0, L_0x5dcb4f9b0870;  1 drivers
v0x5dcb4f906e70_0 .net "cin", 0 0, L_0x5dcb4f9b0960;  1 drivers
v0x5dcb4f906f40_0 .net "cout", 0 0, L_0x5dcb4f9b0050;  1 drivers
v0x5dcb4f907000_0 .net "pc1", 0 0, L_0x5dcb4f9b0270;  1 drivers
v0x5dcb4f907110_0 .net "pc2", 0 0, L_0x5dcb4f9b05d0;  1 drivers
v0x5dcb4f9071d0_0 .net "ps", 0 0, L_0x5dcb4f9b0160;  1 drivers
v0x5dcb4f907290_0 .net "sum", 0 0, L_0x5dcb4f9b0470;  1 drivers
S_0x5dcb4f9073f0 .scope generate, "rca_gen[2]" "rca_gen[2]" 5 35, 5 35 0, S_0x5dcb4f853690;
 .timescale 0 0;
P_0x5dcb4f9075f0 .param/l "i" 0 5 35, +C4<010>;
S_0x5dcb4f9076b0 .scope module, "fa" "FA_Gate" 5 36, 6 20 0, S_0x5dcb4f9073f0;
 .timescale 0 0;
    .port_info 0 /INPUT 1 "a";
    .port_info 1 /INPUT 1 "b";
    .port_info 2 /INPUT 1 "cin";
    .port_info 3 /OUTPUT 1 "sum";
    .port_info 4 /OUTPUT 1 "cout";
L_0x5dcb4f9b0a50/d .functor OR 1, L_0x5dcb4f9b0c70, L_0x5dcb4f9b0fd0, C4<0>, C4<0>;
L_0x5dcb4f9b0a50 .delay 1 (2,2,2) L_0x5dcb4f9b0a50/d;
L_0x5dcb4f9b0b60/d .functor XOR 1, L_0x5dcb4f9b1180, L_0x5dcb4f9b1220, C4<0>, C4<0>;
L_0x5dcb4f9b0b60 .delay 1 (2,2,2) L_0x5dcb4f9b0b60/d;
L_0x5dcb4f9b0c70/d .functor AND 1, L_0x5dcb4f9b1180, L_0x5dcb4f9b1220, C4<1>, C4<1>;
L_0x5dcb4f9b0c70 .delay 1 (2,2,2) L_0x5dcb4f9b0c70/d;
L_0x5dcb4f9b0e70/d .functor XOR 1, L_0x5dcb4f9b1310, L_0x5dcb4f9b0b60, C4<0>, C4<0>;
L_0x5dcb4f9b0e70 .delay 1 (2,2,2) L_0x5dcb4f9b0e70/d;
L_0x5dcb4f9b0fd0/d .functor AND 1, L_0x5dcb4f9b1310, L_0x5dcb4f9b0b60, C4<1>, C4<1>;
L_0x5dcb4f9b0fd0 .delay 1 (2,2,2) L_0x5dcb4f9b0fd0/d;
v0x5dcb4f907940_0 .net "a", 0 0, L_0x5dcb4f9b1180;  1 drivers
v0x5dcb4f907a20_0 .net "b", 0 0, L_0x5dcb4f9b1220;  1 drivers
v0x5dcb4f907ae0_0 .net "cin", 0 0, L_0x5dcb4f9b1310;  1 drivers
v0x5dcb4f907bb0_0 .net "cout", 0 0, L_0x5dcb4f9b0a50;  1 drivers
v0x5dcb4f907c70_0 .net "pc1", 0 0, L_0x5dcb4f9b0c70;  1 drivers
v0x5dcb4f907d80_0 .net "pc2", 0 0, L_0x5dcb4f9b0fd0;  1 drivers
v0x5dcb4f907e40_0 .net "ps", 0 0, L_0x5dcb4f9b0b60;  1 drivers
v0x5dcb4f907f00_0 .net "sum", 0 0, L_0x5dcb4f9b0e70;  1 drivers
S_0x5dcb4f908060 .scope generate, "rca_gen[3]" "rca_gen[3]" 5 35, 5 35 0, S_0x5dcb4f853690;
 .timescale 0 0;
P_0x5dcb4f908260 .param/l "i" 0 5 35, +C4<011>;
S_0x5dcb4f908340 .scope module, "fa" "FA_Gate" 5 36, 6 20 0, S_0x5dcb4f908060;
 .timescale 0 0;
    .port_info 0 /INPUT 1 "a";
    .port_info 1 /INPUT 1 "b";
    .port_info 2 /INPUT 1 "cin";
    .port_info 3 /OUTPUT 1 "sum";
    .port_info 4 /OUTPUT 1 "cout";
L_0x5dcb4f9b13b0/d .functor OR 1, L_0x5dcb4f9b15d0, L_0x5dcb4f9b1930, C4<0>, C4<0>;
L_0x5dcb4f9b13b0 .delay 1 (2,2,2) L_0x5dcb4f9b13b0/d;
L_0x5dcb4f9b14c0/d .functor XOR 1, L_0x5dcb4f9b1ae0, L_0x5dcb4f9b1b80, C4<0>, C4<0>;
L_0x5dcb4f9b14c0 .delay 1 (2,2,2) L_0x5dcb4f9b14c0/d;
L_0x5dcb4f9b15d0/d .functor AND 1, L_0x5dcb4f9b1ae0, L_0x5dcb4f9b1b80, C4<1>, C4<1>;
L_0x5dcb4f9b15d0 .delay 1 (2,2,2) L_0x5dcb4f9b15d0/d;
L_0x5dcb4f9b17d0/d .functor XOR 1, L_0x5dcb4f9b1cb0, L_0x5dcb4f9b14c0, C4<0>, C4<0>;
L_0x5dcb4f9b17d0 .delay 1 (2,2,2) L_0x5dcb4f9b17d0/d;
L_0x5dcb4f9b1930/d .functor AND 1, L_0x5dcb4f9b1cb0, L_0x5dcb4f9b14c0, C4<1>, C4<1>;
L_0x5dcb4f9b1930 .delay 1 (2,2,2) L_0x5dcb4f9b1930/d;
v0x5dcb4f9085a0_0 .net "a", 0 0, L_0x5dcb4f9b1ae0;  1 drivers
v0x5dcb4f908680_0 .net "b", 0 0, L_0x5dcb4f9b1b80;  1 drivers
v0x5dcb4f908740_0 .net "cin", 0 0, L_0x5dcb4f9b1cb0;  1 drivers
v0x5dcb4f908810_0 .net "cout", 0 0, L_0x5dcb4f9b13b0;  1 drivers
v0x5dcb4f9088d0_0 .net "pc1", 0 0, L_0x5dcb4f9b15d0;  1 drivers
v0x5dcb4f9089e0_0 .net "pc2", 0 0, L_0x5dcb4f9b1930;  1 drivers
v0x5dcb4f908aa0_0 .net "ps", 0 0, L_0x5dcb4f9b14c0;  1 drivers
v0x5dcb4f908b60_0 .net "sum", 0 0, L_0x5dcb4f9b17d0;  1 drivers
S_0x5dcb4f908cc0 .scope generate, "rca_gen[4]" "rca_gen[4]" 5 35, 5 35 0, S_0x5dcb4f853690;
 .timescale 0 0;
P_0x5dcb4f908f10 .param/l "i" 0 5 35, +C4<0100>;
S_0x5dcb4f908ff0 .scope module, "fa" "FA_Gate" 5 36, 6 20 0, S_0x5dcb4f908cc0;
 .timescale 0 0;
    .port_info 0 /INPUT 1 "a";
    .port_info 1 /INPUT 1 "b";
    .port_info 2 /INPUT 1 "cin";
    .port_info 3 /OUTPUT 1 "sum";
    .port_info 4 /OUTPUT 1 "cout";
L_0x5dcb4f9b1e50/d .functor OR 1, L_0x5dcb4f9b1fd0, L_0x5dcb4f9b2290, C4<0>, C4<0>;
L_0x5dcb4f9b1e50 .delay 1 (2,2,2) L_0x5dcb4f9b1e50/d;
L_0x5dcb4f9b1f10/d .functor XOR 1, L_0x5dcb4f9b2440, L_0x5dcb4f9b24e0, C4<0>, C4<0>;
L_0x5dcb4f9b1f10 .delay 1 (2,2,2) L_0x5dcb4f9b1f10/d;
L_0x5dcb4f9b1fd0/d .functor AND 1, L_0x5dcb4f9b2440, L_0x5dcb4f9b24e0, C4<1>, C4<1>;
L_0x5dcb4f9b1fd0 .delay 1 (2,2,2) L_0x5dcb4f9b1fd0/d;
L_0x5dcb4f9b2130/d .functor XOR 1, L_0x5dcb4f9b2580, L_0x5dcb4f9b1f10, C4<0>, C4<0>;
L_0x5dcb4f9b2130 .delay 1 (2,2,2) L_0x5dcb4f9b2130/d;
L_0x5dcb4f9b2290/d .functor AND 1, L_0x5dcb4f9b2580, L_0x5dcb4f9b1f10, C4<1>, C4<1>;
L_0x5dcb4f9b2290 .delay 1 (2,2,2) L_0x5dcb4f9b2290/d;
v0x5dcb4f909250_0 .net "a", 0 0, L_0x5dcb4f9b2440;  1 drivers
v0x5dcb4f909330_0 .net "b", 0 0, L_0x5dcb4f9b24e0;  1 drivers
v0x5dcb4f9093f0_0 .net "cin", 0 0, L_0x5dcb4f9b2580;  1 drivers
v0x5dcb4f909490_0 .net "cout", 0 0, L_0x5dcb4f9b1e50;  1 drivers
v0x5dcb4f909550_0 .net "pc1", 0 0, L_0x5dcb4f9b1fd0;  1 drivers
v0x5dcb4f909660_0 .net "pc2", 0 0, L_0x5dcb4f9b2290;  1 drivers
v0x5dcb4f909720_0 .net "ps", 0 0, L_0x5dcb4f9b1f10;  1 drivers
v0x5dcb4f9097e0_0 .net "sum", 0 0, L_0x5dcb4f9b2130;  1 drivers
S_0x5dcb4f909940 .scope generate, "rca_gen[5]" "rca_gen[5]" 5 35, 5 35 0, S_0x5dcb4f853690;
 .timescale 0 0;
P_0x5dcb4f909b40 .param/l "i" 0 5 35, +C4<0101>;
S_0x5dcb4f909c20 .scope module, "fa" "FA_Gate" 5 36, 6 20 0, S_0x5dcb4f909940;
 .timescale 0 0;
    .port_info 0 /INPUT 1 "a";
    .port_info 1 /INPUT 1 "b";
    .port_info 2 /INPUT 1 "cin";
    .port_info 3 /OUTPUT 1 "sum";
    .port_info 4 /OUTPUT 1 "cout";
L_0x5dcb4f9b1de0/d .functor OR 1, L_0x5dcb4f9b27d0, L_0x5dcb4f9b2b30, C4<0>, C4<0>;
L_0x5dcb4f9b1de0 .delay 1 (2,2,2) L_0x5dcb4f9b1de0/d;
L_0x5dcb4f9b26c0/d .functor XOR 1, L_0x5dcb4f9b2ce0, L_0x5dcb4f9b2e10, C4<0>, C4<0>;
L_0x5dcb4f9b26c0 .delay 1 (2,2,2) L_0x5dcb4f9b26c0/d;
L_0x5dcb4f9b27d0/d .functor AND 1, L_0x5dcb4f9b2ce0, L_0x5dcb4f9b2e10, C4<1>, C4<1>;
L_0x5dcb4f9b27d0 .delay 1 (2,2,2) L_0x5dcb4f9b27d0/d;
L_0x5dcb4f9b29d0/d .functor XOR 1, L_0x5dcb4f9b2eb0, L_0x5dcb4f9b26c0, C4<0>, C4<0>;
L_0x5dcb4f9b29d0 .delay 1 (2,2,2) L_0x5dcb4f9b29d0/d;
L_0x5dcb4f9b2b30/d .functor AND 1, L_0x5dcb4f9b2eb0, L_0x5dcb4f9b26c0, C4<1>, C4<1>;
L_0x5dcb4f9b2b30 .delay 1 (2,2,2) L_0x5dcb4f9b2b30/d;
v0x5dcb4f909e80_0 .net "a", 0 0, L_0x5dcb4f9b2ce0;  1 drivers
v0x5dcb4f909f60_0 .net "b", 0 0, L_0x5dcb4f9b2e10;  1 drivers
v0x5dcb4f90a020_0 .net "cin", 0 0, L_0x5dcb4f9b2eb0;  1 drivers
v0x5dcb4f90a0f0_0 .net "cout", 0 0, L_0x5dcb4f9b1de0;  1 drivers
v0x5dcb4f90a1b0_0 .net "pc1", 0 0, L_0x5dcb4f9b27d0;  1 drivers
v0x5dcb4f90a2c0_0 .net "pc2", 0 0, L_0x5dcb4f9b2b30;  1 drivers
v0x5dcb4f90a380_0 .net "ps", 0 0, L_0x5dcb4f9b26c0;  1 drivers
v0x5dcb4f90a440_0 .net "sum", 0 0, L_0x5dcb4f9b29d0;  1 drivers
S_0x5dcb4f90a5a0 .scope generate, "rca_gen[6]" "rca_gen[6]" 5 35, 5 35 0, S_0x5dcb4f853690;
 .timescale 0 0;
P_0x5dcb4f90a7a0 .param/l "i" 0 5 35, +C4<0110>;
S_0x5dcb4f90a880 .scope module, "fa" "FA_Gate" 5 36, 6 20 0, S_0x5dcb4f90a5a0;
 .timescale 0 0;
    .port_info 0 /INPUT 1 "a";
    .port_info 1 /INPUT 1 "b";
    .port_info 2 /INPUT 1 "cin";
    .port_info 3 /OUTPUT 1 "sum";
    .port_info 4 /OUTPUT 1 "cout";
L_0x5dcb4f9b2ff0/d .functor OR 1, L_0x5dcb4f9b3210, L_0x5dcb4f9b3570, C4<0>, C4<0>;
L_0x5dcb4f9b2ff0 .delay 1 (2,2,2) L_0x5dcb4f9b2ff0/d;
L_0x5dcb4f9b3100/d .functor XOR 1, L_0x5dcb4f9b3720, L_0x5dcb4f9b37c0, C4<0>, C4<0>;
L_0x5dcb4f9b3100 .delay 1 (2,2,2) L_0x5dcb4f9b3100/d;
L_0x5dcb4f9b3210/d .functor AND 1, L_0x5dcb4f9b3720, L_0x5dcb4f9b37c0, C4<1>, C4<1>;
L_0x5dcb4f9b3210 .delay 1 (2,2,2) L_0x5dcb4f9b3210/d;
L_0x5dcb4f9b3410/d .functor XOR 1, L_0x5dcb4f9b2f50, L_0x5dcb4f9b3100, C4<0>, C4<0>;
L_0x5dcb4f9b3410 .delay 1 (2,2,2) L_0x5dcb4f9b3410/d;
L_0x5dcb4f9b3570/d .functor AND 1, L_0x5dcb4f9b2f50, L_0x5dcb4f9b3100, C4<1>, C4<1>;
L_0x5dcb4f9b3570 .delay 1 (2,2,2) L_0x5dcb4f9b3570/d;
v0x5dcb4f90aae0_0 .net "a", 0 0, L_0x5dcb4f9b3720;  1 drivers
v0x5dcb4f90abc0_0 .net "b", 0 0, L_0x5dcb4f9b37c0;  1 drivers
v0x5dcb4f90ac80_0 .net "cin", 0 0, L_0x5dcb4f9b2f50;  1 drivers
v0x5dcb4f90ad50_0 .net "cout", 0 0, L_0x5dcb4f9b2ff0;  1 drivers
v0x5dcb4f90ae10_0 .net "pc1", 0 0, L_0x5dcb4f9b3210;  1 drivers
v0x5dcb4f90af20_0 .net "pc2", 0 0, L_0x5dcb4f9b3570;  1 drivers
v0x5dcb4f90afe0_0 .net "ps", 0 0, L_0x5dcb4f9b3100;  1 drivers
v0x5dcb4f90b0a0_0 .net "sum", 0 0, L_0x5dcb4f9b3410;  1 drivers
S_0x5dcb4f90b200 .scope generate, "rca_gen[7]" "rca_gen[7]" 5 35, 5 35 0, S_0x5dcb4f853690;
 .timescale 0 0;
P_0x5dcb4f90b400 .param/l "i" 0 5 35, +C4<0111>;
S_0x5dcb4f90b4e0 .scope module, "fa" "FA_Gate" 5 36, 6 20 0, S_0x5dcb4f90b200;
 .timescale 0 0;
    .port_info 0 /INPUT 1 "a";
    .port_info 1 /INPUT 1 "b";
    .port_info 2 /INPUT 1 "cin";
    .port_info 3 /OUTPUT 1 "sum";
    .port_info 4 /OUTPUT 1 "cout";
L_0x5dcb4f9b3910/d .functor OR 1, L_0x5dcb4f9b3b30, L_0x5dcb4f9b3e90, C4<0>, C4<0>;
L_0x5dcb4f9b3910 .delay 1 (2,2,2) L_0x5dcb4f9b3910/d;
L_0x5dcb4f9b3a20/d .functor XOR 1, L_0x5dcb4f9b4040, L_0x5dcb4f9b3860, C4<0>, C4<0>;
L_0x5dcb4f9b3a20 .delay 1 (2,2,2) L_0x5dcb4f9b3a20/d;
L_0x5dcb4f9b3b30/d .functor AND 1, L_0x5dcb4f9b4040, L_0x5dcb4f9b3860, C4<1>, C4<1>;
L_0x5dcb4f9b3b30 .delay 1 (2,2,2) L_0x5dcb4f9b3b30/d;
L_0x5dcb4f9b3d30/d .functor XOR 1, L_0x5dcb4f9b41a0, L_0x5dcb4f9b3a20, C4<0>, C4<0>;
L_0x5dcb4f9b3d30 .delay 1 (2,2,2) L_0x5dcb4f9b3d30/d;
L_0x5dcb4f9b3e90/d .functor AND 1, L_0x5dcb4f9b41a0, L_0x5dcb4f9b3a20, C4<1>, C4<1>;
L_0x5dcb4f9b3e90 .delay 1 (2,2,2) L_0x5dcb4f9b3e90/d;
v0x5dcb4f90b740_0 .net "a", 0 0, L_0x5dcb4f9b4040;  1 drivers
v0x5dcb4f90b820_0 .net "b", 0 0, L_0x5dcb4f9b3860;  1 drivers
v0x5dcb4f90b8e0_0 .net "cin", 0 0, L_0x5dcb4f9b41a0;  1 drivers
v0x5dcb4f90b9b0_0 .net "cout", 0 0, L_0x5dcb4f9b3910;  1 drivers
v0x5dcb4f90ba70_0 .net "pc1", 0 0, L_0x5dcb4f9b3b30;  1 drivers
v0x5dcb4f90bb80_0 .net "pc2", 0 0, L_0x5dcb4f9b3e90;  1 drivers
v0x5dcb4f90bc40_0 .net "ps", 0 0, L_0x5dcb4f9b3a20;  1 drivers
v0x5dcb4f90bd00_0 .net "sum", 0 0, L_0x5dcb4f9b3d30;  1 drivers
S_0x5dcb4f90be60 .scope generate, "rca_gen[8]" "rca_gen[8]" 5 35, 5 35 0, S_0x5dcb4f853690;
 .timescale 0 0;
P_0x5dcb4f908ec0 .param/l "i" 0 5 35, +C4<01000>;
S_0x5dcb4f90c0f0 .scope module, "fa" "FA_Gate" 5 36, 6 20 0, S_0x5dcb4f90be60;
 .timescale 0 0;
    .port_info 0 /INPUT 1 "a";
    .port_info 1 /INPUT 1 "b";
    .port_info 2 /INPUT 1 "cin";
    .port_info 3 /OUTPUT 1 "sum";
    .port_info 4 /OUTPUT 1 "cout";
L_0x5dcb4f9b40e0/d .functor OR 1, L_0x5dcb4f9b4470, L_0x5dcb4f9b47d0, C4<0>, C4<0>;
L_0x5dcb4f9b40e0 .delay 1 (2,2,2) L_0x5dcb4f9b40e0/d;
L_0x5dcb4f9b4360/d .functor XOR 1, L_0x5dcb4f9b4980, L_0x5dcb4f9b4a20, C4<0>, C4<0>;
L_0x5dcb4f9b4360 .delay 1 (2,2,2) L_0x5dcb4f9b4360/d;
L_0x5dcb4f9b4470/d .functor AND 1, L_0x5dcb4f9b4980, L_0x5dcb4f9b4a20, C4<1>, C4<1>;
L_0x5dcb4f9b4470 .delay 1 (2,2,2) L_0x5dcb4f9b4470/d;
L_0x5dcb4f9b4670/d .functor XOR 1, L_0x5dcb4f9b4240, L_0x5dcb4f9b4360, C4<0>, C4<0>;
L_0x5dcb4f9b4670 .delay 1 (2,2,2) L_0x5dcb4f9b4670/d;
L_0x5dcb4f9b47d0/d .functor AND 1, L_0x5dcb4f9b4240, L_0x5dcb4f9b4360, C4<1>, C4<1>;
L_0x5dcb4f9b47d0 .delay 1 (2,2,2) L_0x5dcb4f9b47d0/d;
v0x5dcb4f90c350_0 .net "a", 0 0, L_0x5dcb4f9b4980;  1 drivers
v0x5dcb4f90c430_0 .net "b", 0 0, L_0x5dcb4f9b4a20;  1 drivers
v0x5dcb4f90c4f0_0 .net "cin", 0 0, L_0x5dcb4f9b4240;  1 drivers
v0x5dcb4f90c5c0_0 .net "cout", 0 0, L_0x5dcb4f9b40e0;  1 drivers
v0x5dcb4f90c680_0 .net "pc1", 0 0, L_0x5dcb4f9b4470;  1 drivers
v0x5dcb4f90c790_0 .net "pc2", 0 0, L_0x5dcb4f9b47d0;  1 drivers
v0x5dcb4f90c850_0 .net "ps", 0 0, L_0x5dcb4f9b4360;  1 drivers
v0x5dcb4f90c910_0 .net "sum", 0 0, L_0x5dcb4f9b4670;  1 drivers
S_0x5dcb4f90ca70 .scope generate, "rca_gen[9]" "rca_gen[9]" 5 35, 5 35 0, S_0x5dcb4f853690;
 .timescale 0 0;
P_0x5dcb4f90cc70 .param/l "i" 0 5 35, +C4<01001>;
S_0x5dcb4f90cd50 .scope module, "fa" "FA_Gate" 5 36, 6 20 0, S_0x5dcb4f90ca70;
 .timescale 0 0;
    .port_info 0 /INPUT 1 "a";
    .port_info 1 /INPUT 1 "b";
    .port_info 2 /INPUT 1 "cin";
    .port_info 3 /OUTPUT 1 "sum";
    .port_info 4 /OUTPUT 1 "cout";
L_0x5dcb4f9b4ba0/d .functor OR 1, L_0x5dcb4f9b4dc0, L_0x5dcb4f9b5120, C4<0>, C4<0>;
L_0x5dcb4f9b4ba0 .delay 1 (2,2,2) L_0x5dcb4f9b4ba0/d;
L_0x5dcb4f9b4cb0/d .functor XOR 1, L_0x5dcb4f9b52d0, L_0x5dcb4f9b5460, C4<0>, C4<0>;
L_0x5dcb4f9b4cb0 .delay 1 (2,2,2) L_0x5dcb4f9b4cb0/d;
L_0x5dcb4f9b4dc0/d .functor AND 1, L_0x5dcb4f9b52d0, L_0x5dcb4f9b5460, C4<1>, C4<1>;
L_0x5dcb4f9b4dc0 .delay 1 (2,2,2) L_0x5dcb4f9b4dc0/d;
L_0x5dcb4f9b4fc0/d .functor XOR 1, L_0x5dcb4f9b5500, L_0x5dcb4f9b4cb0, C4<0>, C4<0>;
L_0x5dcb4f9b4fc0 .delay 1 (2,2,2) L_0x5dcb4f9b4fc0/d;
L_0x5dcb4f9b5120/d .functor AND 1, L_0x5dcb4f9b5500, L_0x5dcb4f9b4cb0, C4<1>, C4<1>;
L_0x5dcb4f9b5120 .delay 1 (2,2,2) L_0x5dcb4f9b5120/d;
v0x5dcb4f90cfb0_0 .net "a", 0 0, L_0x5dcb4f9b52d0;  1 drivers
v0x5dcb4f90d090_0 .net "b", 0 0, L_0x5dcb4f9b5460;  1 drivers
v0x5dcb4f90d150_0 .net "cin", 0 0, L_0x5dcb4f9b5500;  1 drivers
v0x5dcb4f90d220_0 .net "cout", 0 0, L_0x5dcb4f9b4ba0;  1 drivers
v0x5dcb4f90d2e0_0 .net "pc1", 0 0, L_0x5dcb4f9b4dc0;  1 drivers
v0x5dcb4f90d3f0_0 .net "pc2", 0 0, L_0x5dcb4f9b5120;  1 drivers
v0x5dcb4f90d4b0_0 .net "ps", 0 0, L_0x5dcb4f9b4cb0;  1 drivers
v0x5dcb4f90d570_0 .net "sum", 0 0, L_0x5dcb4f9b4fc0;  1 drivers
S_0x5dcb4f90d6d0 .scope generate, "rca_gen[10]" "rca_gen[10]" 5 35, 5 35 0, S_0x5dcb4f853690;
 .timescale 0 0;
P_0x5dcb4f90d8d0 .param/l "i" 0 5 35, +C4<01010>;
S_0x5dcb4f90d9b0 .scope module, "fa" "FA_Gate" 5 36, 6 20 0, S_0x5dcb4f90d6d0;
 .timescale 0 0;
    .port_info 0 /INPUT 1 "a";
    .port_info 1 /INPUT 1 "b";
    .port_info 2 /INPUT 1 "cin";
    .port_info 3 /OUTPUT 1 "sum";
    .port_info 4 /OUTPUT 1 "cout";
L_0x5dcb4f9b56a0/d .functor OR 1, L_0x5dcb4f9b58c0, L_0x5dcb4f9b5c20, C4<0>, C4<0>;
L_0x5dcb4f9b56a0 .delay 1 (2,2,2) L_0x5dcb4f9b56a0/d;
L_0x5dcb4f9b57b0/d .functor XOR 1, L_0x5dcb4f9b5dd0, L_0x5dcb4f9b5e70, C4<0>, C4<0>;
L_0x5dcb4f9b57b0 .delay 1 (2,2,2) L_0x5dcb4f9b57b0/d;
L_0x5dcb4f9b58c0/d .functor AND 1, L_0x5dcb4f9b5dd0, L_0x5dcb4f9b5e70, C4<1>, C4<1>;
L_0x5dcb4f9b58c0 .delay 1 (2,2,2) L_0x5dcb4f9b58c0/d;
L_0x5dcb4f9b5ac0/d .functor XOR 1, L_0x5dcb4f9b6020, L_0x5dcb4f9b57b0, C4<0>, C4<0>;
L_0x5dcb4f9b5ac0 .delay 1 (2,2,2) L_0x5dcb4f9b5ac0/d;
L_0x5dcb4f9b5c20/d .functor AND 1, L_0x5dcb4f9b6020, L_0x5dcb4f9b57b0, C4<1>, C4<1>;
L_0x5dcb4f9b5c20 .delay 1 (2,2,2) L_0x5dcb4f9b5c20/d;
v0x5dcb4f90dc10_0 .net "a", 0 0, L_0x5dcb4f9b5dd0;  1 drivers
v0x5dcb4f90dcf0_0 .net "b", 0 0, L_0x5dcb4f9b5e70;  1 drivers
v0x5dcb4f90ddb0_0 .net "cin", 0 0, L_0x5dcb4f9b6020;  1 drivers
v0x5dcb4f90de80_0 .net "cout", 0 0, L_0x5dcb4f9b56a0;  1 drivers
v0x5dcb4f90df40_0 .net "pc1", 0 0, L_0x5dcb4f9b58c0;  1 drivers
v0x5dcb4f90e050_0 .net "pc2", 0 0, L_0x5dcb4f9b5c20;  1 drivers
v0x5dcb4f90e110_0 .net "ps", 0 0, L_0x5dcb4f9b57b0;  1 drivers
v0x5dcb4f90e1d0_0 .net "sum", 0 0, L_0x5dcb4f9b5ac0;  1 drivers
S_0x5dcb4f90e330 .scope generate, "rca_gen[11]" "rca_gen[11]" 5 35, 5 35 0, S_0x5dcb4f853690;
 .timescale 0 0;
P_0x5dcb4f90e530 .param/l "i" 0 5 35, +C4<01011>;
S_0x5dcb4f90e610 .scope module, "fa" "FA_Gate" 5 36, 6 20 0, S_0x5dcb4f90e330;
 .timescale 0 0;
    .port_info 0 /INPUT 1 "a";
    .port_info 1 /INPUT 1 "b";
    .port_info 2 /INPUT 1 "cin";
    .port_info 3 /OUTPUT 1 "sum";
    .port_info 4 /OUTPUT 1 "cout";
L_0x5dcb4f9b60c0/d .functor OR 1, L_0x5dcb4f9b62e0, L_0x5dcb4f9b6670, C4<0>, C4<0>;
L_0x5dcb4f9b60c0 .delay 1 (2,2,2) L_0x5dcb4f9b60c0/d;
L_0x5dcb4f9b61d0/d .functor XOR 1, L_0x5dcb4f9b6820, L_0x5dcb4f9b69e0, C4<0>, C4<0>;
L_0x5dcb4f9b61d0 .delay 1 (2,2,2) L_0x5dcb4f9b61d0/d;
L_0x5dcb4f9b62e0/d .functor AND 1, L_0x5dcb4f9b6820, L_0x5dcb4f9b69e0, C4<1>, C4<1>;
L_0x5dcb4f9b62e0 .delay 1 (2,2,2) L_0x5dcb4f9b62e0/d;
L_0x5dcb4f9b64e0/d .functor XOR 1, L_0x5dcb4f9b6a80, L_0x5dcb4f9b61d0, C4<0>, C4<0>;
L_0x5dcb4f9b64e0 .delay 1 (2,2,2) L_0x5dcb4f9b64e0/d;
L_0x5dcb4f9b6670/d .functor AND 1, L_0x5dcb4f9b6a80, L_0x5dcb4f9b61d0, C4<1>, C4<1>;
L_0x5dcb4f9b6670 .delay 1 (2,2,2) L_0x5dcb4f9b6670/d;
v0x5dcb4f90e870_0 .net "a", 0 0, L_0x5dcb4f9b6820;  1 drivers
v0x5dcb4f90e950_0 .net "b", 0 0, L_0x5dcb4f9b69e0;  1 drivers
v0x5dcb4f90ea10_0 .net "cin", 0 0, L_0x5dcb4f9b6a80;  1 drivers
v0x5dcb4f90eae0_0 .net "cout", 0 0, L_0x5dcb4f9b60c0;  1 drivers
v0x5dcb4f90eba0_0 .net "pc1", 0 0, L_0x5dcb4f9b62e0;  1 drivers
v0x5dcb4f90ecb0_0 .net "pc2", 0 0, L_0x5dcb4f9b6670;  1 drivers
v0x5dcb4f90ed70_0 .net "ps", 0 0, L_0x5dcb4f9b61d0;  1 drivers
v0x5dcb4f90ee30_0 .net "sum", 0 0, L_0x5dcb4f9b64e0;  1 drivers
S_0x5dcb4f90ef90 .scope generate, "rca_gen[12]" "rca_gen[12]" 5 35, 5 35 0, S_0x5dcb4f853690;
 .timescale 0 0;
P_0x5dcb4f90f190 .param/l "i" 0 5 35, +C4<01100>;
S_0x5dcb4f90f270 .scope module, "fa" "FA_Gate" 5 36, 6 20 0, S_0x5dcb4f90ef90;
 .timescale 0 0;
    .port_info 0 /INPUT 1 "a";
    .port_info 1 /INPUT 1 "b";
    .port_info 2 /INPUT 1 "cin";
    .port_info 3 /OUTPUT 1 "sum";
    .port_info 4 /OUTPUT 1 "cout";
L_0x5dcb4f9b68c0/d .functor OR 1, L_0x5dcb4f9b6d60, L_0x5dcb4f9b70f0, C4<0>, C4<0>;
L_0x5dcb4f9b68c0 .delay 1 (2,2,2) L_0x5dcb4f9b68c0/d;
L_0x5dcb4f9b6c50/d .functor XOR 1, L_0x5dcb4f9b72a0, L_0x5dcb4f9b7340, C4<0>, C4<0>;
L_0x5dcb4f9b6c50 .delay 1 (2,2,2) L_0x5dcb4f9b6c50/d;
L_0x5dcb4f9b6d60/d .functor AND 1, L_0x5dcb4f9b72a0, L_0x5dcb4f9b7340, C4<1>, C4<1>;
L_0x5dcb4f9b6d60 .delay 1 (2,2,2) L_0x5dcb4f9b6d60/d;
L_0x5dcb4f9b6f60/d .functor XOR 1, L_0x5dcb4f9b7520, L_0x5dcb4f9b6c50, C4<0>, C4<0>;
L_0x5dcb4f9b6f60 .delay 1 (2,2,2) L_0x5dcb4f9b6f60/d;
L_0x5dcb4f9b70f0/d .functor AND 1, L_0x5dcb4f9b7520, L_0x5dcb4f9b6c50, C4<1>, C4<1>;
L_0x5dcb4f9b70f0 .delay 1 (2,2,2) L_0x5dcb4f9b70f0/d;
v0x5dcb4f90f4d0_0 .net "a", 0 0, L_0x5dcb4f9b72a0;  1 drivers
v0x5dcb4f90f5b0_0 .net "b", 0 0, L_0x5dcb4f9b7340;  1 drivers
v0x5dcb4f90f670_0 .net "cin", 0 0, L_0x5dcb4f9b7520;  1 drivers
v0x5dcb4f90f740_0 .net "cout", 0 0, L_0x5dcb4f9b68c0;  1 drivers
v0x5dcb4f90f800_0 .net "pc1", 0 0, L_0x5dcb4f9b6d60;  1 drivers
v0x5dcb4f90f910_0 .net "pc2", 0 0, L_0x5dcb4f9b70f0;  1 drivers
v0x5dcb4f90f9d0_0 .net "ps", 0 0, L_0x5dcb4f9b6c50;  1 drivers
v0x5dcb4f90fa90_0 .net "sum", 0 0, L_0x5dcb4f9b6f60;  1 drivers
S_0x5dcb4f90fbf0 .scope generate, "rca_gen[13]" "rca_gen[13]" 5 35, 5 35 0, S_0x5dcb4f853690;
 .timescale 0 0;
P_0x5dcb4f90fdf0 .param/l "i" 0 5 35, +C4<01101>;
S_0x5dcb4f90fed0 .scope module, "fa" "FA_Gate" 5 36, 6 20 0, S_0x5dcb4f90fbf0;
 .timescale 0 0;
    .port_info 0 /INPUT 1 "a";
    .port_info 1 /INPUT 1 "b";
    .port_info 2 /INPUT 1 "cin";
    .port_info 3 /OUTPUT 1 "sum";
    .port_info 4 /OUTPUT 1 "cout";
L_0x5dcb4f9b75c0/d .functor OR 1, L_0x5dcb4f9b7840, L_0x5dcb4f9b7bd0, C4<0>, C4<0>;
L_0x5dcb4f9b75c0 .delay 1 (2,2,2) L_0x5dcb4f9b75c0/d;
L_0x5dcb4f9b76d0/d .functor XOR 1, L_0x5dcb4f9b7d80, L_0x5dcb4f9b7f70, C4<0>, C4<0>;
L_0x5dcb4f9b76d0 .delay 1 (2,2,2) L_0x5dcb4f9b76d0/d;
L_0x5dcb4f9b7840/d .functor AND 1, L_0x5dcb4f9b7d80, L_0x5dcb4f9b7f70, C4<1>, C4<1>;
L_0x5dcb4f9b7840 .delay 1 (2,2,2) L_0x5dcb4f9b7840/d;
L_0x5dcb4f9b7a40/d .functor XOR 1, L_0x5dcb4f9b8010, L_0x5dcb4f9b76d0, C4<0>, C4<0>;
L_0x5dcb4f9b7a40 .delay 1 (2,2,2) L_0x5dcb4f9b7a40/d;
L_0x5dcb4f9b7bd0/d .functor AND 1, L_0x5dcb4f9b8010, L_0x5dcb4f9b76d0, C4<1>, C4<1>;
L_0x5dcb4f9b7bd0 .delay 1 (2,2,2) L_0x5dcb4f9b7bd0/d;
v0x5dcb4f910130_0 .net "a", 0 0, L_0x5dcb4f9b7d80;  1 drivers
v0x5dcb4f910210_0 .net "b", 0 0, L_0x5dcb4f9b7f70;  1 drivers
v0x5dcb4f9102d0_0 .net "cin", 0 0, L_0x5dcb4f9b8010;  1 drivers
v0x5dcb4f9103a0_0 .net "cout", 0 0, L_0x5dcb4f9b75c0;  1 drivers
v0x5dcb4f910460_0 .net "pc1", 0 0, L_0x5dcb4f9b7840;  1 drivers
v0x5dcb4f910570_0 .net "pc2", 0 0, L_0x5dcb4f9b7bd0;  1 drivers
v0x5dcb4f910630_0 .net "ps", 0 0, L_0x5dcb4f9b76d0;  1 drivers
v0x5dcb4f9106f0_0 .net "sum", 0 0, L_0x5dcb4f9b7a40;  1 drivers
S_0x5dcb4f910850 .scope generate, "rca_gen[14]" "rca_gen[14]" 5 35, 5 35 0, S_0x5dcb4f853690;
 .timescale 0 0;
P_0x5dcb4f910a50 .param/l "i" 0 5 35, +C4<01110>;
S_0x5dcb4f910b30 .scope module, "fa" "FA_Gate" 5 36, 6 20 0, S_0x5dcb4f910850;
 .timescale 0 0;
    .port_info 0 /INPUT 1 "a";
    .port_info 1 /INPUT 1 "b";
    .port_info 2 /INPUT 1 "cin";
    .port_info 3 /OUTPUT 1 "sum";
    .port_info 4 /OUTPUT 1 "cout";
L_0x5dcb4f9b8210/d .functor OR 1, L_0x5dcb4f9b8490, L_0x5dcb4f9b8820, C4<0>, C4<0>;
L_0x5dcb4f9b8210 .delay 1 (2,2,2) L_0x5dcb4f9b8210/d;
L_0x5dcb4f9b8320/d .functor XOR 1, L_0x5dcb4f9b89d0, L_0x5dcb4f9b8a70, C4<0>, C4<0>;
L_0x5dcb4f9b8320 .delay 1 (2,2,2) L_0x5dcb4f9b8320/d;
L_0x5dcb4f9b8490/d .functor AND 1, L_0x5dcb4f9b89d0, L_0x5dcb4f9b8a70, C4<1>, C4<1>;
L_0x5dcb4f9b8490 .delay 1 (2,2,2) L_0x5dcb4f9b8490/d;
L_0x5dcb4f9b8690/d .functor XOR 1, L_0x5dcb4f9b8c80, L_0x5dcb4f9b8320, C4<0>, C4<0>;
L_0x5dcb4f9b8690 .delay 1 (2,2,2) L_0x5dcb4f9b8690/d;
L_0x5dcb4f9b8820/d .functor AND 1, L_0x5dcb4f9b8c80, L_0x5dcb4f9b8320, C4<1>, C4<1>;
L_0x5dcb4f9b8820 .delay 1 (2,2,2) L_0x5dcb4f9b8820/d;
v0x5dcb4f910d90_0 .net "a", 0 0, L_0x5dcb4f9b89d0;  1 drivers
v0x5dcb4f910e70_0 .net "b", 0 0, L_0x5dcb4f9b8a70;  1 drivers
v0x5dcb4f910f30_0 .net "cin", 0 0, L_0x5dcb4f9b8c80;  1 drivers
v0x5dcb4f911000_0 .net "cout", 0 0, L_0x5dcb4f9b8210;  1 drivers
v0x5dcb4f9110c0_0 .net "pc1", 0 0, L_0x5dcb4f9b8490;  1 drivers
v0x5dcb4f9111d0_0 .net "pc2", 0 0, L_0x5dcb4f9b8820;  1 drivers
v0x5dcb4f911290_0 .net "ps", 0 0, L_0x5dcb4f9b8320;  1 drivers
v0x5dcb4f911350_0 .net "sum", 0 0, L_0x5dcb4f9b8690;  1 drivers
S_0x5dcb4f9114b0 .scope generate, "rca_gen[15]" "rca_gen[15]" 5 35, 5 35 0, S_0x5dcb4f853690;
 .timescale 0 0;
P_0x5dcb4f9116b0 .param/l "i" 0 5 35, +C4<01111>;
S_0x5dcb4f911790 .scope module, "fa" "FA_Gate" 5 36, 6 20 0, S_0x5dcb4f9114b0;
 .timescale 0 0;
    .port_info 0 /INPUT 1 "a";
    .port_info 1 /INPUT 1 "b";
    .port_info 2 /INPUT 1 "cin";
    .port_info 3 /OUTPUT 1 "sum";
    .port_info 4 /OUTPUT 1 "cout";
L_0x5dcb4f9b8d20/d .functor OR 1, L_0x5dcb4f9b8fa0, L_0x5dcb4f9b9330, C4<0>, C4<0>;
L_0x5dcb4f9b8d20 .delay 1 (2,2,2) L_0x5dcb4f9b8d20/d;
L_0x5dcb4f9b8e30/d .functor XOR 1, L_0x5dcb4f9b94e0, L_0x5dcb4f9b9910, C4<0>, C4<0>;
L_0x5dcb4f9b8e30 .delay 1 (2,2,2) L_0x5dcb4f9b8e30/d;
L_0x5dcb4f9b8fa0/d .functor AND 1, L_0x5dcb4f9b94e0, L_0x5dcb4f9b9910, C4<1>, C4<1>;
L_0x5dcb4f9b8fa0 .delay 1 (2,2,2) L_0x5dcb4f9b8fa0/d;
L_0x5dcb4f9b91a0/d .functor XOR 1, L_0x5dcb4f9b9bc0, L_0x5dcb4f9b8e30, C4<0>, C4<0>;
L_0x5dcb4f9b91a0 .delay 1 (2,2,2) L_0x5dcb4f9b91a0/d;
L_0x5dcb4f9b9330/d .functor AND 1, L_0x5dcb4f9b9bc0, L_0x5dcb4f9b8e30, C4<1>, C4<1>;
L_0x5dcb4f9b9330 .delay 1 (2,2,2) L_0x5dcb4f9b9330/d;
v0x5dcb4f9119f0_0 .net "a", 0 0, L_0x5dcb4f9b94e0;  1 drivers
v0x5dcb4f911ad0_0 .net "b", 0 0, L_0x5dcb4f9b9910;  1 drivers
v0x5dcb4f911b90_0 .net "cin", 0 0, L_0x5dcb4f9b9bc0;  1 drivers
v0x5dcb4f911c60_0 .net "cout", 0 0, L_0x5dcb4f9b8d20;  1 drivers
v0x5dcb4f911d20_0 .net "pc1", 0 0, L_0x5dcb4f9b8fa0;  1 drivers
v0x5dcb4f911e30_0 .net "pc2", 0 0, L_0x5dcb4f9b9330;  1 drivers
v0x5dcb4f911ef0_0 .net "ps", 0 0, L_0x5dcb4f9b8e30;  1 drivers
v0x5dcb4f911fb0_0 .net "sum", 0 0, L_0x5dcb4f9b91a0;  1 drivers
S_0x5dcb4f912110 .scope generate, "rca_gen[16]" "rca_gen[16]" 5 35, 5 35 0, S_0x5dcb4f853690;
 .timescale 0 0;
P_0x5dcb4f912310 .param/l "i" 0 5 35, +C4<010000>;
S_0x5dcb4f9123f0 .scope module, "fa" "FA_Gate" 5 36, 6 20 0, S_0x5dcb4f912110;
 .timescale 0 0;
    .port_info 0 /INPUT 1 "a";
    .port_info 1 /INPUT 1 "b";
    .port_info 2 /INPUT 1 "cin";
    .port_info 3 /OUTPUT 1 "sum";
    .port_info 4 /OUTPUT 1 "cout";
L_0x5dcb4f9ba000/d .functor OR 1, L_0x5dcb4f9ba280, L_0x5dcb4f9ba610, C4<0>, C4<0>;
L_0x5dcb4f9ba000 .delay 1 (2,2,2) L_0x5dcb4f9ba000/d;
L_0x5dcb4f9ba110/d .functor XOR 1, L_0x5dcb4f9ba7c0, L_0x5dcb4f9ba860, C4<0>, C4<0>;
L_0x5dcb4f9ba110 .delay 1 (2,2,2) L_0x5dcb4f9ba110/d;
L_0x5dcb4f9ba280/d .functor AND 1, L_0x5dcb4f9ba7c0, L_0x5dcb4f9ba860, C4<1>, C4<1>;
L_0x5dcb4f9ba280 .delay 1 (2,2,2) L_0x5dcb4f9ba280/d;
L_0x5dcb4f9ba480/d .functor XOR 1, L_0x5dcb4f9baaa0, L_0x5dcb4f9ba110, C4<0>, C4<0>;
L_0x5dcb4f9ba480 .delay 1 (2,2,2) L_0x5dcb4f9ba480/d;
L_0x5dcb4f9ba610/d .functor AND 1, L_0x5dcb4f9baaa0, L_0x5dcb4f9ba110, C4<1>, C4<1>;
L_0x5dcb4f9ba610 .delay 1 (2,2,2) L_0x5dcb4f9ba610/d;
v0x5dcb4f912650_0 .net "a", 0 0, L_0x5dcb4f9ba7c0;  1 drivers
v0x5dcb4f912730_0 .net "b", 0 0, L_0x5dcb4f9ba860;  1 drivers
v0x5dcb4f9127f0_0 .net "cin", 0 0, L_0x5dcb4f9baaa0;  1 drivers
v0x5dcb4f9128c0_0 .net "cout", 0 0, L_0x5dcb4f9ba000;  1 drivers
v0x5dcb4f912980_0 .net "pc1", 0 0, L_0x5dcb4f9ba280;  1 drivers
v0x5dcb4f912a90_0 .net "pc2", 0 0, L_0x5dcb4f9ba610;  1 drivers
v0x5dcb4f912b50_0 .net "ps", 0 0, L_0x5dcb4f9ba110;  1 drivers
v0x5dcb4f912c10_0 .net "sum", 0 0, L_0x5dcb4f9ba480;  1 drivers
S_0x5dcb4f912d70 .scope generate, "rca_gen[17]" "rca_gen[17]" 5 35, 5 35 0, S_0x5dcb4f853690;
 .timescale 0 0;
P_0x5dcb4f912f70 .param/l "i" 0 5 35, +C4<010001>;
S_0x5dcb4f913050 .scope module, "fa" "FA_Gate" 5 36, 6 20 0, S_0x5dcb4f912d70;
 .timescale 0 0;
    .port_info 0 /INPUT 1 "a";
    .port_info 1 /INPUT 1 "b";
    .port_info 2 /INPUT 1 "cin";
    .port_info 3 /OUTPUT 1 "sum";
    .port_info 4 /OUTPUT 1 "cout";
L_0x5dcb4f9bab40/d .functor OR 1, L_0x5dcb4f9badc0, L_0x5dcb4f9bb150, C4<0>, C4<0>;
L_0x5dcb4f9bab40 .delay 1 (2,2,2) L_0x5dcb4f9bab40/d;
L_0x5dcb4f9bac50/d .functor XOR 1, L_0x5dcb4f9bb300, L_0x5dcb4f9bb550, C4<0>, C4<0>;
L_0x5dcb4f9bac50 .delay 1 (2,2,2) L_0x5dcb4f9bac50/d;
L_0x5dcb4f9badc0/d .functor AND 1, L_0x5dcb4f9bb300, L_0x5dcb4f9bb550, C4<1>, C4<1>;
L_0x5dcb4f9badc0 .delay 1 (2,2,2) L_0x5dcb4f9badc0/d;
L_0x5dcb4f9bafc0/d .functor XOR 1, L_0x5dcb4f9bb5f0, L_0x5dcb4f9bac50, C4<0>, C4<0>;
L_0x5dcb4f9bafc0 .delay 1 (2,2,2) L_0x5dcb4f9bafc0/d;
L_0x5dcb4f9bb150/d .functor AND 1, L_0x5dcb4f9bb5f0, L_0x5dcb4f9bac50, C4<1>, C4<1>;
L_0x5dcb4f9bb150 .delay 1 (2,2,2) L_0x5dcb4f9bb150/d;
v0x5dcb4f9132b0_0 .net "a", 0 0, L_0x5dcb4f9bb300;  1 drivers
v0x5dcb4f913390_0 .net "b", 0 0, L_0x5dcb4f9bb550;  1 drivers
v0x5dcb4f913450_0 .net "cin", 0 0, L_0x5dcb4f9bb5f0;  1 drivers
v0x5dcb4f913520_0 .net "cout", 0 0, L_0x5dcb4f9bab40;  1 drivers
v0x5dcb4f9135e0_0 .net "pc1", 0 0, L_0x5dcb4f9badc0;  1 drivers
v0x5dcb4f9136f0_0 .net "pc2", 0 0, L_0x5dcb4f9bb150;  1 drivers
v0x5dcb4f9137b0_0 .net "ps", 0 0, L_0x5dcb4f9bac50;  1 drivers
v0x5dcb4f913870_0 .net "sum", 0 0, L_0x5dcb4f9bafc0;  1 drivers
S_0x5dcb4f9139d0 .scope generate, "rca_gen[18]" "rca_gen[18]" 5 35, 5 35 0, S_0x5dcb4f853690;
 .timescale 0 0;
P_0x5dcb4f913bd0 .param/l "i" 0 5 35, +C4<010010>;
S_0x5dcb4f913cb0 .scope module, "fa" "FA_Gate" 5 36, 6 20 0, S_0x5dcb4f9139d0;
 .timescale 0 0;
    .port_info 0 /INPUT 1 "a";
    .port_info 1 /INPUT 1 "b";
    .port_info 2 /INPUT 1 "cin";
    .port_info 3 /OUTPUT 1 "sum";
    .port_info 4 /OUTPUT 1 "cout";
L_0x5dcb4f9bb850/d .functor OR 1, L_0x5dcb4f9bbad0, L_0x5dcb4f9bbe60, C4<0>, C4<0>;
L_0x5dcb4f9bb850 .delay 1 (2,2,2) L_0x5dcb4f9bb850/d;
L_0x5dcb4f9bb960/d .functor XOR 1, L_0x5dcb4f9bbfc0, L_0x5dcb4f9bc060, C4<0>, C4<0>;
L_0x5dcb4f9bb960 .delay 1 (2,2,2) L_0x5dcb4f9bb960/d;
L_0x5dcb4f9bbad0/d .functor AND 1, L_0x5dcb4f9bbfc0, L_0x5dcb4f9bc060, C4<1>, C4<1>;
L_0x5dcb4f9bbad0 .delay 1 (2,2,2) L_0x5dcb4f9bbad0/d;
L_0x5dcb4f9bbcd0/d .functor XOR 1, L_0x5dcb4f9bc2d0, L_0x5dcb4f9bb960, C4<0>, C4<0>;
L_0x5dcb4f9bbcd0 .delay 1 (2,2,2) L_0x5dcb4f9bbcd0/d;
L_0x5dcb4f9bbe60/d .functor AND 1, L_0x5dcb4f9bc2d0, L_0x5dcb4f9bb960, C4<1>, C4<1>;
L_0x5dcb4f9bbe60 .delay 1 (2,2,2) L_0x5dcb4f9bbe60/d;
v0x5dcb4f913f10_0 .net "a", 0 0, L_0x5dcb4f9bbfc0;  1 drivers
v0x5dcb4f913ff0_0 .net "b", 0 0, L_0x5dcb4f9bc060;  1 drivers
v0x5dcb4f9140b0_0 .net "cin", 0 0, L_0x5dcb4f9bc2d0;  1 drivers
v0x5dcb4f914180_0 .net "cout", 0 0, L_0x5dcb4f9bb850;  1 drivers
v0x5dcb4f914240_0 .net "pc1", 0 0, L_0x5dcb4f9bbad0;  1 drivers
v0x5dcb4f914350_0 .net "pc2", 0 0, L_0x5dcb4f9bbe60;  1 drivers
v0x5dcb4f914410_0 .net "ps", 0 0, L_0x5dcb4f9bb960;  1 drivers
v0x5dcb4f9144d0_0 .net "sum", 0 0, L_0x5dcb4f9bbcd0;  1 drivers
S_0x5dcb4f914630 .scope generate, "rca_gen[19]" "rca_gen[19]" 5 35, 5 35 0, S_0x5dcb4f853690;
 .timescale 0 0;
P_0x5dcb4f914830 .param/l "i" 0 5 35, +C4<010011>;
S_0x5dcb4f914910 .scope module, "fa" "FA_Gate" 5 36, 6 20 0, S_0x5dcb4f914630;
 .timescale 0 0;
    .port_info 0 /INPUT 1 "a";
    .port_info 1 /INPUT 1 "b";
    .port_info 2 /INPUT 1 "cin";
    .port_info 3 /OUTPUT 1 "sum";
    .port_info 4 /OUTPUT 1 "cout";
L_0x5dcb4f8465d0/d .functor OR 1, L_0x5dcb4f9bc4d0, L_0x5dcb4f9bc830, C4<0>, C4<0>;
L_0x5dcb4f8465d0 .delay 1 (2,2,2) L_0x5dcb4f8465d0/d;
L_0x5dcb4f9bc3c0/d .functor XOR 1, L_0x5dcb4f9bc9e0, L_0x5dcb4f9bcc60, C4<0>, C4<0>;
L_0x5dcb4f9bc3c0 .delay 1 (2,2,2) L_0x5dcb4f9bc3c0/d;
L_0x5dcb4f9bc4d0/d .functor AND 1, L_0x5dcb4f9bc9e0, L_0x5dcb4f9bcc60, C4<1>, C4<1>;
L_0x5dcb4f9bc4d0 .delay 1 (2,2,2) L_0x5dcb4f9bc4d0/d;
L_0x5dcb4f9bc6d0/d .functor XOR 1, L_0x5dcb4f9bcd00, L_0x5dcb4f9bc3c0, C4<0>, C4<0>;
L_0x5dcb4f9bc6d0 .delay 1 (2,2,2) L_0x5dcb4f9bc6d0/d;
L_0x5dcb4f9bc830/d .functor AND 1, L_0x5dcb4f9bcd00, L_0x5dcb4f9bc3c0, C4<1>, C4<1>;
L_0x5dcb4f9bc830 .delay 1 (2,2,2) L_0x5dcb4f9bc830/d;
v0x5dcb4f914b70_0 .net "a", 0 0, L_0x5dcb4f9bc9e0;  1 drivers
v0x5dcb4f914c50_0 .net "b", 0 0, L_0x5dcb4f9bcc60;  1 drivers
v0x5dcb4f914d10_0 .net "cin", 0 0, L_0x5dcb4f9bcd00;  1 drivers
v0x5dcb4f914de0_0 .net "cout", 0 0, L_0x5dcb4f8465d0;  1 drivers
v0x5dcb4f914ea0_0 .net "pc1", 0 0, L_0x5dcb4f9bc4d0;  1 drivers
v0x5dcb4f914fb0_0 .net "pc2", 0 0, L_0x5dcb4f9bc830;  1 drivers
v0x5dcb4f915070_0 .net "ps", 0 0, L_0x5dcb4f9bc3c0;  1 drivers
v0x5dcb4f915130_0 .net "sum", 0 0, L_0x5dcb4f9bc6d0;  1 drivers
S_0x5dcb4f915290 .scope generate, "rca_gen[20]" "rca_gen[20]" 5 35, 5 35 0, S_0x5dcb4f853690;
 .timescale 0 0;
P_0x5dcb4f915490 .param/l "i" 0 5 35, +C4<010100>;
S_0x5dcb4f915570 .scope module, "fa" "FA_Gate" 5 36, 6 20 0, S_0x5dcb4f915290;
 .timescale 0 0;
    .port_info 0 /INPUT 1 "a";
    .port_info 1 /INPUT 1 "b";
    .port_info 2 /INPUT 1 "cin";
    .port_info 3 /OUTPUT 1 "sum";
    .port_info 4 /OUTPUT 1 "cout";
L_0x5dcb4f9bcf90/d .functor OR 1, L_0x5dcb4f9bd1b0, L_0x5dcb4f9bd510, C4<0>, C4<0>;
L_0x5dcb4f9bcf90 .delay 1 (2,2,2) L_0x5dcb4f9bcf90/d;
L_0x5dcb4f9bd0a0/d .functor XOR 1, L_0x5dcb4f9bd6c0, L_0x5dcb4f9bd760, C4<0>, C4<0>;
L_0x5dcb4f9bd0a0 .delay 1 (2,2,2) L_0x5dcb4f9bd0a0/d;
L_0x5dcb4f9bd1b0/d .functor AND 1, L_0x5dcb4f9bd6c0, L_0x5dcb4f9bd760, C4<1>, C4<1>;
L_0x5dcb4f9bd1b0 .delay 1 (2,2,2) L_0x5dcb4f9bd1b0/d;
L_0x5dcb4f9bd3b0/d .functor XOR 1, L_0x5dcb4f9bda00, L_0x5dcb4f9bd0a0, C4<0>, C4<0>;
L_0x5dcb4f9bd3b0 .delay 1 (2,2,2) L_0x5dcb4f9bd3b0/d;
L_0x5dcb4f9bd510/d .functor AND 1, L_0x5dcb4f9bda00, L_0x5dcb4f9bd0a0, C4<1>, C4<1>;
L_0x5dcb4f9bd510 .delay 1 (2,2,2) L_0x5dcb4f9bd510/d;
v0x5dcb4f9157d0_0 .net "a", 0 0, L_0x5dcb4f9bd6c0;  1 drivers
v0x5dcb4f9158b0_0 .net "b", 0 0, L_0x5dcb4f9bd760;  1 drivers
v0x5dcb4f915970_0 .net "cin", 0 0, L_0x5dcb4f9bda00;  1 drivers
v0x5dcb4f915a40_0 .net "cout", 0 0, L_0x5dcb4f9bcf90;  1 drivers
v0x5dcb4f915b00_0 .net "pc1", 0 0, L_0x5dcb4f9bd1b0;  1 drivers
v0x5dcb4f915c10_0 .net "pc2", 0 0, L_0x5dcb4f9bd510;  1 drivers
v0x5dcb4f915cd0_0 .net "ps", 0 0, L_0x5dcb4f9bd0a0;  1 drivers
v0x5dcb4f915d90_0 .net "sum", 0 0, L_0x5dcb4f9bd3b0;  1 drivers
S_0x5dcb4f915ef0 .scope generate, "rca_gen[21]" "rca_gen[21]" 5 35, 5 35 0, S_0x5dcb4f853690;
 .timescale 0 0;
P_0x5dcb4f9160f0 .param/l "i" 0 5 35, +C4<010101>;
S_0x5dcb4f9161d0 .scope module, "fa" "FA_Gate" 5 36, 6 20 0, S_0x5dcb4f915ef0;
 .timescale 0 0;
    .port_info 0 /INPUT 1 "a";
    .port_info 1 /INPUT 1 "b";
    .port_info 2 /INPUT 1 "cin";
    .port_info 3 /OUTPUT 1 "sum";
    .port_info 4 /OUTPUT 1 "cout";
L_0x5dcb4f9bdaa0/d .functor OR 1, L_0x5dcb4f9bdd20, L_0x5dcb4f9be0b0, C4<0>, C4<0>;
L_0x5dcb4f9bdaa0 .delay 1 (2,2,2) L_0x5dcb4f9bdaa0/d;
L_0x5dcb4f9bdbb0/d .functor XOR 1, L_0x5dcb4f9be260, L_0x5dcb4f9be510, C4<0>, C4<0>;
L_0x5dcb4f9bdbb0 .delay 1 (2,2,2) L_0x5dcb4f9bdbb0/d;
L_0x5dcb4f9bdd20/d .functor AND 1, L_0x5dcb4f9be260, L_0x5dcb4f9be510, C4<1>, C4<1>;
L_0x5dcb4f9bdd20 .delay 1 (2,2,2) L_0x5dcb4f9bdd20/d;
L_0x5dcb4f9bdf20/d .functor XOR 1, L_0x5dcb4f9be5b0, L_0x5dcb4f9bdbb0, C4<0>, C4<0>;
L_0x5dcb4f9bdf20 .delay 1 (2,2,2) L_0x5dcb4f9bdf20/d;
L_0x5dcb4f9be0b0/d .functor AND 1, L_0x5dcb4f9be5b0, L_0x5dcb4f9bdbb0, C4<1>, C4<1>;
L_0x5dcb4f9be0b0 .delay 1 (2,2,2) L_0x5dcb4f9be0b0/d;
v0x5dcb4f916430_0 .net "a", 0 0, L_0x5dcb4f9be260;  1 drivers
v0x5dcb4f916510_0 .net "b", 0 0, L_0x5dcb4f9be510;  1 drivers
v0x5dcb4f9165d0_0 .net "cin", 0 0, L_0x5dcb4f9be5b0;  1 drivers
v0x5dcb4f9166a0_0 .net "cout", 0 0, L_0x5dcb4f9bdaa0;  1 drivers
v0x5dcb4f916760_0 .net "pc1", 0 0, L_0x5dcb4f9bdd20;  1 drivers
v0x5dcb4f916870_0 .net "pc2", 0 0, L_0x5dcb4f9be0b0;  1 drivers
v0x5dcb4f916930_0 .net "ps", 0 0, L_0x5dcb4f9bdbb0;  1 drivers
v0x5dcb4f9169f0_0 .net "sum", 0 0, L_0x5dcb4f9bdf20;  1 drivers
S_0x5dcb4f916b50 .scope generate, "rca_gen[22]" "rca_gen[22]" 5 35, 5 35 0, S_0x5dcb4f853690;
 .timescale 0 0;
P_0x5dcb4f916d50 .param/l "i" 0 5 35, +C4<010110>;
S_0x5dcb4f916e30 .scope module, "fa" "FA_Gate" 5 36, 6 20 0, S_0x5dcb4f916b50;
 .timescale 0 0;
    .port_info 0 /INPUT 1 "a";
    .port_info 1 /INPUT 1 "b";
    .port_info 2 /INPUT 1 "cin";
    .port_info 3 /OUTPUT 1 "sum";
    .port_info 4 /OUTPUT 1 "cout";
L_0x5dcb4f9be870/d .functor OR 1, L_0x5dcb4f9beb80, L_0x5dcb4f9bef10, C4<0>, C4<0>;
L_0x5dcb4f9be870 .delay 1 (2,2,2) L_0x5dcb4f9be870/d;
L_0x5dcb4f9be9e0/d .functor XOR 1, L_0x5dcb4f9bf0c0, L_0x5dcb4f9bf160, C4<0>, C4<0>;
L_0x5dcb4f9be9e0 .delay 1 (2,2,2) L_0x5dcb4f9be9e0/d;
L_0x5dcb4f9beb80/d .functor AND 1, L_0x5dcb4f9bf0c0, L_0x5dcb4f9bf160, C4<1>, C4<1>;
L_0x5dcb4f9beb80 .delay 1 (2,2,2) L_0x5dcb4f9beb80/d;
L_0x5dcb4f9bed80/d .functor XOR 1, L_0x5dcb4f9bf430, L_0x5dcb4f9be9e0, C4<0>, C4<0>;
L_0x5dcb4f9bed80 .delay 1 (2,2,2) L_0x5dcb4f9bed80/d;
L_0x5dcb4f9bef10/d .functor AND 1, L_0x5dcb4f9bf430, L_0x5dcb4f9be9e0, C4<1>, C4<1>;
L_0x5dcb4f9bef10 .delay 1 (2,2,2) L_0x5dcb4f9bef10/d;
v0x5dcb4f917090_0 .net "a", 0 0, L_0x5dcb4f9bf0c0;  1 drivers
v0x5dcb4f917170_0 .net "b", 0 0, L_0x5dcb4f9bf160;  1 drivers
v0x5dcb4f917230_0 .net "cin", 0 0, L_0x5dcb4f9bf430;  1 drivers
v0x5dcb4f917300_0 .net "cout", 0 0, L_0x5dcb4f9be870;  1 drivers
v0x5dcb4f9173c0_0 .net "pc1", 0 0, L_0x5dcb4f9beb80;  1 drivers
v0x5dcb4f9174d0_0 .net "pc2", 0 0, L_0x5dcb4f9bef10;  1 drivers
v0x5dcb4f917590_0 .net "ps", 0 0, L_0x5dcb4f9be9e0;  1 drivers
v0x5dcb4f917650_0 .net "sum", 0 0, L_0x5dcb4f9bed80;  1 drivers
S_0x5dcb4f9177b0 .scope generate, "rca_gen[23]" "rca_gen[23]" 5 35, 5 35 0, S_0x5dcb4f853690;
 .timescale 0 0;
P_0x5dcb4f9179b0 .param/l "i" 0 5 35, +C4<010111>;
S_0x5dcb4f917a90 .scope module, "fa" "FA_Gate" 5 36, 6 20 0, S_0x5dcb4f9177b0;
 .timescale 0 0;
    .port_info 0 /INPUT 1 "a";
    .port_info 1 /INPUT 1 "b";
    .port_info 2 /INPUT 1 "cin";
    .port_info 3 /OUTPUT 1 "sum";
    .port_info 4 /OUTPUT 1 "cout";
L_0x5dcb4f9bf4d0/d .functor OR 1, L_0x5dcb4f9bf750, L_0x5dcb4f9bfae0, C4<0>, C4<0>;
L_0x5dcb4f9bf4d0 .delay 1 (2,2,2) L_0x5dcb4f9bf4d0/d;
L_0x5dcb4f9bf5e0/d .functor XOR 1, L_0x5dcb4f9bfc90, L_0x5dcb4f9bff70, C4<0>, C4<0>;
L_0x5dcb4f9bf5e0 .delay 1 (2,2,2) L_0x5dcb4f9bf5e0/d;
L_0x5dcb4f9bf750/d .functor AND 1, L_0x5dcb4f9bfc90, L_0x5dcb4f9bff70, C4<1>, C4<1>;
L_0x5dcb4f9bf750 .delay 1 (2,2,2) L_0x5dcb4f9bf750/d;
L_0x5dcb4f9bf950/d .functor XOR 1, L_0x5dcb4f9c0010, L_0x5dcb4f9bf5e0, C4<0>, C4<0>;
L_0x5dcb4f9bf950 .delay 1 (2,2,2) L_0x5dcb4f9bf950/d;
L_0x5dcb4f9bfae0/d .functor AND 1, L_0x5dcb4f9c0010, L_0x5dcb4f9bf5e0, C4<1>, C4<1>;
L_0x5dcb4f9bfae0 .delay 1 (2,2,2) L_0x5dcb4f9bfae0/d;
v0x5dcb4f917cf0_0 .net "a", 0 0, L_0x5dcb4f9bfc90;  1 drivers
v0x5dcb4f917dd0_0 .net "b", 0 0, L_0x5dcb4f9bff70;  1 drivers
v0x5dcb4f917e90_0 .net "cin", 0 0, L_0x5dcb4f9c0010;  1 drivers
v0x5dcb4f917f60_0 .net "cout", 0 0, L_0x5dcb4f9bf4d0;  1 drivers
v0x5dcb4f918020_0 .net "pc1", 0 0, L_0x5dcb4f9bf750;  1 drivers
v0x5dcb4f918130_0 .net "pc2", 0 0, L_0x5dcb4f9bfae0;  1 drivers
v0x5dcb4f9181f0_0 .net "ps", 0 0, L_0x5dcb4f9bf5e0;  1 drivers
v0x5dcb4f9182b0_0 .net "sum", 0 0, L_0x5dcb4f9bf950;  1 drivers
S_0x5dcb4f918410 .scope generate, "rca_gen[24]" "rca_gen[24]" 5 35, 5 35 0, S_0x5dcb4f853690;
 .timescale 0 0;
P_0x5dcb4f918610 .param/l "i" 0 5 35, +C4<011000>;
S_0x5dcb4f9186f0 .scope module, "fa" "FA_Gate" 5 36, 6 20 0, S_0x5dcb4f918410;
 .timescale 0 0;
    .port_info 0 /INPUT 1 "a";
    .port_info 1 /INPUT 1 "b";
    .port_info 2 /INPUT 1 "cin";
    .port_info 3 /OUTPUT 1 "sum";
    .port_info 4 /OUTPUT 1 "cout";
L_0x5dcb4f9c0300/d .functor OR 1, L_0x5dcb4f9c0580, L_0x5dcb4f9c0910, C4<0>, C4<0>;
L_0x5dcb4f9c0300 .delay 1 (2,2,2) L_0x5dcb4f9c0300/d;
L_0x5dcb4f9c0410/d .functor XOR 1, L_0x5dcb4f9c0ac0, L_0x5dcb4f9c0b60, C4<0>, C4<0>;
L_0x5dcb4f9c0410 .delay 1 (2,2,2) L_0x5dcb4f9c0410/d;
L_0x5dcb4f9c0580/d .functor AND 1, L_0x5dcb4f9c0ac0, L_0x5dcb4f9c0b60, C4<1>, C4<1>;
L_0x5dcb4f9c0580 .delay 1 (2,2,2) L_0x5dcb4f9c0580/d;
L_0x5dcb4f9c0780/d .functor XOR 1, L_0x5dcb4f9c0e60, L_0x5dcb4f9c0410, C4<0>, C4<0>;
L_0x5dcb4f9c0780 .delay 1 (2,2,2) L_0x5dcb4f9c0780/d;
L_0x5dcb4f9c0910/d .functor AND 1, L_0x5dcb4f9c0e60, L_0x5dcb4f9c0410, C4<1>, C4<1>;
L_0x5dcb4f9c0910 .delay 1 (2,2,2) L_0x5dcb4f9c0910/d;
v0x5dcb4f918950_0 .net "a", 0 0, L_0x5dcb4f9c0ac0;  1 drivers
v0x5dcb4f918a30_0 .net "b", 0 0, L_0x5dcb4f9c0b60;  1 drivers
v0x5dcb4f918af0_0 .net "cin", 0 0, L_0x5dcb4f9c0e60;  1 drivers
v0x5dcb4f918bc0_0 .net "cout", 0 0, L_0x5dcb4f9c0300;  1 drivers
v0x5dcb4f918c80_0 .net "pc1", 0 0, L_0x5dcb4f9c0580;  1 drivers
v0x5dcb4f918d90_0 .net "pc2", 0 0, L_0x5dcb4f9c0910;  1 drivers
v0x5dcb4f918e50_0 .net "ps", 0 0, L_0x5dcb4f9c0410;  1 drivers
v0x5dcb4f918f10_0 .net "sum", 0 0, L_0x5dcb4f9c0780;  1 drivers
S_0x5dcb4f919070 .scope generate, "rca_gen[25]" "rca_gen[25]" 5 35, 5 35 0, S_0x5dcb4f853690;
 .timescale 0 0;
P_0x5dcb4f919270 .param/l "i" 0 5 35, +C4<011001>;
S_0x5dcb4f919350 .scope module, "fa" "FA_Gate" 5 36, 6 20 0, S_0x5dcb4f919070;
 .timescale 0 0;
    .port_info 0 /INPUT 1 "a";
    .port_info 1 /INPUT 1 "b";
    .port_info 2 /INPUT 1 "cin";
    .port_info 3 /OUTPUT 1 "sum";
    .port_info 4 /OUTPUT 1 "cout";
L_0x5dcb4f9c0f00/d .functor OR 1, L_0x5dcb4f9c1180, L_0x5dcb4f9c1510, C4<0>, C4<0>;
L_0x5dcb4f9c0f00 .delay 1 (2,2,2) L_0x5dcb4f9c0f00/d;
L_0x5dcb4f9c1010/d .functor XOR 1, L_0x5dcb4f9c16c0, L_0x5dcb4f9c19d0, C4<0>, C4<0>;
L_0x5dcb4f9c1010 .delay 1 (2,2,2) L_0x5dcb4f9c1010/d;
L_0x5dcb4f9c1180/d .functor AND 1, L_0x5dcb4f9c16c0, L_0x5dcb4f9c19d0, C4<1>, C4<1>;
L_0x5dcb4f9c1180 .delay 1 (2,2,2) L_0x5dcb4f9c1180/d;
L_0x5dcb4f9c1380/d .functor XOR 1, L_0x5dcb4f9c1a70, L_0x5dcb4f9c1010, C4<0>, C4<0>;
L_0x5dcb4f9c1380 .delay 1 (2,2,2) L_0x5dcb4f9c1380/d;
L_0x5dcb4f9c1510/d .functor AND 1, L_0x5dcb4f9c1a70, L_0x5dcb4f9c1010, C4<1>, C4<1>;
L_0x5dcb4f9c1510 .delay 1 (2,2,2) L_0x5dcb4f9c1510/d;
v0x5dcb4f9195b0_0 .net "a", 0 0, L_0x5dcb4f9c16c0;  1 drivers
v0x5dcb4f919690_0 .net "b", 0 0, L_0x5dcb4f9c19d0;  1 drivers
v0x5dcb4f919750_0 .net "cin", 0 0, L_0x5dcb4f9c1a70;  1 drivers
v0x5dcb4f919820_0 .net "cout", 0 0, L_0x5dcb4f9c0f00;  1 drivers
v0x5dcb4f9198e0_0 .net "pc1", 0 0, L_0x5dcb4f9c1180;  1 drivers
v0x5dcb4f9199f0_0 .net "pc2", 0 0, L_0x5dcb4f9c1510;  1 drivers
v0x5dcb4f919ab0_0 .net "ps", 0 0, L_0x5dcb4f9c1010;  1 drivers
v0x5dcb4f919b70_0 .net "sum", 0 0, L_0x5dcb4f9c1380;  1 drivers
S_0x5dcb4f919cd0 .scope generate, "rca_gen[26]" "rca_gen[26]" 5 35, 5 35 0, S_0x5dcb4f853690;
 .timescale 0 0;
P_0x5dcb4f919ed0 .param/l "i" 0 5 35, +C4<011010>;
S_0x5dcb4f919fb0 .scope module, "fa" "FA_Gate" 5 36, 6 20 0, S_0x5dcb4f919cd0;
 .timescale 0 0;
    .port_info 0 /INPUT 1 "a";
    .port_info 1 /INPUT 1 "b";
    .port_info 2 /INPUT 1 "cin";
    .port_info 3 /OUTPUT 1 "sum";
    .port_info 4 /OUTPUT 1 "cout";
L_0x5dcb4f9c1d90/d .functor OR 1, L_0x5dcb4f9c2010, L_0x5dcb4f9c23a0, C4<0>, C4<0>;
L_0x5dcb4f9c1d90 .delay 1 (2,2,2) L_0x5dcb4f9c1d90/d;
L_0x5dcb4f9c1ea0/d .functor XOR 1, L_0x5dcb4f9c2550, L_0x5dcb4f9c25f0, C4<0>, C4<0>;
L_0x5dcb4f9c1ea0 .delay 1 (2,2,2) L_0x5dcb4f9c1ea0/d;
L_0x5dcb4f9c2010/d .functor AND 1, L_0x5dcb4f9c2550, L_0x5dcb4f9c25f0, C4<1>, C4<1>;
L_0x5dcb4f9c2010 .delay 1 (2,2,2) L_0x5dcb4f9c2010/d;
L_0x5dcb4f9c2210/d .functor XOR 1, L_0x5dcb4f9c2920, L_0x5dcb4f9c1ea0, C4<0>, C4<0>;
L_0x5dcb4f9c2210 .delay 1 (2,2,2) L_0x5dcb4f9c2210/d;
L_0x5dcb4f9c23a0/d .functor AND 1, L_0x5dcb4f9c2920, L_0x5dcb4f9c1ea0, C4<1>, C4<1>;
L_0x5dcb4f9c23a0 .delay 1 (2,2,2) L_0x5dcb4f9c23a0/d;
v0x5dcb4f91a210_0 .net "a", 0 0, L_0x5dcb4f9c2550;  1 drivers
v0x5dcb4f91a2f0_0 .net "b", 0 0, L_0x5dcb4f9c25f0;  1 drivers
v0x5dcb4f91a3b0_0 .net "cin", 0 0, L_0x5dcb4f9c2920;  1 drivers
v0x5dcb4f91a480_0 .net "cout", 0 0, L_0x5dcb4f9c1d90;  1 drivers
v0x5dcb4f91a540_0 .net "pc1", 0 0, L_0x5dcb4f9c2010;  1 drivers
v0x5dcb4f91a650_0 .net "pc2", 0 0, L_0x5dcb4f9c23a0;  1 drivers
v0x5dcb4f91a710_0 .net "ps", 0 0, L_0x5dcb4f9c1ea0;  1 drivers
v0x5dcb4f91a7d0_0 .net "sum", 0 0, L_0x5dcb4f9c2210;  1 drivers
S_0x5dcb4f91a930 .scope generate, "rca_gen[27]" "rca_gen[27]" 5 35, 5 35 0, S_0x5dcb4f853690;
 .timescale 0 0;
P_0x5dcb4f91ab30 .param/l "i" 0 5 35, +C4<011011>;
S_0x5dcb4f91ac10 .scope module, "fa" "FA_Gate" 5 36, 6 20 0, S_0x5dcb4f91a930;
 .timescale 0 0;
    .port_info 0 /INPUT 1 "a";
    .port_info 1 /INPUT 1 "b";
    .port_info 2 /INPUT 1 "cin";
    .port_info 3 /OUTPUT 1 "sum";
    .port_info 4 /OUTPUT 1 "cout";
L_0x5dcb4f9c29c0/d .functor OR 1, L_0x5dcb4f9c2c40, L_0x5dcb4f9c2fd0, C4<0>, C4<0>;
L_0x5dcb4f9c29c0 .delay 1 (2,2,2) L_0x5dcb4f9c29c0/d;
L_0x5dcb4f9c2ad0/d .functor XOR 1, L_0x5dcb4f9c3180, L_0x5dcb4f9c34c0, C4<0>, C4<0>;
L_0x5dcb4f9c2ad0 .delay 1 (2,2,2) L_0x5dcb4f9c2ad0/d;
L_0x5dcb4f9c2c40/d .functor AND 1, L_0x5dcb4f9c3180, L_0x5dcb4f9c34c0, C4<1>, C4<1>;
L_0x5dcb4f9c2c40 .delay 1 (2,2,2) L_0x5dcb4f9c2c40/d;
L_0x5dcb4f9c2e40/d .functor XOR 1, L_0x5dcb4f9c3560, L_0x5dcb4f9c2ad0, C4<0>, C4<0>;
L_0x5dcb4f9c2e40 .delay 1 (2,2,2) L_0x5dcb4f9c2e40/d;
L_0x5dcb4f9c2fd0/d .functor AND 1, L_0x5dcb4f9c3560, L_0x5dcb4f9c2ad0, C4<1>, C4<1>;
L_0x5dcb4f9c2fd0 .delay 1 (2,2,2) L_0x5dcb4f9c2fd0/d;
v0x5dcb4f91ae70_0 .net "a", 0 0, L_0x5dcb4f9c3180;  1 drivers
v0x5dcb4f91af50_0 .net "b", 0 0, L_0x5dcb4f9c34c0;  1 drivers
v0x5dcb4f91b010_0 .net "cin", 0 0, L_0x5dcb4f9c3560;  1 drivers
v0x5dcb4f91b0e0_0 .net "cout", 0 0, L_0x5dcb4f9c29c0;  1 drivers
v0x5dcb4f91b1a0_0 .net "pc1", 0 0, L_0x5dcb4f9c2c40;  1 drivers
v0x5dcb4f91b2b0_0 .net "pc2", 0 0, L_0x5dcb4f9c2fd0;  1 drivers
v0x5dcb4f91b370_0 .net "ps", 0 0, L_0x5dcb4f9c2ad0;  1 drivers
v0x5dcb4f91b430_0 .net "sum", 0 0, L_0x5dcb4f9c2e40;  1 drivers
S_0x5dcb4f91b590 .scope generate, "rca_gen[28]" "rca_gen[28]" 5 35, 5 35 0, S_0x5dcb4f853690;
 .timescale 0 0;
P_0x5dcb4f91b790 .param/l "i" 0 5 35, +C4<011100>;
S_0x5dcb4f91b870 .scope module, "fa" "FA_Gate" 5 36, 6 20 0, S_0x5dcb4f91b590;
 .timescale 0 0;
    .port_info 0 /INPUT 1 "a";
    .port_info 1 /INPUT 1 "b";
    .port_info 2 /INPUT 1 "cin";
    .port_info 3 /OUTPUT 1 "sum";
    .port_info 4 /OUTPUT 1 "cout";
L_0x5dcb4f9c38b0/d .functor OR 1, L_0x5dcb4f9c3b30, L_0x5dcb4f9c3ec0, C4<0>, C4<0>;
L_0x5dcb4f9c38b0 .delay 1 (2,2,2) L_0x5dcb4f9c38b0/d;
L_0x5dcb4f9c39c0/d .functor XOR 1, L_0x5dcb4f9c4070, L_0x5dcb4f9c4110, C4<0>, C4<0>;
L_0x5dcb4f9c39c0 .delay 1 (2,2,2) L_0x5dcb4f9c39c0/d;
L_0x5dcb4f9c3b30/d .functor AND 1, L_0x5dcb4f9c4070, L_0x5dcb4f9c4110, C4<1>, C4<1>;
L_0x5dcb4f9c3b30 .delay 1 (2,2,2) L_0x5dcb4f9c3b30/d;
L_0x5dcb4f9c3d30/d .functor XOR 1, L_0x5dcb4f9c4470, L_0x5dcb4f9c39c0, C4<0>, C4<0>;
L_0x5dcb4f9c3d30 .delay 1 (2,2,2) L_0x5dcb4f9c3d30/d;
L_0x5dcb4f9c3ec0/d .functor AND 1, L_0x5dcb4f9c4470, L_0x5dcb4f9c39c0, C4<1>, C4<1>;
L_0x5dcb4f9c3ec0 .delay 1 (2,2,2) L_0x5dcb4f9c3ec0/d;
v0x5dcb4f91bad0_0 .net "a", 0 0, L_0x5dcb4f9c4070;  1 drivers
v0x5dcb4f91bbb0_0 .net "b", 0 0, L_0x5dcb4f9c4110;  1 drivers
v0x5dcb4f91bc70_0 .net "cin", 0 0, L_0x5dcb4f9c4470;  1 drivers
v0x5dcb4f91bd40_0 .net "cout", 0 0, L_0x5dcb4f9c38b0;  1 drivers
v0x5dcb4f91be00_0 .net "pc1", 0 0, L_0x5dcb4f9c3b30;  1 drivers
v0x5dcb4f91bf10_0 .net "pc2", 0 0, L_0x5dcb4f9c3ec0;  1 drivers
v0x5dcb4f91bfd0_0 .net "ps", 0 0, L_0x5dcb4f9c39c0;  1 drivers
v0x5dcb4f91c090_0 .net "sum", 0 0, L_0x5dcb4f9c3d30;  1 drivers
S_0x5dcb4f91c1f0 .scope generate, "rca_gen[29]" "rca_gen[29]" 5 35, 5 35 0, S_0x5dcb4f853690;
 .timescale 0 0;
P_0x5dcb4f91c3f0 .param/l "i" 0 5 35, +C4<011101>;
S_0x5dcb4f91c4d0 .scope module, "fa" "FA_Gate" 5 36, 6 20 0, S_0x5dcb4f91c1f0;
 .timescale 0 0;
    .port_info 0 /INPUT 1 "a";
    .port_info 1 /INPUT 1 "b";
    .port_info 2 /INPUT 1 "cin";
    .port_info 3 /OUTPUT 1 "sum";
    .port_info 4 /OUTPUT 1 "cout";
L_0x5dcb4f9c4510/d .functor OR 1, L_0x5dcb4f9c4790, L_0x5dcb4f9c4b20, C4<0>, C4<0>;
L_0x5dcb4f9c4510 .delay 1 (2,2,2) L_0x5dcb4f9c4510/d;
L_0x5dcb4f9c4620/d .functor XOR 1, L_0x5dcb4f9c4cd0, L_0x5dcb4f9c5040, C4<0>, C4<0>;
L_0x5dcb4f9c4620 .delay 1 (2,2,2) L_0x5dcb4f9c4620/d;
L_0x5dcb4f9c4790/d .functor AND 1, L_0x5dcb4f9c4cd0, L_0x5dcb4f9c5040, C4<1>, C4<1>;
L_0x5dcb4f9c4790 .delay 1 (2,2,2) L_0x5dcb4f9c4790/d;
L_0x5dcb4f9c4990/d .functor XOR 1, L_0x5dcb4f9c50e0, L_0x5dcb4f9c4620, C4<0>, C4<0>;
L_0x5dcb4f9c4990 .delay 1 (2,2,2) L_0x5dcb4f9c4990/d;
L_0x5dcb4f9c4b20/d .functor AND 1, L_0x5dcb4f9c50e0, L_0x5dcb4f9c4620, C4<1>, C4<1>;
L_0x5dcb4f9c4b20 .delay 1 (2,2,2) L_0x5dcb4f9c4b20/d;
v0x5dcb4f91c730_0 .net "a", 0 0, L_0x5dcb4f9c4cd0;  1 drivers
v0x5dcb4f91c810_0 .net "b", 0 0, L_0x5dcb4f9c5040;  1 drivers
v0x5dcb4f91c8d0_0 .net "cin", 0 0, L_0x5dcb4f9c50e0;  1 drivers
v0x5dcb4f91c9a0_0 .net "cout", 0 0, L_0x5dcb4f9c4510;  1 drivers
v0x5dcb4f91ca60_0 .net "pc1", 0 0, L_0x5dcb4f9c4790;  1 drivers
v0x5dcb4f91cb70_0 .net "pc2", 0 0, L_0x5dcb4f9c4b20;  1 drivers
v0x5dcb4f91cc30_0 .net "ps", 0 0, L_0x5dcb4f9c4620;  1 drivers
v0x5dcb4f91ccf0_0 .net "sum", 0 0, L_0x5dcb4f9c4990;  1 drivers
S_0x5dcb4f91ce50 .scope generate, "rca_gen[30]" "rca_gen[30]" 5 35, 5 35 0, S_0x5dcb4f853690;
 .timescale 0 0;
P_0x5dcb4f91d050 .param/l "i" 0 5 35, +C4<011110>;
S_0x5dcb4f91d130 .scope module, "fa" "FA_Gate" 5 36, 6 20 0, S_0x5dcb4f91ce50;
 .timescale 0 0;
    .port_info 0 /INPUT 1 "a";
    .port_info 1 /INPUT 1 "b";
    .port_info 2 /INPUT 1 "cin";
    .port_info 3 /OUTPUT 1 "sum";
    .port_info 4 /OUTPUT 1 "cout";
L_0x5dcb4f9c5460/d .functor OR 1, L_0x5dcb4f9c56e0, L_0x5dcb4f9c5a70, C4<0>, C4<0>;
L_0x5dcb4f9c5460 .delay 1 (2,2,2) L_0x5dcb4f9c5460/d;
L_0x5dcb4f9c5570/d .functor XOR 1, L_0x5dcb4f9c5c20, L_0x5dcb4f9c5cc0, C4<0>, C4<0>;
L_0x5dcb4f9c5570 .delay 1 (2,2,2) L_0x5dcb4f9c5570/d;
L_0x5dcb4f9c56e0/d .functor AND 1, L_0x5dcb4f9c5c20, L_0x5dcb4f9c5cc0, C4<1>, C4<1>;
L_0x5dcb4f9c56e0 .delay 1 (2,2,2) L_0x5dcb4f9c56e0/d;
L_0x5dcb4f9c58e0/d .functor XOR 1, L_0x5dcb4f9c6050, L_0x5dcb4f9c5570, C4<0>, C4<0>;
L_0x5dcb4f9c58e0 .delay 1 (2,2,2) L_0x5dcb4f9c58e0/d;
L_0x5dcb4f9c5a70/d .functor AND 1, L_0x5dcb4f9c6050, L_0x5dcb4f9c5570, C4<1>, C4<1>;
L_0x5dcb4f9c5a70 .delay 1 (2,2,2) L_0x5dcb4f9c5a70/d;
v0x5dcb4f91d390_0 .net "a", 0 0, L_0x5dcb4f9c5c20;  1 drivers
v0x5dcb4f91d470_0 .net "b", 0 0, L_0x5dcb4f9c5cc0;  1 drivers
v0x5dcb4f91d530_0 .net "cin", 0 0, L_0x5dcb4f9c6050;  1 drivers
v0x5dcb4f91d600_0 .net "cout", 0 0, L_0x5dcb4f9c5460;  1 drivers
v0x5dcb4f91d6c0_0 .net "pc1", 0 0, L_0x5dcb4f9c56e0;  1 drivers
v0x5dcb4f91d7d0_0 .net "pc2", 0 0, L_0x5dcb4f9c5a70;  1 drivers
v0x5dcb4f91d890_0 .net "ps", 0 0, L_0x5dcb4f9c5570;  1 drivers
v0x5dcb4f91d950_0 .net "sum", 0 0, L_0x5dcb4f9c58e0;  1 drivers
S_0x5dcb4f91dab0 .scope generate, "rca_gen[31]" "rca_gen[31]" 5 35, 5 35 0, S_0x5dcb4f853690;
 .timescale 0 0;
P_0x5dcb4f91dcb0 .param/l "i" 0 5 35, +C4<011111>;
S_0x5dcb4f91dd90 .scope module, "fa" "FA_Gate" 5 36, 6 20 0, S_0x5dcb4f91dab0;
 .timescale 0 0;
    .port_info 0 /INPUT 1 "a";
    .port_info 1 /INPUT 1 "b";
    .port_info 2 /INPUT 1 "cin";
    .port_info 3 /OUTPUT 1 "sum";
    .port_info 4 /OUTPUT 1 "cout";
L_0x5dcb4f9c60f0/d .functor OR 1, L_0x5dcb4f9c6370, L_0x5dcb4f9c6700, C4<0>, C4<0>;
L_0x5dcb4f9c60f0 .delay 1 (2,2,2) L_0x5dcb4f9c60f0/d;
L_0x5dcb4f9c6200/d .functor XOR 1, L_0x5dcb4f9c68b0, L_0x5dcb4f9c6c50, C4<0>, C4<0>;
L_0x5dcb4f9c6200 .delay 1 (2,2,2) L_0x5dcb4f9c6200/d;
L_0x5dcb4f9c6370/d .functor AND 1, L_0x5dcb4f9c68b0, L_0x5dcb4f9c6c50, C4<1>, C4<1>;
L_0x5dcb4f9c6370 .delay 1 (2,2,2) L_0x5dcb4f9c6370/d;
L_0x5dcb4f9c6570/d .functor XOR 1, L_0x5dcb4f9c7100, L_0x5dcb4f9c6200, C4<0>, C4<0>;
L_0x5dcb4f9c6570 .delay 1 (2,2,2) L_0x5dcb4f9c6570/d;
L_0x5dcb4f9c6700/d .functor AND 1, L_0x5dcb4f9c7100, L_0x5dcb4f9c6200, C4<1>, C4<1>;
L_0x5dcb4f9c6700 .delay 1 (2,2,2) L_0x5dcb4f9c6700/d;
v0x5dcb4f91dff0_0 .net "a", 0 0, L_0x5dcb4f9c68b0;  1 drivers
v0x5dcb4f91e0d0_0 .net "b", 0 0, L_0x5dcb4f9c6c50;  1 drivers
v0x5dcb4f91e190_0 .net "cin", 0 0, L_0x5dcb4f9c7100;  1 drivers
v0x5dcb4f91e260_0 .net "cout", 0 0, L_0x5dcb4f9c60f0;  1 drivers
v0x5dcb4f91e320_0 .net "pc1", 0 0, L_0x5dcb4f9c6370;  1 drivers
v0x5dcb4f91e430_0 .net "pc2", 0 0, L_0x5dcb4f9c6700;  1 drivers
v0x5dcb4f91e4f0_0 .net "ps", 0 0, L_0x5dcb4f9c6200;  1 drivers
v0x5dcb4f91e5b0_0 .net "sum", 0 0, L_0x5dcb4f9c6570;  1 drivers
S_0x5dcb4f91e710 .scope generate, "rca_gen[32]" "rca_gen[32]" 5 35, 5 35 0, S_0x5dcb4f853690;
 .timescale 0 0;
P_0x5dcb4f91eb20 .param/l "i" 0 5 35, +C4<0100000>;
S_0x5dcb4f91ebe0 .scope module, "fa" "FA_Gate" 5 36, 6 20 0, S_0x5dcb4f91e710;
 .timescale 0 0;
    .port_info 0 /INPUT 1 "a";
    .port_info 1 /INPUT 1 "b";
    .port_info 2 /INPUT 1 "cin";
    .port_info 3 /OUTPUT 1 "sum";
    .port_info 4 /OUTPUT 1 "cout";
L_0x5dcb4f9c78c0/d .functor OR 1, L_0x5dcb4f9c7ae0, L_0x5dcb4f9c7e40, C4<0>, C4<0>;
L_0x5dcb4f9c78c0 .delay 1 (2,2,2) L_0x5dcb4f9c78c0/d;
L_0x5dcb4f9c79d0/d .functor XOR 1, L_0x5dcb4f9c7ff0, L_0x5dcb4f9c8090, C4<0>, C4<0>;
L_0x5dcb4f9c79d0 .delay 1 (2,2,2) L_0x5dcb4f9c79d0/d;
L_0x5dcb4f9c7ae0/d .functor AND 1, L_0x5dcb4f9c7ff0, L_0x5dcb4f9c8090, C4<1>, C4<1>;
L_0x5dcb4f9c7ae0 .delay 1 (2,2,2) L_0x5dcb4f9c7ae0/d;
L_0x5dcb4f9c7ce0/d .functor XOR 1, L_0x5dcb4f9c8450, L_0x5dcb4f9c79d0, C4<0>, C4<0>;
L_0x5dcb4f9c7ce0 .delay 1 (2,2,2) L_0x5dcb4f9c7ce0/d;
L_0x5dcb4f9c7e40/d .functor AND 1, L_0x5dcb4f9c8450, L_0x5dcb4f9c79d0, C4<1>, C4<1>;
L_0x5dcb4f9c7e40 .delay 1 (2,2,2) L_0x5dcb4f9c7e40/d;
v0x5dcb4f91ee60_0 .net "a", 0 0, L_0x5dcb4f9c7ff0;  1 drivers
v0x5dcb4f91ef40_0 .net "b", 0 0, L_0x5dcb4f9c8090;  1 drivers
v0x5dcb4f91f000_0 .net "cin", 0 0, L_0x5dcb4f9c8450;  1 drivers
v0x5dcb4f91f0d0_0 .net "cout", 0 0, L_0x5dcb4f9c78c0;  1 drivers
v0x5dcb4f91f190_0 .net "pc1", 0 0, L_0x5dcb4f9c7ae0;  1 drivers
v0x5dcb4f91f2a0_0 .net "pc2", 0 0, L_0x5dcb4f9c7e40;  1 drivers
v0x5dcb4f91f360_0 .net "ps", 0 0, L_0x5dcb4f9c79d0;  1 drivers
v0x5dcb4f91f420_0 .net "sum", 0 0, L_0x5dcb4f9c7ce0;  1 drivers
S_0x5dcb4f91f580 .scope generate, "rca_gen[33]" "rca_gen[33]" 5 35, 5 35 0, S_0x5dcb4f853690;
 .timescale 0 0;
P_0x5dcb4f91f780 .param/l "i" 0 5 35, +C4<0100001>;
S_0x5dcb4f91f840 .scope module, "fa" "FA_Gate" 5 36, 6 20 0, S_0x5dcb4f91f580;
 .timescale 0 0;
    .port_info 0 /INPUT 1 "a";
    .port_info 1 /INPUT 1 "b";
    .port_info 2 /INPUT 1 "cin";
    .port_info 3 /OUTPUT 1 "sum";
    .port_info 4 /OUTPUT 1 "cout";
L_0x5dcb4f9c84f0/d .functor OR 1, L_0x5dcb4f9c8740, L_0x5dcb4f9c8ad0, C4<0>, C4<0>;
L_0x5dcb4f9c84f0 .delay 1 (2,2,2) L_0x5dcb4f9c84f0/d;
L_0x5dcb4f9c8600/d .functor XOR 1, L_0x5dcb4f9c8c80, L_0x5dcb4f9c9050, C4<0>, C4<0>;
L_0x5dcb4f9c8600 .delay 1 (2,2,2) L_0x5dcb4f9c8600/d;
L_0x5dcb4f9c8740/d .functor AND 1, L_0x5dcb4f9c8c80, L_0x5dcb4f9c9050, C4<1>, C4<1>;
L_0x5dcb4f9c8740 .delay 1 (2,2,2) L_0x5dcb4f9c8740/d;
L_0x5dcb4f9c8940/d .functor XOR 1, L_0x5dcb4f9c90f0, L_0x5dcb4f9c8600, C4<0>, C4<0>;
L_0x5dcb4f9c8940 .delay 1 (2,2,2) L_0x5dcb4f9c8940/d;
L_0x5dcb4f9c8ad0/d .functor AND 1, L_0x5dcb4f9c90f0, L_0x5dcb4f9c8600, C4<1>, C4<1>;
L_0x5dcb4f9c8ad0 .delay 1 (2,2,2) L_0x5dcb4f9c8ad0/d;
v0x5dcb4f91fac0_0 .net "a", 0 0, L_0x5dcb4f9c8c80;  1 drivers
v0x5dcb4f91fba0_0 .net "b", 0 0, L_0x5dcb4f9c9050;  1 drivers
v0x5dcb4f91fc60_0 .net "cin", 0 0, L_0x5dcb4f9c90f0;  1 drivers
v0x5dcb4f91fd30_0 .net "cout", 0 0, L_0x5dcb4f9c84f0;  1 drivers
v0x5dcb4f91fdf0_0 .net "pc1", 0 0, L_0x5dcb4f9c8740;  1 drivers
v0x5dcb4f91ff00_0 .net "pc2", 0 0, L_0x5dcb4f9c8ad0;  1 drivers
v0x5dcb4f91ffc0_0 .net "ps", 0 0, L_0x5dcb4f9c8600;  1 drivers
v0x5dcb4f920080_0 .net "sum", 0 0, L_0x5dcb4f9c8940;  1 drivers
S_0x5dcb4f9201e0 .scope generate, "rca_gen[34]" "rca_gen[34]" 5 35, 5 35 0, S_0x5dcb4f853690;
 .timescale 0 0;
P_0x5dcb4f9203e0 .param/l "i" 0 5 35, +C4<0100010>;
S_0x5dcb4f9204a0 .scope module, "fa" "FA_Gate" 5 36, 6 20 0, S_0x5dcb4f9201e0;
 .timescale 0 0;
    .port_info 0 /INPUT 1 "a";
    .port_info 1 /INPUT 1 "b";
    .port_info 2 /INPUT 1 "cin";
    .port_info 3 /OUTPUT 1 "sum";
    .port_info 4 /OUTPUT 1 "cout";
L_0x5dcb4f9c94d0/d .functor OR 1, L_0x5dcb4f9c97e0, L_0x5dcb4f9c9b70, C4<0>, C4<0>;
L_0x5dcb4f9c94d0 .delay 1 (2,2,2) L_0x5dcb4f9c94d0/d;
L_0x5dcb4f9c9640/d .functor XOR 1, L_0x5dcb4f9c9d20, L_0x5dcb4f9c9dc0, C4<0>, C4<0>;
L_0x5dcb4f9c9640 .delay 1 (2,2,2) L_0x5dcb4f9c9640/d;
L_0x5dcb4f9c97e0/d .functor AND 1, L_0x5dcb4f9c9d20, L_0x5dcb4f9c9dc0, C4<1>, C4<1>;
L_0x5dcb4f9c97e0 .delay 1 (2,2,2) L_0x5dcb4f9c97e0/d;
L_0x5dcb4f9c99e0/d .functor XOR 1, L_0x5dcb4f9ca1b0, L_0x5dcb4f9c9640, C4<0>, C4<0>;
L_0x5dcb4f9c99e0 .delay 1 (2,2,2) L_0x5dcb4f9c99e0/d;
L_0x5dcb4f9c9b70/d .functor AND 1, L_0x5dcb4f9ca1b0, L_0x5dcb4f9c9640, C4<1>, C4<1>;
L_0x5dcb4f9c9b70 .delay 1 (2,2,2) L_0x5dcb4f9c9b70/d;
v0x5dcb4f920720_0 .net "a", 0 0, L_0x5dcb4f9c9d20;  1 drivers
v0x5dcb4f920800_0 .net "b", 0 0, L_0x5dcb4f9c9dc0;  1 drivers
v0x5dcb4f9208c0_0 .net "cin", 0 0, L_0x5dcb4f9ca1b0;  1 drivers
v0x5dcb4f920990_0 .net "cout", 0 0, L_0x5dcb4f9c94d0;  1 drivers
v0x5dcb4f920a50_0 .net "pc1", 0 0, L_0x5dcb4f9c97e0;  1 drivers
v0x5dcb4f920b60_0 .net "pc2", 0 0, L_0x5dcb4f9c9b70;  1 drivers
v0x5dcb4f920c20_0 .net "ps", 0 0, L_0x5dcb4f9c9640;  1 drivers
v0x5dcb4f920ce0_0 .net "sum", 0 0, L_0x5dcb4f9c99e0;  1 drivers
S_0x5dcb4f920e40 .scope generate, "rca_gen[35]" "rca_gen[35]" 5 35, 5 35 0, S_0x5dcb4f853690;
 .timescale 0 0;
P_0x5dcb4f921040 .param/l "i" 0 5 35, +C4<0100011>;
S_0x5dcb4f921100 .scope module, "fa" "FA_Gate" 5 36, 6 20 0, S_0x5dcb4f920e40;
 .timescale 0 0;
    .port_info 0 /INPUT 1 "a";
    .port_info 1 /INPUT 1 "b";
    .port_info 2 /INPUT 1 "cin";
    .port_info 3 /OUTPUT 1 "sum";
    .port_info 4 /OUTPUT 1 "cout";
L_0x5dcb4f9ca250/d .functor OR 1, L_0x5dcb4f9ca4d0, L_0x5dcb4f9ca860, C4<0>, C4<0>;
L_0x5dcb4f9ca250 .delay 1 (2,2,2) L_0x5dcb4f9ca250/d;
L_0x5dcb4f9ca360/d .functor XOR 1, L_0x5dcb4f9caa10, L_0x5dcb4f9cae10, C4<0>, C4<0>;
L_0x5dcb4f9ca360 .delay 1 (2,2,2) L_0x5dcb4f9ca360/d;
L_0x5dcb4f9ca4d0/d .functor AND 1, L_0x5dcb4f9caa10, L_0x5dcb4f9cae10, C4<1>, C4<1>;
L_0x5dcb4f9ca4d0 .delay 1 (2,2,2) L_0x5dcb4f9ca4d0/d;
L_0x5dcb4f9ca6d0/d .functor XOR 1, L_0x5dcb4f9caeb0, L_0x5dcb4f9ca360, C4<0>, C4<0>;
L_0x5dcb4f9ca6d0 .delay 1 (2,2,2) L_0x5dcb4f9ca6d0/d;
L_0x5dcb4f9ca860/d .functor AND 1, L_0x5dcb4f9caeb0, L_0x5dcb4f9ca360, C4<1>, C4<1>;
L_0x5dcb4f9ca860 .delay 1 (2,2,2) L_0x5dcb4f9ca860/d;
v0x5dcb4f921380_0 .net "a", 0 0, L_0x5dcb4f9caa10;  1 drivers
v0x5dcb4f921460_0 .net "b", 0 0, L_0x5dcb4f9cae10;  1 drivers
v0x5dcb4f921520_0 .net "cin", 0 0, L_0x5dcb4f9caeb0;  1 drivers
v0x5dcb4f9215f0_0 .net "cout", 0 0, L_0x5dcb4f9ca250;  1 drivers
v0x5dcb4f9216b0_0 .net "pc1", 0 0, L_0x5dcb4f9ca4d0;  1 drivers
v0x5dcb4f9217c0_0 .net "pc2", 0 0, L_0x5dcb4f9ca860;  1 drivers
v0x5dcb4f921880_0 .net "ps", 0 0, L_0x5dcb4f9ca360;  1 drivers
v0x5dcb4f921940_0 .net "sum", 0 0, L_0x5dcb4f9ca6d0;  1 drivers
S_0x5dcb4f921aa0 .scope generate, "rca_gen[36]" "rca_gen[36]" 5 35, 5 35 0, S_0x5dcb4f853690;
 .timescale 0 0;
P_0x5dcb4f921ca0 .param/l "i" 0 5 35, +C4<0100100>;
S_0x5dcb4f921d60 .scope module, "fa" "FA_Gate" 5 36, 6 20 0, S_0x5dcb4f921aa0;
 .timescale 0 0;
    .port_info 0 /INPUT 1 "a";
    .port_info 1 /INPUT 1 "b";
    .port_info 2 /INPUT 1 "cin";
    .port_info 3 /OUTPUT 1 "sum";
    .port_info 4 /OUTPUT 1 "cout";
L_0x5dcb4f9cb2c0/d .functor OR 1, L_0x5dcb4f9cb540, L_0x5dcb4f9cb8d0, C4<0>, C4<0>;
L_0x5dcb4f9cb2c0 .delay 1 (2,2,2) L_0x5dcb4f9cb2c0/d;
L_0x5dcb4f9cb3d0/d .functor XOR 1, L_0x5dcb4f9cba80, L_0x5dcb4f9cbb20, C4<0>, C4<0>;
L_0x5dcb4f9cb3d0 .delay 1 (2,2,2) L_0x5dcb4f9cb3d0/d;
L_0x5dcb4f9cb540/d .functor AND 1, L_0x5dcb4f9cba80, L_0x5dcb4f9cbb20, C4<1>, C4<1>;
L_0x5dcb4f9cb540 .delay 1 (2,2,2) L_0x5dcb4f9cb540/d;
L_0x5dcb4f9cb740/d .functor XOR 1, L_0x5dcb4f9cbf40, L_0x5dcb4f9cb3d0, C4<0>, C4<0>;
L_0x5dcb4f9cb740 .delay 1 (2,2,2) L_0x5dcb4f9cb740/d;
L_0x5dcb4f9cb8d0/d .functor AND 1, L_0x5dcb4f9cbf40, L_0x5dcb4f9cb3d0, C4<1>, C4<1>;
L_0x5dcb4f9cb8d0 .delay 1 (2,2,2) L_0x5dcb4f9cb8d0/d;
v0x5dcb4f921fe0_0 .net "a", 0 0, L_0x5dcb4f9cba80;  1 drivers
v0x5dcb4f9220c0_0 .net "b", 0 0, L_0x5dcb4f9cbb20;  1 drivers
v0x5dcb4f922180_0 .net "cin", 0 0, L_0x5dcb4f9cbf40;  1 drivers
v0x5dcb4f922250_0 .net "cout", 0 0, L_0x5dcb4f9cb2c0;  1 drivers
v0x5dcb4f922310_0 .net "pc1", 0 0, L_0x5dcb4f9cb540;  1 drivers
v0x5dcb4f922420_0 .net "pc2", 0 0, L_0x5dcb4f9cb8d0;  1 drivers
v0x5dcb4f9224e0_0 .net "ps", 0 0, L_0x5dcb4f9cb3d0;  1 drivers
v0x5dcb4f9225a0_0 .net "sum", 0 0, L_0x5dcb4f9cb740;  1 drivers
S_0x5dcb4f922700 .scope generate, "rca_gen[37]" "rca_gen[37]" 5 35, 5 35 0, S_0x5dcb4f853690;
 .timescale 0 0;
P_0x5dcb4f922900 .param/l "i" 0 5 35, +C4<0100101>;
S_0x5dcb4f9229c0 .scope module, "fa" "FA_Gate" 5 36, 6 20 0, S_0x5dcb4f922700;
 .timescale 0 0;
    .port_info 0 /INPUT 1 "a";
    .port_info 1 /INPUT 1 "b";
    .port_info 2 /INPUT 1 "cin";
    .port_info 3 /OUTPUT 1 "sum";
    .port_info 4 /OUTPUT 1 "cout";
L_0x5dcb4f9cbfe0/d .functor OR 1, L_0x5dcb4f9cc260, L_0x5dcb4f9cc5f0, C4<0>, C4<0>;
L_0x5dcb4f9cbfe0 .delay 1 (2,2,2) L_0x5dcb4f9cbfe0/d;
L_0x5dcb4f9cc0f0/d .functor XOR 1, L_0x5dcb4f9cc7a0, L_0x5dcb4f9ccbd0, C4<0>, C4<0>;
L_0x5dcb4f9cc0f0 .delay 1 (2,2,2) L_0x5dcb4f9cc0f0/d;
L_0x5dcb4f9cc260/d .functor AND 1, L_0x5dcb4f9cc7a0, L_0x5dcb4f9ccbd0, C4<1>, C4<1>;
L_0x5dcb4f9cc260 .delay 1 (2,2,2) L_0x5dcb4f9cc260/d;
L_0x5dcb4f9cc460/d .functor XOR 1, L_0x5dcb4f9ccc70, L_0x5dcb4f9cc0f0, C4<0>, C4<0>;
L_0x5dcb4f9cc460 .delay 1 (2,2,2) L_0x5dcb4f9cc460/d;
L_0x5dcb4f9cc5f0/d .functor AND 1, L_0x5dcb4f9ccc70, L_0x5dcb4f9cc0f0, C4<1>, C4<1>;
L_0x5dcb4f9cc5f0 .delay 1 (2,2,2) L_0x5dcb4f9cc5f0/d;
v0x5dcb4f922c40_0 .net "a", 0 0, L_0x5dcb4f9cc7a0;  1 drivers
v0x5dcb4f922d20_0 .net "b", 0 0, L_0x5dcb4f9ccbd0;  1 drivers
v0x5dcb4f922de0_0 .net "cin", 0 0, L_0x5dcb4f9ccc70;  1 drivers
v0x5dcb4f922eb0_0 .net "cout", 0 0, L_0x5dcb4f9cbfe0;  1 drivers
v0x5dcb4f922f70_0 .net "pc1", 0 0, L_0x5dcb4f9cc260;  1 drivers
v0x5dcb4f923080_0 .net "pc2", 0 0, L_0x5dcb4f9cc5f0;  1 drivers
v0x5dcb4f923140_0 .net "ps", 0 0, L_0x5dcb4f9cc0f0;  1 drivers
v0x5dcb4f923200_0 .net "sum", 0 0, L_0x5dcb4f9cc460;  1 drivers
S_0x5dcb4f923360 .scope generate, "rca_gen[38]" "rca_gen[38]" 5 35, 5 35 0, S_0x5dcb4f853690;
 .timescale 0 0;
P_0x5dcb4f923560 .param/l "i" 0 5 35, +C4<0100110>;
S_0x5dcb4f923620 .scope module, "fa" "FA_Gate" 5 36, 6 20 0, S_0x5dcb4f923360;
 .timescale 0 0;
    .port_info 0 /INPUT 1 "a";
    .port_info 1 /INPUT 1 "b";
    .port_info 2 /INPUT 1 "cin";
    .port_info 3 /OUTPUT 1 "sum";
    .port_info 4 /OUTPUT 1 "cout";
L_0x5dcb4f9cd0b0/d .functor OR 1, L_0x5dcb4f9cd330, L_0x5dcb4f9cd6c0, C4<0>, C4<0>;
L_0x5dcb4f9cd0b0 .delay 1 (2,2,2) L_0x5dcb4f9cd0b0/d;
L_0x5dcb4f9cd1c0/d .functor XOR 1, L_0x5dcb4f9cd870, L_0x5dcb4f9cd910, C4<0>, C4<0>;
L_0x5dcb4f9cd1c0 .delay 1 (2,2,2) L_0x5dcb4f9cd1c0/d;
L_0x5dcb4f9cd330/d .functor AND 1, L_0x5dcb4f9cd870, L_0x5dcb4f9cd910, C4<1>, C4<1>;
L_0x5dcb4f9cd330 .delay 1 (2,2,2) L_0x5dcb4f9cd330/d;
L_0x5dcb4f9cd530/d .functor XOR 1, L_0x5dcb4f9cdd60, L_0x5dcb4f9cd1c0, C4<0>, C4<0>;
L_0x5dcb4f9cd530 .delay 1 (2,2,2) L_0x5dcb4f9cd530/d;
L_0x5dcb4f9cd6c0/d .functor AND 1, L_0x5dcb4f9cdd60, L_0x5dcb4f9cd1c0, C4<1>, C4<1>;
L_0x5dcb4f9cd6c0 .delay 1 (2,2,2) L_0x5dcb4f9cd6c0/d;
v0x5dcb4f9238a0_0 .net "a", 0 0, L_0x5dcb4f9cd870;  1 drivers
v0x5dcb4f923980_0 .net "b", 0 0, L_0x5dcb4f9cd910;  1 drivers
v0x5dcb4f923a40_0 .net "cin", 0 0, L_0x5dcb4f9cdd60;  1 drivers
v0x5dcb4f923b10_0 .net "cout", 0 0, L_0x5dcb4f9cd0b0;  1 drivers
v0x5dcb4f923bd0_0 .net "pc1", 0 0, L_0x5dcb4f9cd330;  1 drivers
v0x5dcb4f923ce0_0 .net "pc2", 0 0, L_0x5dcb4f9cd6c0;  1 drivers
v0x5dcb4f923da0_0 .net "ps", 0 0, L_0x5dcb4f9cd1c0;  1 drivers
v0x5dcb4f923e60_0 .net "sum", 0 0, L_0x5dcb4f9cd530;  1 drivers
S_0x5dcb4f923fc0 .scope generate, "rca_gen[39]" "rca_gen[39]" 5 35, 5 35 0, S_0x5dcb4f853690;
 .timescale 0 0;
P_0x5dcb4f9241c0 .param/l "i" 0 5 35, +C4<0100111>;
S_0x5dcb4f924280 .scope module, "fa" "FA_Gate" 5 36, 6 20 0, S_0x5dcb4f923fc0;
 .timescale 0 0;
    .port_info 0 /INPUT 1 "a";
    .port_info 1 /INPUT 1 "b";
    .port_info 2 /INPUT 1 "cin";
    .port_info 3 /OUTPUT 1 "sum";
    .port_info 4 /OUTPUT 1 "cout";
L_0x5dcb4f9cde00/d .functor OR 1, L_0x5dcb4f9ce080, L_0x5dcb4f9ce410, C4<0>, C4<0>;
L_0x5dcb4f9cde00 .delay 1 (2,2,2) L_0x5dcb4f9cde00/d;
L_0x5dcb4f9cdf10/d .functor XOR 1, L_0x5dcb4f9ce5c0, L_0x5dcb4f9cea20, C4<0>, C4<0>;
L_0x5dcb4f9cdf10 .delay 1 (2,2,2) L_0x5dcb4f9cdf10/d;
L_0x5dcb4f9ce080/d .functor AND 1, L_0x5dcb4f9ce5c0, L_0x5dcb4f9cea20, C4<1>, C4<1>;
L_0x5dcb4f9ce080 .delay 1 (2,2,2) L_0x5dcb4f9ce080/d;
L_0x5dcb4f9ce280/d .functor XOR 1, L_0x5dcb4f9ceac0, L_0x5dcb4f9cdf10, C4<0>, C4<0>;
L_0x5dcb4f9ce280 .delay 1 (2,2,2) L_0x5dcb4f9ce280/d;
L_0x5dcb4f9ce410/d .functor AND 1, L_0x5dcb4f9ceac0, L_0x5dcb4f9cdf10, C4<1>, C4<1>;
L_0x5dcb4f9ce410 .delay 1 (2,2,2) L_0x5dcb4f9ce410/d;
v0x5dcb4f924500_0 .net "a", 0 0, L_0x5dcb4f9ce5c0;  1 drivers
v0x5dcb4f9245e0_0 .net "b", 0 0, L_0x5dcb4f9cea20;  1 drivers
v0x5dcb4f9246a0_0 .net "cin", 0 0, L_0x5dcb4f9ceac0;  1 drivers
v0x5dcb4f924770_0 .net "cout", 0 0, L_0x5dcb4f9cde00;  1 drivers
v0x5dcb4f924830_0 .net "pc1", 0 0, L_0x5dcb4f9ce080;  1 drivers
v0x5dcb4f924940_0 .net "pc2", 0 0, L_0x5dcb4f9ce410;  1 drivers
v0x5dcb4f924a00_0 .net "ps", 0 0, L_0x5dcb4f9cdf10;  1 drivers
v0x5dcb4f924ac0_0 .net "sum", 0 0, L_0x5dcb4f9ce280;  1 drivers
S_0x5dcb4f924c20 .scope generate, "rca_gen[40]" "rca_gen[40]" 5 35, 5 35 0, S_0x5dcb4f853690;
 .timescale 0 0;
P_0x5dcb4f924e20 .param/l "i" 0 5 35, +C4<0101000>;
S_0x5dcb4f924ee0 .scope module, "fa" "FA_Gate" 5 36, 6 20 0, S_0x5dcb4f924c20;
 .timescale 0 0;
    .port_info 0 /INPUT 1 "a";
    .port_info 1 /INPUT 1 "b";
    .port_info 2 /INPUT 1 "cin";
    .port_info 3 /OUTPUT 1 "sum";
    .port_info 4 /OUTPUT 1 "cout";
L_0x5dcb4f9cef30/d .functor OR 1, L_0x5dcb4f9cf1b0, L_0x5dcb4f9cf540, C4<0>, C4<0>;
L_0x5dcb4f9cef30 .delay 1 (2,2,2) L_0x5dcb4f9cef30/d;
L_0x5dcb4f9cf040/d .functor XOR 1, L_0x5dcb4f9cf6f0, L_0x5dcb4f9cf790, C4<0>, C4<0>;
L_0x5dcb4f9cf040 .delay 1 (2,2,2) L_0x5dcb4f9cf040/d;
L_0x5dcb4f9cf1b0/d .functor AND 1, L_0x5dcb4f9cf6f0, L_0x5dcb4f9cf790, C4<1>, C4<1>;
L_0x5dcb4f9cf1b0 .delay 1 (2,2,2) L_0x5dcb4f9cf1b0/d;
L_0x5dcb4f9cf3b0/d .functor XOR 1, L_0x5dcb4f9cfc10, L_0x5dcb4f9cf040, C4<0>, C4<0>;
L_0x5dcb4f9cf3b0 .delay 1 (2,2,2) L_0x5dcb4f9cf3b0/d;
L_0x5dcb4f9cf540/d .functor AND 1, L_0x5dcb4f9cfc10, L_0x5dcb4f9cf040, C4<1>, C4<1>;
L_0x5dcb4f9cf540 .delay 1 (2,2,2) L_0x5dcb4f9cf540/d;
v0x5dcb4f925160_0 .net "a", 0 0, L_0x5dcb4f9cf6f0;  1 drivers
v0x5dcb4f925240_0 .net "b", 0 0, L_0x5dcb4f9cf790;  1 drivers
v0x5dcb4f925300_0 .net "cin", 0 0, L_0x5dcb4f9cfc10;  1 drivers
v0x5dcb4f9253d0_0 .net "cout", 0 0, L_0x5dcb4f9cef30;  1 drivers
v0x5dcb4f925490_0 .net "pc1", 0 0, L_0x5dcb4f9cf1b0;  1 drivers
v0x5dcb4f9255a0_0 .net "pc2", 0 0, L_0x5dcb4f9cf540;  1 drivers
v0x5dcb4f925660_0 .net "ps", 0 0, L_0x5dcb4f9cf040;  1 drivers
v0x5dcb4f925720_0 .net "sum", 0 0, L_0x5dcb4f9cf3b0;  1 drivers
S_0x5dcb4f925880 .scope generate, "rca_gen[41]" "rca_gen[41]" 5 35, 5 35 0, S_0x5dcb4f853690;
 .timescale 0 0;
P_0x5dcb4f925a80 .param/l "i" 0 5 35, +C4<0101001>;
S_0x5dcb4f925b40 .scope module, "fa" "FA_Gate" 5 36, 6 20 0, S_0x5dcb4f925880;
 .timescale 0 0;
    .port_info 0 /INPUT 1 "a";
    .port_info 1 /INPUT 1 "b";
    .port_info 2 /INPUT 1 "cin";
    .port_info 3 /OUTPUT 1 "sum";
    .port_info 4 /OUTPUT 1 "cout";
L_0x5dcb4f9cfcb0/d .functor OR 1, L_0x5dcb4f9cff30, L_0x5dcb4f9d02c0, C4<0>, C4<0>;
L_0x5dcb4f9cfcb0 .delay 1 (2,2,2) L_0x5dcb4f9cfcb0/d;
L_0x5dcb4f9cfdc0/d .functor XOR 1, L_0x5dcb4f9d0470, L_0x5dcb4f9d0900, C4<0>, C4<0>;
L_0x5dcb4f9cfdc0 .delay 1 (2,2,2) L_0x5dcb4f9cfdc0/d;
L_0x5dcb4f9cff30/d .functor AND 1, L_0x5dcb4f9d0470, L_0x5dcb4f9d0900, C4<1>, C4<1>;
L_0x5dcb4f9cff30 .delay 1 (2,2,2) L_0x5dcb4f9cff30/d;
L_0x5dcb4f9d0130/d .functor XOR 1, L_0x5dcb4f9d09a0, L_0x5dcb4f9cfdc0, C4<0>, C4<0>;
L_0x5dcb4f9d0130 .delay 1 (2,2,2) L_0x5dcb4f9d0130/d;
L_0x5dcb4f9d02c0/d .functor AND 1, L_0x5dcb4f9d09a0, L_0x5dcb4f9cfdc0, C4<1>, C4<1>;
L_0x5dcb4f9d02c0 .delay 1 (2,2,2) L_0x5dcb4f9d02c0/d;
v0x5dcb4f925dc0_0 .net "a", 0 0, L_0x5dcb4f9d0470;  1 drivers
v0x5dcb4f925ea0_0 .net "b", 0 0, L_0x5dcb4f9d0900;  1 drivers
v0x5dcb4f925f60_0 .net "cin", 0 0, L_0x5dcb4f9d09a0;  1 drivers
v0x5dcb4f926030_0 .net "cout", 0 0, L_0x5dcb4f9cfcb0;  1 drivers
v0x5dcb4f9260f0_0 .net "pc1", 0 0, L_0x5dcb4f9cff30;  1 drivers
v0x5dcb4f926200_0 .net "pc2", 0 0, L_0x5dcb4f9d02c0;  1 drivers
v0x5dcb4f9262c0_0 .net "ps", 0 0, L_0x5dcb4f9cfdc0;  1 drivers
v0x5dcb4f926380_0 .net "sum", 0 0, L_0x5dcb4f9d0130;  1 drivers
S_0x5dcb4f9264e0 .scope generate, "rca_gen[42]" "rca_gen[42]" 5 35, 5 35 0, S_0x5dcb4f853690;
 .timescale 0 0;
P_0x5dcb4f9266e0 .param/l "i" 0 5 35, +C4<0101010>;
S_0x5dcb4f9267a0 .scope module, "fa" "FA_Gate" 5 36, 6 20 0, S_0x5dcb4f9264e0;
 .timescale 0 0;
    .port_info 0 /INPUT 1 "a";
    .port_info 1 /INPUT 1 "b";
    .port_info 2 /INPUT 1 "cin";
    .port_info 3 /OUTPUT 1 "sum";
    .port_info 4 /OUTPUT 1 "cout";
L_0x5dcb4f9d0e40/d .functor OR 1, L_0x5dcb4f9d1060, L_0x5dcb4f9d13c0, C4<0>, C4<0>;
L_0x5dcb4f9d0e40 .delay 1 (2,2,2) L_0x5dcb4f9d0e40/d;
L_0x5dcb4f9d0f50/d .functor XOR 1, L_0x5dcb4f9d1570, L_0x5dcb4f9d1610, C4<0>, C4<0>;
L_0x5dcb4f9d0f50 .delay 1 (2,2,2) L_0x5dcb4f9d0f50/d;
L_0x5dcb4f9d1060/d .functor AND 1, L_0x5dcb4f9d1570, L_0x5dcb4f9d1610, C4<1>, C4<1>;
L_0x5dcb4f9d1060 .delay 1 (2,2,2) L_0x5dcb4f9d1060/d;
L_0x5dcb4f9d1260/d .functor XOR 1, L_0x5dcb4f9d1ac0, L_0x5dcb4f9d0f50, C4<0>, C4<0>;
L_0x5dcb4f9d1260 .delay 1 (2,2,2) L_0x5dcb4f9d1260/d;
L_0x5dcb4f9d13c0/d .functor AND 1, L_0x5dcb4f9d1ac0, L_0x5dcb4f9d0f50, C4<1>, C4<1>;
L_0x5dcb4f9d13c0 .delay 1 (2,2,2) L_0x5dcb4f9d13c0/d;
v0x5dcb4f926a20_0 .net "a", 0 0, L_0x5dcb4f9d1570;  1 drivers
v0x5dcb4f926b00_0 .net "b", 0 0, L_0x5dcb4f9d1610;  1 drivers
v0x5dcb4f926bc0_0 .net "cin", 0 0, L_0x5dcb4f9d1ac0;  1 drivers
v0x5dcb4f926c90_0 .net "cout", 0 0, L_0x5dcb4f9d0e40;  1 drivers
v0x5dcb4f926d50_0 .net "pc1", 0 0, L_0x5dcb4f9d1060;  1 drivers
v0x5dcb4f926e60_0 .net "pc2", 0 0, L_0x5dcb4f9d13c0;  1 drivers
v0x5dcb4f926f20_0 .net "ps", 0 0, L_0x5dcb4f9d0f50;  1 drivers
v0x5dcb4f926fe0_0 .net "sum", 0 0, L_0x5dcb4f9d1260;  1 drivers
S_0x5dcb4f927140 .scope generate, "rca_gen[43]" "rca_gen[43]" 5 35, 5 35 0, S_0x5dcb4f853690;
 .timescale 0 0;
P_0x5dcb4f927340 .param/l "i" 0 5 35, +C4<0101011>;
S_0x5dcb4f927400 .scope module, "fa" "FA_Gate" 5 36, 6 20 0, S_0x5dcb4f927140;
 .timescale 0 0;
    .port_info 0 /INPUT 1 "a";
    .port_info 1 /INPUT 1 "b";
    .port_info 2 /INPUT 1 "cin";
    .port_info 3 /OUTPUT 1 "sum";
    .port_info 4 /OUTPUT 1 "cout";
L_0x5dcb4f9d1b60/d .functor OR 1, L_0x5dcb4f9d1d80, L_0x5dcb4f9d2110, C4<0>, C4<0>;
L_0x5dcb4f9d1b60 .delay 1 (2,2,2) L_0x5dcb4f9d1b60/d;
L_0x5dcb4f9d1c70/d .functor XOR 1, L_0x5dcb4f9d22c0, L_0x5dcb4f9d2780, C4<0>, C4<0>;
L_0x5dcb4f9d1c70 .delay 1 (2,2,2) L_0x5dcb4f9d1c70/d;
L_0x5dcb4f9d1d80/d .functor AND 1, L_0x5dcb4f9d22c0, L_0x5dcb4f9d2780, C4<1>, C4<1>;
L_0x5dcb4f9d1d80 .delay 1 (2,2,2) L_0x5dcb4f9d1d80/d;
L_0x5dcb4f9d1f80/d .functor XOR 1, L_0x5dcb4f9d2820, L_0x5dcb4f9d1c70, C4<0>, C4<0>;
L_0x5dcb4f9d1f80 .delay 1 (2,2,2) L_0x5dcb4f9d1f80/d;
L_0x5dcb4f9d2110/d .functor AND 1, L_0x5dcb4f9d2820, L_0x5dcb4f9d1c70, C4<1>, C4<1>;
L_0x5dcb4f9d2110 .delay 1 (2,2,2) L_0x5dcb4f9d2110/d;
v0x5dcb4f927680_0 .net "a", 0 0, L_0x5dcb4f9d22c0;  1 drivers
v0x5dcb4f927760_0 .net "b", 0 0, L_0x5dcb4f9d2780;  1 drivers
v0x5dcb4f927820_0 .net "cin", 0 0, L_0x5dcb4f9d2820;  1 drivers
v0x5dcb4f9278f0_0 .net "cout", 0 0, L_0x5dcb4f9d1b60;  1 drivers
v0x5dcb4f9279b0_0 .net "pc1", 0 0, L_0x5dcb4f9d1d80;  1 drivers
v0x5dcb4f927ac0_0 .net "pc2", 0 0, L_0x5dcb4f9d2110;  1 drivers
v0x5dcb4f927b80_0 .net "ps", 0 0, L_0x5dcb4f9d1c70;  1 drivers
v0x5dcb4f927c40_0 .net "sum", 0 0, L_0x5dcb4f9d1f80;  1 drivers
S_0x5dcb4f927da0 .scope generate, "rca_gen[44]" "rca_gen[44]" 5 35, 5 35 0, S_0x5dcb4f853690;
 .timescale 0 0;
P_0x5dcb4f927fa0 .param/l "i" 0 5 35, +C4<0101100>;
S_0x5dcb4f928060 .scope module, "fa" "FA_Gate" 5 36, 6 20 0, S_0x5dcb4f927da0;
 .timescale 0 0;
    .port_info 0 /INPUT 1 "a";
    .port_info 1 /INPUT 1 "b";
    .port_info 2 /INPUT 1 "cin";
    .port_info 3 /OUTPUT 1 "sum";
    .port_info 4 /OUTPUT 1 "cout";
L_0x5dcb4f9d2360/d .functor OR 1, L_0x5dcb4f9d26a0, L_0x5dcb4f9d2f90, C4<0>, C4<0>;
L_0x5dcb4f9d2360 .delay 1 (2,2,2) L_0x5dcb4f9d2360/d;
L_0x5dcb4f9d2500/d .functor XOR 1, L_0x5dcb4f9d3140, L_0x5dcb4f9d31e0, C4<0>, C4<0>;
L_0x5dcb4f9d2500 .delay 1 (2,2,2) L_0x5dcb4f9d2500/d;
L_0x5dcb4f9d26a0/d .functor AND 1, L_0x5dcb4f9d3140, L_0x5dcb4f9d31e0, C4<1>, C4<1>;
L_0x5dcb4f9d26a0 .delay 1 (2,2,2) L_0x5dcb4f9d26a0/d;
L_0x5dcb4f9d2e30/d .functor XOR 1, L_0x5dcb4f9d28c0, L_0x5dcb4f9d2500, C4<0>, C4<0>;
L_0x5dcb4f9d2e30 .delay 1 (2,2,2) L_0x5dcb4f9d2e30/d;
L_0x5dcb4f9d2f90/d .functor AND 1, L_0x5dcb4f9d28c0, L_0x5dcb4f9d2500, C4<1>, C4<1>;
L_0x5dcb4f9d2f90 .delay 1 (2,2,2) L_0x5dcb4f9d2f90/d;
v0x5dcb4f9282e0_0 .net "a", 0 0, L_0x5dcb4f9d3140;  1 drivers
v0x5dcb4f9283c0_0 .net "b", 0 0, L_0x5dcb4f9d31e0;  1 drivers
v0x5dcb4f928480_0 .net "cin", 0 0, L_0x5dcb4f9d28c0;  1 drivers
v0x5dcb4f928550_0 .net "cout", 0 0, L_0x5dcb4f9d2360;  1 drivers
v0x5dcb4f928610_0 .net "pc1", 0 0, L_0x5dcb4f9d26a0;  1 drivers
v0x5dcb4f928720_0 .net "pc2", 0 0, L_0x5dcb4f9d2f90;  1 drivers
v0x5dcb4f9287e0_0 .net "ps", 0 0, L_0x5dcb4f9d2500;  1 drivers
v0x5dcb4f9288a0_0 .net "sum", 0 0, L_0x5dcb4f9d2e30;  1 drivers
S_0x5dcb4f928a00 .scope generate, "rca_gen[45]" "rca_gen[45]" 5 35, 5 35 0, S_0x5dcb4f853690;
 .timescale 0 0;
P_0x5dcb4f928c00 .param/l "i" 0 5 35, +C4<0101101>;
S_0x5dcb4f928cc0 .scope module, "fa" "FA_Gate" 5 36, 6 20 0, S_0x5dcb4f928a00;
 .timescale 0 0;
    .port_info 0 /INPUT 1 "a";
    .port_info 1 /INPUT 1 "b";
    .port_info 2 /INPUT 1 "cin";
    .port_info 3 /OUTPUT 1 "sum";
    .port_info 4 /OUTPUT 1 "cout";
L_0x5dcb4f9d2960/d .functor OR 1, L_0x5dcb4f9d2be0, L_0x5dcb4f9d3910, C4<0>, C4<0>;
L_0x5dcb4f9d2960 .delay 1 (2,2,2) L_0x5dcb4f9d2960/d;
L_0x5dcb4f9d2a70/d .functor XOR 1, L_0x5dcb4f9d3ac0, L_0x5dcb4f9d3280, C4<0>, C4<0>;
L_0x5dcb4f9d2a70 .delay 1 (2,2,2) L_0x5dcb4f9d2a70/d;
L_0x5dcb4f9d2be0/d .functor AND 1, L_0x5dcb4f9d3ac0, L_0x5dcb4f9d3280, C4<1>, C4<1>;
L_0x5dcb4f9d2be0 .delay 1 (2,2,2) L_0x5dcb4f9d2be0/d;
L_0x5dcb4f9d37b0/d .functor XOR 1, L_0x5dcb4f9d3320, L_0x5dcb4f9d2a70, C4<0>, C4<0>;
L_0x5dcb4f9d37b0 .delay 1 (2,2,2) L_0x5dcb4f9d37b0/d;
L_0x5dcb4f9d3910/d .functor AND 1, L_0x5dcb4f9d3320, L_0x5dcb4f9d2a70, C4<1>, C4<1>;
L_0x5dcb4f9d3910 .delay 1 (2,2,2) L_0x5dcb4f9d3910/d;
v0x5dcb4f928f40_0 .net "a", 0 0, L_0x5dcb4f9d3ac0;  1 drivers
v0x5dcb4f929020_0 .net "b", 0 0, L_0x5dcb4f9d3280;  1 drivers
v0x5dcb4f9290e0_0 .net "cin", 0 0, L_0x5dcb4f9d3320;  1 drivers
v0x5dcb4f9291b0_0 .net "cout", 0 0, L_0x5dcb4f9d2960;  1 drivers
v0x5dcb4f929270_0 .net "pc1", 0 0, L_0x5dcb4f9d2be0;  1 drivers
v0x5dcb4f929380_0 .net "pc2", 0 0, L_0x5dcb4f9d3910;  1 drivers
v0x5dcb4f929440_0 .net "ps", 0 0, L_0x5dcb4f9d2a70;  1 drivers
v0x5dcb4f929500_0 .net "sum", 0 0, L_0x5dcb4f9d37b0;  1 drivers
S_0x5dcb4f929660 .scope generate, "rca_gen[46]" "rca_gen[46]" 5 35, 5 35 0, S_0x5dcb4f853690;
 .timescale 0 0;
P_0x5dcb4f929860 .param/l "i" 0 5 35, +C4<0101110>;
S_0x5dcb4f929920 .scope module, "fa" "FA_Gate" 5 36, 6 20 0, S_0x5dcb4f929660;
 .timescale 0 0;
    .port_info 0 /INPUT 1 "a";
    .port_info 1 /INPUT 1 "b";
    .port_info 2 /INPUT 1 "cin";
    .port_info 3 /OUTPUT 1 "sum";
    .port_info 4 /OUTPUT 1 "cout";
L_0x5dcb4f9d33c0/d .functor OR 1, L_0x5dcb4f9d3640, L_0x5dcb4f9d42b0, C4<0>, C4<0>;
L_0x5dcb4f9d33c0 .delay 1 (2,2,2) L_0x5dcb4f9d33c0/d;
L_0x5dcb4f9d34d0/d .functor XOR 1, L_0x5dcb4f9d4460, L_0x5dcb4f9d4500, C4<0>, C4<0>;
L_0x5dcb4f9d34d0 .delay 1 (2,2,2) L_0x5dcb4f9d34d0/d;
L_0x5dcb4f9d3640/d .functor AND 1, L_0x5dcb4f9d4460, L_0x5dcb4f9d4500, C4<1>, C4<1>;
L_0x5dcb4f9d3640 .delay 1 (2,2,2) L_0x5dcb4f9d3640/d;
L_0x5dcb4f9d4150/d .functor XOR 1, L_0x5dcb4f9d3b60, L_0x5dcb4f9d34d0, C4<0>, C4<0>;
L_0x5dcb4f9d4150 .delay 1 (2,2,2) L_0x5dcb4f9d4150/d;
L_0x5dcb4f9d42b0/d .functor AND 1, L_0x5dcb4f9d3b60, L_0x5dcb4f9d34d0, C4<1>, C4<1>;
L_0x5dcb4f9d42b0 .delay 1 (2,2,2) L_0x5dcb4f9d42b0/d;
v0x5dcb4f929ba0_0 .net "a", 0 0, L_0x5dcb4f9d4460;  1 drivers
v0x5dcb4f929c80_0 .net "b", 0 0, L_0x5dcb4f9d4500;  1 drivers
v0x5dcb4f929d40_0 .net "cin", 0 0, L_0x5dcb4f9d3b60;  1 drivers
v0x5dcb4f929e10_0 .net "cout", 0 0, L_0x5dcb4f9d33c0;  1 drivers
v0x5dcb4f929ed0_0 .net "pc1", 0 0, L_0x5dcb4f9d3640;  1 drivers
v0x5dcb4f929fe0_0 .net "pc2", 0 0, L_0x5dcb4f9d42b0;  1 drivers
v0x5dcb4f92a0a0_0 .net "ps", 0 0, L_0x5dcb4f9d34d0;  1 drivers
v0x5dcb4f92a160_0 .net "sum", 0 0, L_0x5dcb4f9d4150;  1 drivers
S_0x5dcb4f92a2c0 .scope generate, "rca_gen[47]" "rca_gen[47]" 5 35, 5 35 0, S_0x5dcb4f853690;
 .timescale 0 0;
P_0x5dcb4f92a4c0 .param/l "i" 0 5 35, +C4<0101111>;
S_0x5dcb4f92a580 .scope module, "fa" "FA_Gate" 5 36, 6 20 0, S_0x5dcb4f92a2c0;
 .timescale 0 0;
    .port_info 0 /INPUT 1 "a";
    .port_info 1 /INPUT 1 "b";
    .port_info 2 /INPUT 1 "cin";
    .port_info 3 /OUTPUT 1 "sum";
    .port_info 4 /OUTPUT 1 "cout";
L_0x5dcb4f9d3c00/d .functor OR 1, L_0x5dcb4f9d3e80, L_0x5dcb4f9d4c60, C4<0>, C4<0>;
L_0x5dcb4f9d3c00 .delay 1 (2,2,2) L_0x5dcb4f9d3c00/d;
L_0x5dcb4f9d3d10/d .functor XOR 1, L_0x5dcb4f9d4e10, L_0x5dcb4f9d45a0, C4<0>, C4<0>;
L_0x5dcb4f9d3d10 .delay 1 (2,2,2) L_0x5dcb4f9d3d10/d;
L_0x5dcb4f9d3e80/d .functor AND 1, L_0x5dcb4f9d4e10, L_0x5dcb4f9d45a0, C4<1>, C4<1>;
L_0x5dcb4f9d3e80 .delay 1 (2,2,2) L_0x5dcb4f9d3e80/d;
L_0x5dcb4f9d4b00/d .functor XOR 1, L_0x5dcb4f9d4640, L_0x5dcb4f9d3d10, C4<0>, C4<0>;
L_0x5dcb4f9d4b00 .delay 1 (2,2,2) L_0x5dcb4f9d4b00/d;
L_0x5dcb4f9d4c60/d .functor AND 1, L_0x5dcb4f9d4640, L_0x5dcb4f9d3d10, C4<1>, C4<1>;
L_0x5dcb4f9d4c60 .delay 1 (2,2,2) L_0x5dcb4f9d4c60/d;
v0x5dcb4f92a800_0 .net "a", 0 0, L_0x5dcb4f9d4e10;  1 drivers
v0x5dcb4f92a8e0_0 .net "b", 0 0, L_0x5dcb4f9d45a0;  1 drivers
v0x5dcb4f92a9a0_0 .net "cin", 0 0, L_0x5dcb4f9d4640;  1 drivers
v0x5dcb4f92aa70_0 .net "cout", 0 0, L_0x5dcb4f9d3c00;  1 drivers
v0x5dcb4f92ab30_0 .net "pc1", 0 0, L_0x5dcb4f9d3e80;  1 drivers
v0x5dcb4f92ac40_0 .net "pc2", 0 0, L_0x5dcb4f9d4c60;  1 drivers
v0x5dcb4f92ad00_0 .net "ps", 0 0, L_0x5dcb4f9d3d10;  1 drivers
v0x5dcb4f92adc0_0 .net "sum", 0 0, L_0x5dcb4f9d4b00;  1 drivers
S_0x5dcb4f92af20 .scope generate, "rca_gen[48]" "rca_gen[48]" 5 35, 5 35 0, S_0x5dcb4f853690;
 .timescale 0 0;
P_0x5dcb4f92b120 .param/l "i" 0 5 35, +C4<0110000>;
S_0x5dcb4f92b1e0 .scope module, "fa" "FA_Gate" 5 36, 6 20 0, S_0x5dcb4f92af20;
 .timescale 0 0;
    .port_info 0 /INPUT 1 "a";
    .port_info 1 /INPUT 1 "b";
    .port_info 2 /INPUT 1 "cin";
    .port_info 3 /OUTPUT 1 "sum";
    .port_info 4 /OUTPUT 1 "cout";
L_0x5dcb4f9d46e0/d .functor OR 1, L_0x5dcb4f9d4960, L_0x5dcb4f9d5630, C4<0>, C4<0>;
L_0x5dcb4f9d46e0 .delay 1 (2,2,2) L_0x5dcb4f9d46e0/d;
L_0x5dcb4f9d47f0/d .functor XOR 1, L_0x5dcb4f9d57e0, L_0x5dcb4f9d5880, C4<0>, C4<0>;
L_0x5dcb4f9d47f0 .delay 1 (2,2,2) L_0x5dcb4f9d47f0/d;
L_0x5dcb4f9d4960/d .functor AND 1, L_0x5dcb4f9d57e0, L_0x5dcb4f9d5880, C4<1>, C4<1>;
L_0x5dcb4f9d4960 .delay 1 (2,2,2) L_0x5dcb4f9d4960/d;
L_0x5dcb4f9d54d0/d .functor XOR 1, L_0x5dcb4f9d4eb0, L_0x5dcb4f9d47f0, C4<0>, C4<0>;
L_0x5dcb4f9d54d0 .delay 1 (2,2,2) L_0x5dcb4f9d54d0/d;
L_0x5dcb4f9d5630/d .functor AND 1, L_0x5dcb4f9d4eb0, L_0x5dcb4f9d47f0, C4<1>, C4<1>;
L_0x5dcb4f9d5630 .delay 1 (2,2,2) L_0x5dcb4f9d5630/d;
v0x5dcb4f92b460_0 .net "a", 0 0, L_0x5dcb4f9d57e0;  1 drivers
v0x5dcb4f92b540_0 .net "b", 0 0, L_0x5dcb4f9d5880;  1 drivers
v0x5dcb4f92b600_0 .net "cin", 0 0, L_0x5dcb4f9d4eb0;  1 drivers
v0x5dcb4f92b6d0_0 .net "cout", 0 0, L_0x5dcb4f9d46e0;  1 drivers
v0x5dcb4f92b790_0 .net "pc1", 0 0, L_0x5dcb4f9d4960;  1 drivers
v0x5dcb4f92b8a0_0 .net "pc2", 0 0, L_0x5dcb4f9d5630;  1 drivers
v0x5dcb4f92b960_0 .net "ps", 0 0, L_0x5dcb4f9d47f0;  1 drivers
v0x5dcb4f92ba20_0 .net "sum", 0 0, L_0x5dcb4f9d54d0;  1 drivers
S_0x5dcb4f92bb80 .scope generate, "rca_gen[49]" "rca_gen[49]" 5 35, 5 35 0, S_0x5dcb4f853690;
 .timescale 0 0;
P_0x5dcb4f92bd80 .param/l "i" 0 5 35, +C4<0110001>;
S_0x5dcb4f92be40 .scope module, "fa" "FA_Gate" 5 36, 6 20 0, S_0x5dcb4f92bb80;
 .timescale 0 0;
    .port_info 0 /INPUT 1 "a";
    .port_info 1 /INPUT 1 "b";
    .port_info 2 /INPUT 1 "cin";
    .port_info 3 /OUTPUT 1 "sum";
    .port_info 4 /OUTPUT 1 "cout";
L_0x5dcb4f9d4f50/d .functor OR 1, L_0x5dcb4f9d51d0, L_0x5dcb4f9d5fc0, C4<0>, C4<0>;
L_0x5dcb4f9d4f50 .delay 1 (2,2,2) L_0x5dcb4f9d4f50/d;
L_0x5dcb4f9d5060/d .functor XOR 1, L_0x5dcb4f9d6170, L_0x5dcb4f9d5920, C4<0>, C4<0>;
L_0x5dcb4f9d5060 .delay 1 (2,2,2) L_0x5dcb4f9d5060/d;
L_0x5dcb4f9d51d0/d .functor AND 1, L_0x5dcb4f9d6170, L_0x5dcb4f9d5920, C4<1>, C4<1>;
L_0x5dcb4f9d51d0 .delay 1 (2,2,2) L_0x5dcb4f9d51d0/d;
L_0x5dcb4f9d5e60/d .functor XOR 1, L_0x5dcb4f9d59c0, L_0x5dcb4f9d5060, C4<0>, C4<0>;
L_0x5dcb4f9d5e60 .delay 1 (2,2,2) L_0x5dcb4f9d5e60/d;
L_0x5dcb4f9d5fc0/d .functor AND 1, L_0x5dcb4f9d59c0, L_0x5dcb4f9d5060, C4<1>, C4<1>;
L_0x5dcb4f9d5fc0 .delay 1 (2,2,2) L_0x5dcb4f9d5fc0/d;
v0x5dcb4f92c0c0_0 .net "a", 0 0, L_0x5dcb4f9d6170;  1 drivers
v0x5dcb4f92c1a0_0 .net "b", 0 0, L_0x5dcb4f9d5920;  1 drivers
v0x5dcb4f92c260_0 .net "cin", 0 0, L_0x5dcb4f9d59c0;  1 drivers
v0x5dcb4f92c330_0 .net "cout", 0 0, L_0x5dcb4f9d4f50;  1 drivers
v0x5dcb4f92c3f0_0 .net "pc1", 0 0, L_0x5dcb4f9d51d0;  1 drivers
v0x5dcb4f92c500_0 .net "pc2", 0 0, L_0x5dcb4f9d5fc0;  1 drivers
v0x5dcb4f92c5c0_0 .net "ps", 0 0, L_0x5dcb4f9d5060;  1 drivers
v0x5dcb4f92c680_0 .net "sum", 0 0, L_0x5dcb4f9d5e60;  1 drivers
S_0x5dcb4f92c7e0 .scope generate, "rca_gen[50]" "rca_gen[50]" 5 35, 5 35 0, S_0x5dcb4f853690;
 .timescale 0 0;
P_0x5dcb4f92c9e0 .param/l "i" 0 5 35, +C4<0110010>;
S_0x5dcb4f92caa0 .scope module, "fa" "FA_Gate" 5 36, 6 20 0, S_0x5dcb4f92c7e0;
 .timescale 0 0;
    .port_info 0 /INPUT 1 "a";
    .port_info 1 /INPUT 1 "b";
    .port_info 2 /INPUT 1 "cin";
    .port_info 3 /OUTPUT 1 "sum";
    .port_info 4 /OUTPUT 1 "cout";
L_0x5dcb4f9d5a60/d .functor OR 1, L_0x5dcb4f9d5ce0, L_0x5dcb4f9d6970, C4<0>, C4<0>;
L_0x5dcb4f9d5a60 .delay 1 (2,2,2) L_0x5dcb4f9d5a60/d;
L_0x5dcb4f9d5b70/d .functor XOR 1, L_0x5dcb4f9d6b20, L_0x5dcb4f9d6bc0, C4<0>, C4<0>;
L_0x5dcb4f9d5b70 .delay 1 (2,2,2) L_0x5dcb4f9d5b70/d;
L_0x5dcb4f9d5ce0/d .functor AND 1, L_0x5dcb4f9d6b20, L_0x5dcb4f9d6bc0, C4<1>, C4<1>;
L_0x5dcb4f9d5ce0 .delay 1 (2,2,2) L_0x5dcb4f9d5ce0/d;
L_0x5dcb4f9d6810/d .functor XOR 1, L_0x5dcb4f9d6210, L_0x5dcb4f9d5b70, C4<0>, C4<0>;
L_0x5dcb4f9d6810 .delay 1 (2,2,2) L_0x5dcb4f9d6810/d;
L_0x5dcb4f9d6970/d .functor AND 1, L_0x5dcb4f9d6210, L_0x5dcb4f9d5b70, C4<1>, C4<1>;
L_0x5dcb4f9d6970 .delay 1 (2,2,2) L_0x5dcb4f9d6970/d;
v0x5dcb4f92cd20_0 .net "a", 0 0, L_0x5dcb4f9d6b20;  1 drivers
v0x5dcb4f92ce00_0 .net "b", 0 0, L_0x5dcb4f9d6bc0;  1 drivers
v0x5dcb4f92cec0_0 .net "cin", 0 0, L_0x5dcb4f9d6210;  1 drivers
v0x5dcb4f92cf90_0 .net "cout", 0 0, L_0x5dcb4f9d5a60;  1 drivers
v0x5dcb4f92d050_0 .net "pc1", 0 0, L_0x5dcb4f9d5ce0;  1 drivers
v0x5dcb4f92d160_0 .net "pc2", 0 0, L_0x5dcb4f9d6970;  1 drivers
v0x5dcb4f92d220_0 .net "ps", 0 0, L_0x5dcb4f9d5b70;  1 drivers
v0x5dcb4f92d2e0_0 .net "sum", 0 0, L_0x5dcb4f9d6810;  1 drivers
S_0x5dcb4f92d440 .scope generate, "rca_gen[51]" "rca_gen[51]" 5 35, 5 35 0, S_0x5dcb4f853690;
 .timescale 0 0;
P_0x5dcb4f92d640 .param/l "i" 0 5 35, +C4<0110011>;
S_0x5dcb4f92d700 .scope module, "fa" "FA_Gate" 5 36, 6 20 0, S_0x5dcb4f92d440;
 .timescale 0 0;
    .port_info 0 /INPUT 1 "a";
    .port_info 1 /INPUT 1 "b";
    .port_info 2 /INPUT 1 "cin";
    .port_info 3 /OUTPUT 1 "sum";
    .port_info 4 /OUTPUT 1 "cout";
L_0x5dcb4f9d62b0/d .functor OR 1, L_0x5dcb4f9d6530, L_0x5dcb4f9d7330, C4<0>, C4<0>;
L_0x5dcb4f9d62b0 .delay 1 (2,2,2) L_0x5dcb4f9d62b0/d;
L_0x5dcb4f9d63c0/d .functor XOR 1, L_0x5dcb4f9d74e0, L_0x5dcb4f9d6c60, C4<0>, C4<0>;
L_0x5dcb4f9d63c0 .delay 1 (2,2,2) L_0x5dcb4f9d63c0/d;
L_0x5dcb4f9d6530/d .functor AND 1, L_0x5dcb4f9d74e0, L_0x5dcb4f9d6c60, C4<1>, C4<1>;
L_0x5dcb4f9d6530 .delay 1 (2,2,2) L_0x5dcb4f9d6530/d;
L_0x5dcb4f9d71d0/d .functor XOR 1, L_0x5dcb4f9d6d00, L_0x5dcb4f9d63c0, C4<0>, C4<0>;
L_0x5dcb4f9d71d0 .delay 1 (2,2,2) L_0x5dcb4f9d71d0/d;
L_0x5dcb4f9d7330/d .functor AND 1, L_0x5dcb4f9d6d00, L_0x5dcb4f9d63c0, C4<1>, C4<1>;
L_0x5dcb4f9d7330 .delay 1 (2,2,2) L_0x5dcb4f9d7330/d;
v0x5dcb4f92d980_0 .net "a", 0 0, L_0x5dcb4f9d74e0;  1 drivers
v0x5dcb4f92da60_0 .net "b", 0 0, L_0x5dcb4f9d6c60;  1 drivers
v0x5dcb4f92db20_0 .net "cin", 0 0, L_0x5dcb4f9d6d00;  1 drivers
v0x5dcb4f92dbf0_0 .net "cout", 0 0, L_0x5dcb4f9d62b0;  1 drivers
v0x5dcb4f92dcb0_0 .net "pc1", 0 0, L_0x5dcb4f9d6530;  1 drivers
v0x5dcb4f92ddc0_0 .net "pc2", 0 0, L_0x5dcb4f9d7330;  1 drivers
v0x5dcb4f92de80_0 .net "ps", 0 0, L_0x5dcb4f9d63c0;  1 drivers
v0x5dcb4f92df40_0 .net "sum", 0 0, L_0x5dcb4f9d71d0;  1 drivers
S_0x5dcb4f92e0a0 .scope generate, "rca_gen[52]" "rca_gen[52]" 5 35, 5 35 0, S_0x5dcb4f853690;
 .timescale 0 0;
P_0x5dcb4f92e2a0 .param/l "i" 0 5 35, +C4<0110100>;
S_0x5dcb4f92e360 .scope module, "fa" "FA_Gate" 5 36, 6 20 0, S_0x5dcb4f92e0a0;
 .timescale 0 0;
    .port_info 0 /INPUT 1 "a";
    .port_info 1 /INPUT 1 "b";
    .port_info 2 /INPUT 1 "cin";
    .port_info 3 /OUTPUT 1 "sum";
    .port_info 4 /OUTPUT 1 "cout";
L_0x5dcb4f9d6da0/d .functor OR 1, L_0x5dcb4f9d7020, L_0x5dcb4f9d7cf0, C4<0>, C4<0>;
L_0x5dcb4f9d6da0 .delay 1 (2,2,2) L_0x5dcb4f9d6da0/d;
L_0x5dcb4f9d6eb0/d .functor XOR 1, L_0x5dcb4f9d7ea0, L_0x5dcb4f9d7f40, C4<0>, C4<0>;
L_0x5dcb4f9d6eb0 .delay 1 (2,2,2) L_0x5dcb4f9d6eb0/d;
L_0x5dcb4f9d7020/d .functor AND 1, L_0x5dcb4f9d7ea0, L_0x5dcb4f9d7f40, C4<1>, C4<1>;
L_0x5dcb4f9d7020 .delay 1 (2,2,2) L_0x5dcb4f9d7020/d;
L_0x5dcb4f9d7b60/d .functor XOR 1, L_0x5dcb4f9d7580, L_0x5dcb4f9d6eb0, C4<0>, C4<0>;
L_0x5dcb4f9d7b60 .delay 1 (2,2,2) L_0x5dcb4f9d7b60/d;
L_0x5dcb4f9d7cf0/d .functor AND 1, L_0x5dcb4f9d7580, L_0x5dcb4f9d6eb0, C4<1>, C4<1>;
L_0x5dcb4f9d7cf0 .delay 1 (2,2,2) L_0x5dcb4f9d7cf0/d;
v0x5dcb4f92e5e0_0 .net "a", 0 0, L_0x5dcb4f9d7ea0;  1 drivers
v0x5dcb4f92e6c0_0 .net "b", 0 0, L_0x5dcb4f9d7f40;  1 drivers
v0x5dcb4f92e780_0 .net "cin", 0 0, L_0x5dcb4f9d7580;  1 drivers
v0x5dcb4f92e850_0 .net "cout", 0 0, L_0x5dcb4f9d6da0;  1 drivers
v0x5dcb4f92e910_0 .net "pc1", 0 0, L_0x5dcb4f9d7020;  1 drivers
v0x5dcb4f92ea20_0 .net "pc2", 0 0, L_0x5dcb4f9d7cf0;  1 drivers
v0x5dcb4f92eae0_0 .net "ps", 0 0, L_0x5dcb4f9d6eb0;  1 drivers
v0x5dcb4f92eba0_0 .net "sum", 0 0, L_0x5dcb4f9d7b60;  1 drivers
S_0x5dcb4f92ed00 .scope generate, "rca_gen[53]" "rca_gen[53]" 5 35, 5 35 0, S_0x5dcb4f853690;
 .timescale 0 0;
P_0x5dcb4f92ef00 .param/l "i" 0 5 35, +C4<0110101>;
S_0x5dcb4f92efc0 .scope module, "fa" "FA_Gate" 5 36, 6 20 0, S_0x5dcb4f92ed00;
 .timescale 0 0;
    .port_info 0 /INPUT 1 "a";
    .port_info 1 /INPUT 1 "b";
    .port_info 2 /INPUT 1 "cin";
    .port_info 3 /OUTPUT 1 "sum";
    .port_info 4 /OUTPUT 1 "cout";
L_0x5dcb4f9d7620/d .functor OR 1, L_0x5dcb4f9d78a0, L_0x5dcb4f9d86c0, C4<0>, C4<0>;
L_0x5dcb4f9d7620 .delay 1 (2,2,2) L_0x5dcb4f9d7620/d;
L_0x5dcb4f9d7730/d .functor XOR 1, L_0x5dcb4f9d8870, L_0x5dcb4f9d7fe0, C4<0>, C4<0>;
L_0x5dcb4f9d7730 .delay 1 (2,2,2) L_0x5dcb4f9d7730/d;
L_0x5dcb4f9d78a0/d .functor AND 1, L_0x5dcb4f9d8870, L_0x5dcb4f9d7fe0, C4<1>, C4<1>;
L_0x5dcb4f9d78a0 .delay 1 (2,2,2) L_0x5dcb4f9d78a0/d;
L_0x5dcb4f9d8530/d .functor XOR 1, L_0x5dcb4f9d8080, L_0x5dcb4f9d7730, C4<0>, C4<0>;
L_0x5dcb4f9d8530 .delay 1 (2,2,2) L_0x5dcb4f9d8530/d;
L_0x5dcb4f9d86c0/d .functor AND 1, L_0x5dcb4f9d8080, L_0x5dcb4f9d7730, C4<1>, C4<1>;
L_0x5dcb4f9d86c0 .delay 1 (2,2,2) L_0x5dcb4f9d86c0/d;
v0x5dcb4f92f240_0 .net "a", 0 0, L_0x5dcb4f9d8870;  1 drivers
v0x5dcb4f92f320_0 .net "b", 0 0, L_0x5dcb4f9d7fe0;  1 drivers
v0x5dcb4f92f3e0_0 .net "cin", 0 0, L_0x5dcb4f9d8080;  1 drivers
v0x5dcb4f92f4b0_0 .net "cout", 0 0, L_0x5dcb4f9d7620;  1 drivers
v0x5dcb4f92f570_0 .net "pc1", 0 0, L_0x5dcb4f9d78a0;  1 drivers
v0x5dcb4f92f680_0 .net "pc2", 0 0, L_0x5dcb4f9d86c0;  1 drivers
v0x5dcb4f92f740_0 .net "ps", 0 0, L_0x5dcb4f9d7730;  1 drivers
v0x5dcb4f92f800_0 .net "sum", 0 0, L_0x5dcb4f9d8530;  1 drivers
S_0x5dcb4f92f960 .scope generate, "rca_gen[54]" "rca_gen[54]" 5 35, 5 35 0, S_0x5dcb4f853690;
 .timescale 0 0;
P_0x5dcb4f92fb60 .param/l "i" 0 5 35, +C4<0110110>;
S_0x5dcb4f92fc20 .scope module, "fa" "FA_Gate" 5 36, 6 20 0, S_0x5dcb4f92f960;
 .timescale 0 0;
    .port_info 0 /INPUT 1 "a";
    .port_info 1 /INPUT 1 "b";
    .port_info 2 /INPUT 1 "cin";
    .port_info 3 /OUTPUT 1 "sum";
    .port_info 4 /OUTPUT 1 "cout";
L_0x5dcb4f9d8120/d .functor OR 1, L_0x5dcb4f9d83a0, L_0x5dcb4f9d9080, C4<0>, C4<0>;
L_0x5dcb4f9d8120 .delay 1 (2,2,2) L_0x5dcb4f9d8120/d;
L_0x5dcb4f9d8230/d .functor XOR 1, L_0x5dcb4f9d9230, L_0x5dcb4f9d92d0, C4<0>, C4<0>;
L_0x5dcb4f9d8230 .delay 1 (2,2,2) L_0x5dcb4f9d8230/d;
L_0x5dcb4f9d83a0/d .functor AND 1, L_0x5dcb4f9d9230, L_0x5dcb4f9d92d0, C4<1>, C4<1>;
L_0x5dcb4f9d83a0 .delay 1 (2,2,2) L_0x5dcb4f9d83a0/d;
L_0x5dcb4f9d8f20/d .functor XOR 1, L_0x5dcb4f9d8910, L_0x5dcb4f9d8230, C4<0>, C4<0>;
L_0x5dcb4f9d8f20 .delay 1 (2,2,2) L_0x5dcb4f9d8f20/d;
L_0x5dcb4f9d9080/d .functor AND 1, L_0x5dcb4f9d8910, L_0x5dcb4f9d8230, C4<1>, C4<1>;
L_0x5dcb4f9d9080 .delay 1 (2,2,2) L_0x5dcb4f9d9080/d;
v0x5dcb4f92fea0_0 .net "a", 0 0, L_0x5dcb4f9d9230;  1 drivers
v0x5dcb4f92ff80_0 .net "b", 0 0, L_0x5dcb4f9d92d0;  1 drivers
v0x5dcb4f930040_0 .net "cin", 0 0, L_0x5dcb4f9d8910;  1 drivers
v0x5dcb4f930110_0 .net "cout", 0 0, L_0x5dcb4f9d8120;  1 drivers
v0x5dcb4f9301d0_0 .net "pc1", 0 0, L_0x5dcb4f9d83a0;  1 drivers
v0x5dcb4f9302e0_0 .net "pc2", 0 0, L_0x5dcb4f9d9080;  1 drivers
v0x5dcb4f9303a0_0 .net "ps", 0 0, L_0x5dcb4f9d8230;  1 drivers
v0x5dcb4f930460_0 .net "sum", 0 0, L_0x5dcb4f9d8f20;  1 drivers
S_0x5dcb4f9305c0 .scope generate, "rca_gen[55]" "rca_gen[55]" 5 35, 5 35 0, S_0x5dcb4f853690;
 .timescale 0 0;
P_0x5dcb4f9307c0 .param/l "i" 0 5 35, +C4<0110111>;
S_0x5dcb4f930880 .scope module, "fa" "FA_Gate" 5 36, 6 20 0, S_0x5dcb4f9305c0;
 .timescale 0 0;
    .port_info 0 /INPUT 1 "a";
    .port_info 1 /INPUT 1 "b";
    .port_info 2 /INPUT 1 "cin";
    .port_info 3 /OUTPUT 1 "sum";
    .port_info 4 /OUTPUT 1 "cout";
L_0x5dcb4f9d89b0/d .functor OR 1, L_0x5dcb4f9d8c30, L_0x5dcb4f9d9a30, C4<0>, C4<0>;
L_0x5dcb4f9d89b0 .delay 1 (2,2,2) L_0x5dcb4f9d89b0/d;
L_0x5dcb4f9d8ac0/d .functor XOR 1, L_0x5dcb4f9d9be0, L_0x5dcb4f9d9370, C4<0>, C4<0>;
L_0x5dcb4f9d8ac0 .delay 1 (2,2,2) L_0x5dcb4f9d8ac0/d;
L_0x5dcb4f9d8c30/d .functor AND 1, L_0x5dcb4f9d9be0, L_0x5dcb4f9d9370, C4<1>, C4<1>;
L_0x5dcb4f9d8c30 .delay 1 (2,2,2) L_0x5dcb4f9d8c30/d;
L_0x5dcb4f9d98a0/d .functor XOR 1, L_0x5dcb4f9d9410, L_0x5dcb4f9d8ac0, C4<0>, C4<0>;
L_0x5dcb4f9d98a0 .delay 1 (2,2,2) L_0x5dcb4f9d98a0/d;
L_0x5dcb4f9d9a30/d .functor AND 1, L_0x5dcb4f9d9410, L_0x5dcb4f9d8ac0, C4<1>, C4<1>;
L_0x5dcb4f9d9a30 .delay 1 (2,2,2) L_0x5dcb4f9d9a30/d;
v0x5dcb4f930b00_0 .net "a", 0 0, L_0x5dcb4f9d9be0;  1 drivers
v0x5dcb4f930be0_0 .net "b", 0 0, L_0x5dcb4f9d9370;  1 drivers
v0x5dcb4f930ca0_0 .net "cin", 0 0, L_0x5dcb4f9d9410;  1 drivers
v0x5dcb4f930d70_0 .net "cout", 0 0, L_0x5dcb4f9d89b0;  1 drivers
v0x5dcb4f930e30_0 .net "pc1", 0 0, L_0x5dcb4f9d8c30;  1 drivers
v0x5dcb4f930f40_0 .net "pc2", 0 0, L_0x5dcb4f9d9a30;  1 drivers
v0x5dcb4f931000_0 .net "ps", 0 0, L_0x5dcb4f9d8ac0;  1 drivers
v0x5dcb4f9310c0_0 .net "sum", 0 0, L_0x5dcb4f9d98a0;  1 drivers
S_0x5dcb4f931220 .scope generate, "rca_gen[56]" "rca_gen[56]" 5 35, 5 35 0, S_0x5dcb4f853690;
 .timescale 0 0;
P_0x5dcb4f931420 .param/l "i" 0 5 35, +C4<0111000>;
S_0x5dcb4f9314e0 .scope module, "fa" "FA_Gate" 5 36, 6 20 0, S_0x5dcb4f931220;
 .timescale 0 0;
    .port_info 0 /INPUT 1 "a";
    .port_info 1 /INPUT 1 "b";
    .port_info 2 /INPUT 1 "cin";
    .port_info 3 /OUTPUT 1 "sum";
    .port_info 4 /OUTPUT 1 "cout";
L_0x5dcb4f9d94b0/d .functor OR 1, L_0x5dcb4f9d9730, L_0x5dcb4f9da400, C4<0>, C4<0>;
L_0x5dcb4f9d94b0 .delay 1 (2,2,2) L_0x5dcb4f9d94b0/d;
L_0x5dcb4f9d95c0/d .functor XOR 1, L_0x5dcb4f9da5b0, L_0x5dcb4f9da650, C4<0>, C4<0>;
L_0x5dcb4f9d95c0 .delay 1 (2,2,2) L_0x5dcb4f9d95c0/d;
L_0x5dcb4f9d9730/d .functor AND 1, L_0x5dcb4f9da5b0, L_0x5dcb4f9da650, C4<1>, C4<1>;
L_0x5dcb4f9d9730 .delay 1 (2,2,2) L_0x5dcb4f9d9730/d;
L_0x5dcb4f9da270/d .functor XOR 1, L_0x5dcb4f9d9c80, L_0x5dcb4f9d95c0, C4<0>, C4<0>;
L_0x5dcb4f9da270 .delay 1 (2,2,2) L_0x5dcb4f9da270/d;
L_0x5dcb4f9da400/d .functor AND 1, L_0x5dcb4f9d9c80, L_0x5dcb4f9d95c0, C4<1>, C4<1>;
L_0x5dcb4f9da400 .delay 1 (2,2,2) L_0x5dcb4f9da400/d;
v0x5dcb4f931760_0 .net "a", 0 0, L_0x5dcb4f9da5b0;  1 drivers
v0x5dcb4f931840_0 .net "b", 0 0, L_0x5dcb4f9da650;  1 drivers
v0x5dcb4f931900_0 .net "cin", 0 0, L_0x5dcb4f9d9c80;  1 drivers
v0x5dcb4f9319d0_0 .net "cout", 0 0, L_0x5dcb4f9d94b0;  1 drivers
v0x5dcb4f931a90_0 .net "pc1", 0 0, L_0x5dcb4f9d9730;  1 drivers
v0x5dcb4f931ba0_0 .net "pc2", 0 0, L_0x5dcb4f9da400;  1 drivers
v0x5dcb4f931c60_0 .net "ps", 0 0, L_0x5dcb4f9d95c0;  1 drivers
v0x5dcb4f931d20_0 .net "sum", 0 0, L_0x5dcb4f9da270;  1 drivers
S_0x5dcb4f931e80 .scope generate, "rca_gen[57]" "rca_gen[57]" 5 35, 5 35 0, S_0x5dcb4f853690;
 .timescale 0 0;
P_0x5dcb4f932080 .param/l "i" 0 5 35, +C4<0111001>;
S_0x5dcb4f932140 .scope module, "fa" "FA_Gate" 5 36, 6 20 0, S_0x5dcb4f931e80;
 .timescale 0 0;
    .port_info 0 /INPUT 1 "a";
    .port_info 1 /INPUT 1 "b";
    .port_info 2 /INPUT 1 "cin";
    .port_info 3 /OUTPUT 1 "sum";
    .port_info 4 /OUTPUT 1 "cout";
L_0x5dcb4f9d9d20/d .functor OR 1, L_0x5dcb4f9d9fa0, L_0x5dcb4f9dadb0, C4<0>, C4<0>;
L_0x5dcb4f9d9d20 .delay 1 (2,2,2) L_0x5dcb4f9d9d20/d;
L_0x5dcb4f9d9e30/d .functor XOR 1, L_0x5dcb4f9daf60, L_0x5dcb4f9da6f0, C4<0>, C4<0>;
L_0x5dcb4f9d9e30 .delay 1 (2,2,2) L_0x5dcb4f9d9e30/d;
L_0x5dcb4f9d9fa0/d .functor AND 1, L_0x5dcb4f9daf60, L_0x5dcb4f9da6f0, C4<1>, C4<1>;
L_0x5dcb4f9d9fa0 .delay 1 (2,2,2) L_0x5dcb4f9d9fa0/d;
L_0x5dcb4f9dac50/d .functor XOR 1, L_0x5dcb4f9da790, L_0x5dcb4f9d9e30, C4<0>, C4<0>;
L_0x5dcb4f9dac50 .delay 1 (2,2,2) L_0x5dcb4f9dac50/d;
L_0x5dcb4f9dadb0/d .functor AND 1, L_0x5dcb4f9da790, L_0x5dcb4f9d9e30, C4<1>, C4<1>;
L_0x5dcb4f9dadb0 .delay 1 (2,2,2) L_0x5dcb4f9dadb0/d;
v0x5dcb4f9323c0_0 .net "a", 0 0, L_0x5dcb4f9daf60;  1 drivers
v0x5dcb4f9324a0_0 .net "b", 0 0, L_0x5dcb4f9da6f0;  1 drivers
v0x5dcb4f932560_0 .net "cin", 0 0, L_0x5dcb4f9da790;  1 drivers
v0x5dcb4f932630_0 .net "cout", 0 0, L_0x5dcb4f9d9d20;  1 drivers
v0x5dcb4f9326f0_0 .net "pc1", 0 0, L_0x5dcb4f9d9fa0;  1 drivers
v0x5dcb4f932800_0 .net "pc2", 0 0, L_0x5dcb4f9dadb0;  1 drivers
v0x5dcb4f9328c0_0 .net "ps", 0 0, L_0x5dcb4f9d9e30;  1 drivers
v0x5dcb4f932980_0 .net "sum", 0 0, L_0x5dcb4f9dac50;  1 drivers
S_0x5dcb4f932ae0 .scope generate, "rca_gen[58]" "rca_gen[58]" 5 35, 5 35 0, S_0x5dcb4f853690;
 .timescale 0 0;
P_0x5dcb4f932ce0 .param/l "i" 0 5 35, +C4<0111010>;
S_0x5dcb4f932da0 .scope module, "fa" "FA_Gate" 5 36, 6 20 0, S_0x5dcb4f932ae0;
 .timescale 0 0;
    .port_info 0 /INPUT 1 "a";
    .port_info 1 /INPUT 1 "b";
    .port_info 2 /INPUT 1 "cin";
    .port_info 3 /OUTPUT 1 "sum";
    .port_info 4 /OUTPUT 1 "cout";
L_0x5dcb4f9da830/d .functor OR 1, L_0x5dcb4f9daab0, L_0x5dcb4f9db780, C4<0>, C4<0>;
L_0x5dcb4f9da830 .delay 1 (2,2,2) L_0x5dcb4f9da830/d;
L_0x5dcb4f9da940/d .functor XOR 1, L_0x5dcb4f9db930, L_0x5dcb4f9db9d0, C4<0>, C4<0>;
L_0x5dcb4f9da940 .delay 1 (2,2,2) L_0x5dcb4f9da940/d;
L_0x5dcb4f9daab0/d .functor AND 1, L_0x5dcb4f9db930, L_0x5dcb4f9db9d0, C4<1>, C4<1>;
L_0x5dcb4f9daab0 .delay 1 (2,2,2) L_0x5dcb4f9daab0/d;
L_0x5dcb4f9db620/d .functor XOR 1, L_0x5dcb4f9db000, L_0x5dcb4f9da940, C4<0>, C4<0>;
L_0x5dcb4f9db620 .delay 1 (2,2,2) L_0x5dcb4f9db620/d;
L_0x5dcb4f9db780/d .functor AND 1, L_0x5dcb4f9db000, L_0x5dcb4f9da940, C4<1>, C4<1>;
L_0x5dcb4f9db780 .delay 1 (2,2,2) L_0x5dcb4f9db780/d;
v0x5dcb4f933020_0 .net "a", 0 0, L_0x5dcb4f9db930;  1 drivers
v0x5dcb4f933100_0 .net "b", 0 0, L_0x5dcb4f9db9d0;  1 drivers
v0x5dcb4f9331c0_0 .net "cin", 0 0, L_0x5dcb4f9db000;  1 drivers
v0x5dcb4f933290_0 .net "cout", 0 0, L_0x5dcb4f9da830;  1 drivers
v0x5dcb4f933350_0 .net "pc1", 0 0, L_0x5dcb4f9daab0;  1 drivers
v0x5dcb4f933460_0 .net "pc2", 0 0, L_0x5dcb4f9db780;  1 drivers
v0x5dcb4f933520_0 .net "ps", 0 0, L_0x5dcb4f9da940;  1 drivers
v0x5dcb4f9335e0_0 .net "sum", 0 0, L_0x5dcb4f9db620;  1 drivers
S_0x5dcb4f933740 .scope generate, "rca_gen[59]" "rca_gen[59]" 5 35, 5 35 0, S_0x5dcb4f853690;
 .timescale 0 0;
P_0x5dcb4f933940 .param/l "i" 0 5 35, +C4<0111011>;
S_0x5dcb4f933a00 .scope module, "fa" "FA_Gate" 5 36, 6 20 0, S_0x5dcb4f933740;
 .timescale 0 0;
    .port_info 0 /INPUT 1 "a";
    .port_info 1 /INPUT 1 "b";
    .port_info 2 /INPUT 1 "cin";
    .port_info 3 /OUTPUT 1 "sum";
    .port_info 4 /OUTPUT 1 "cout";
L_0x5dcb4f9db0a0/d .functor OR 1, L_0x5dcb4f9db320, L_0x5dcb4f9dc140, C4<0>, C4<0>;
L_0x5dcb4f9db0a0 .delay 1 (2,2,2) L_0x5dcb4f9db0a0/d;
L_0x5dcb4f9db1b0/d .functor XOR 1, L_0x5dcb4f9dc2f0, L_0x5dcb4f9dba70, C4<0>, C4<0>;
L_0x5dcb4f9db1b0 .delay 1 (2,2,2) L_0x5dcb4f9db1b0/d;
L_0x5dcb4f9db320/d .functor AND 1, L_0x5dcb4f9dc2f0, L_0x5dcb4f9dba70, C4<1>, C4<1>;
L_0x5dcb4f9db320 .delay 1 (2,2,2) L_0x5dcb4f9db320/d;
L_0x5dcb4f9dc000/d .functor XOR 1, L_0x5dcb4f9dbb10, L_0x5dcb4f9db1b0, C4<0>, C4<0>;
L_0x5dcb4f9dc000 .delay 1 (2,2,2) L_0x5dcb4f9dc000/d;
L_0x5dcb4f9dc140/d .functor AND 1, L_0x5dcb4f9dbb10, L_0x5dcb4f9db1b0, C4<1>, C4<1>;
L_0x5dcb4f9dc140 .delay 1 (2,2,2) L_0x5dcb4f9dc140/d;
v0x5dcb4f933c80_0 .net "a", 0 0, L_0x5dcb4f9dc2f0;  1 drivers
v0x5dcb4f933d60_0 .net "b", 0 0, L_0x5dcb4f9dba70;  1 drivers
v0x5dcb4f933e20_0 .net "cin", 0 0, L_0x5dcb4f9dbb10;  1 drivers
v0x5dcb4f933ef0_0 .net "cout", 0 0, L_0x5dcb4f9db0a0;  1 drivers
v0x5dcb4f933fb0_0 .net "pc1", 0 0, L_0x5dcb4f9db320;  1 drivers
v0x5dcb4f9340c0_0 .net "pc2", 0 0, L_0x5dcb4f9dc140;  1 drivers
v0x5dcb4f934180_0 .net "ps", 0 0, L_0x5dcb4f9db1b0;  1 drivers
v0x5dcb4f934240_0 .net "sum", 0 0, L_0x5dcb4f9dc000;  1 drivers
S_0x5dcb4f9343a0 .scope generate, "rca_gen[60]" "rca_gen[60]" 5 35, 5 35 0, S_0x5dcb4f853690;
 .timescale 0 0;
P_0x5dcb4f9345a0 .param/l "i" 0 5 35, +C4<0111100>;
S_0x5dcb4f934660 .scope module, "fa" "FA_Gate" 5 36, 6 20 0, S_0x5dcb4f9343a0;
 .timescale 0 0;
    .port_info 0 /INPUT 1 "a";
    .port_info 1 /INPUT 1 "b";
    .port_info 2 /INPUT 1 "cin";
    .port_info 3 /OUTPUT 1 "sum";
    .port_info 4 /OUTPUT 1 "cout";
L_0x5dcb4f9dbbb0/d .functor OR 1, L_0x5dcb4f9dbe30, L_0x5dcb4f9dcb20, C4<0>, C4<0>;
L_0x5dcb4f9dbbb0 .delay 1 (2,2,2) L_0x5dcb4f9dbbb0/d;
L_0x5dcb4f9dbcc0/d .functor XOR 1, L_0x5dcb4f9dccd0, L_0x5dcb4f9dcd70, C4<0>, C4<0>;
L_0x5dcb4f9dbcc0 .delay 1 (2,2,2) L_0x5dcb4f9dbcc0/d;
L_0x5dcb4f9dbe30/d .functor AND 1, L_0x5dcb4f9dccd0, L_0x5dcb4f9dcd70, C4<1>, C4<1>;
L_0x5dcb4f9dbe30 .delay 1 (2,2,2) L_0x5dcb4f9dbe30/d;
L_0x5dcb4f9dc990/d .functor XOR 1, L_0x5dcb4f9dc390, L_0x5dcb4f9dbcc0, C4<0>, C4<0>;
L_0x5dcb4f9dc990 .delay 1 (2,2,2) L_0x5dcb4f9dc990/d;
L_0x5dcb4f9dcb20/d .functor AND 1, L_0x5dcb4f9dc390, L_0x5dcb4f9dbcc0, C4<1>, C4<1>;
L_0x5dcb4f9dcb20 .delay 1 (2,2,2) L_0x5dcb4f9dcb20/d;
v0x5dcb4f9348e0_0 .net "a", 0 0, L_0x5dcb4f9dccd0;  1 drivers
v0x5dcb4f9349c0_0 .net "b", 0 0, L_0x5dcb4f9dcd70;  1 drivers
v0x5dcb4f934a80_0 .net "cin", 0 0, L_0x5dcb4f9dc390;  1 drivers
v0x5dcb4f934b50_0 .net "cout", 0 0, L_0x5dcb4f9dbbb0;  1 drivers
v0x5dcb4f934c10_0 .net "pc1", 0 0, L_0x5dcb4f9dbe30;  1 drivers
v0x5dcb4f934d20_0 .net "pc2", 0 0, L_0x5dcb4f9dcb20;  1 drivers
v0x5dcb4f934de0_0 .net "ps", 0 0, L_0x5dcb4f9dbcc0;  1 drivers
v0x5dcb4f934ea0_0 .net "sum", 0 0, L_0x5dcb4f9dc990;  1 drivers
S_0x5dcb4f935000 .scope generate, "rca_gen[61]" "rca_gen[61]" 5 35, 5 35 0, S_0x5dcb4f853690;
 .timescale 0 0;
P_0x5dcb4f935200 .param/l "i" 0 5 35, +C4<0111101>;
S_0x5dcb4f9352c0 .scope module, "fa" "FA_Gate" 5 36, 6 20 0, S_0x5dcb4f935000;
 .timescale 0 0;
    .port_info 0 /INPUT 1 "a";
    .port_info 1 /INPUT 1 "b";
    .port_info 2 /INPUT 1 "cin";
    .port_info 3 /OUTPUT 1 "sum";
    .port_info 4 /OUTPUT 1 "cout";
L_0x5dcb4f9dc430/d .functor OR 1, L_0x5dcb4f9dc6b0, L_0x5dcb4f9dd4f0, C4<0>, C4<0>;
L_0x5dcb4f9dc430 .delay 1 (2,2,2) L_0x5dcb4f9dc430/d;
L_0x5dcb4f9dc540/d .functor XOR 1, L_0x5dcb4f9dd6a0, L_0x5dcb4f9dce10, C4<0>, C4<0>;
L_0x5dcb4f9dc540 .delay 1 (2,2,2) L_0x5dcb4f9dc540/d;
L_0x5dcb4f9dc6b0/d .functor AND 1, L_0x5dcb4f9dd6a0, L_0x5dcb4f9dce10, C4<1>, C4<1>;
L_0x5dcb4f9dc6b0 .delay 1 (2,2,2) L_0x5dcb4f9dc6b0/d;
L_0x5dcb4f9dc8b0/d .functor XOR 1, L_0x5dcb4f9dceb0, L_0x5dcb4f9dc540, C4<0>, C4<0>;
L_0x5dcb4f9dc8b0 .delay 1 (2,2,2) L_0x5dcb4f9dc8b0/d;
L_0x5dcb4f9dd4f0/d .functor AND 1, L_0x5dcb4f9dceb0, L_0x5dcb4f9dc540, C4<1>, C4<1>;
L_0x5dcb4f9dd4f0 .delay 1 (2,2,2) L_0x5dcb4f9dd4f0/d;
v0x5dcb4f935540_0 .net "a", 0 0, L_0x5dcb4f9dd6a0;  1 drivers
v0x5dcb4f935620_0 .net "b", 0 0, L_0x5dcb4f9dce10;  1 drivers
v0x5dcb4f9356e0_0 .net "cin", 0 0, L_0x5dcb4f9dceb0;  1 drivers
v0x5dcb4f9357b0_0 .net "cout", 0 0, L_0x5dcb4f9dc430;  1 drivers
v0x5dcb4f935870_0 .net "pc1", 0 0, L_0x5dcb4f9dc6b0;  1 drivers
v0x5dcb4f935980_0 .net "pc2", 0 0, L_0x5dcb4f9dd4f0;  1 drivers
v0x5dcb4f935a40_0 .net "ps", 0 0, L_0x5dcb4f9dc540;  1 drivers
v0x5dcb4f935b00_0 .net "sum", 0 0, L_0x5dcb4f9dc8b0;  1 drivers
S_0x5dcb4f935c60 .scope generate, "rca_gen[62]" "rca_gen[62]" 5 35, 5 35 0, S_0x5dcb4f853690;
 .timescale 0 0;
P_0x5dcb4f935e60 .param/l "i" 0 5 35, +C4<0111110>;
S_0x5dcb4f935f20 .scope module, "fa" "FA_Gate" 5 36, 6 20 0, S_0x5dcb4f935c60;
 .timescale 0 0;
    .port_info 0 /INPUT 1 "a";
    .port_info 1 /INPUT 1 "b";
    .port_info 2 /INPUT 1 "cin";
    .port_info 3 /OUTPUT 1 "sum";
    .port_info 4 /OUTPUT 1 "cout";
L_0x5dcb4f9dcf50/d .functor OR 1, L_0x5dcb4f9dd1d0, L_0x5dcb4f9ddeb0, C4<0>, C4<0>;
L_0x5dcb4f9dcf50 .delay 1 (2,2,2) L_0x5dcb4f9dcf50/d;
L_0x5dcb4f9dd060/d .functor XOR 1, L_0x5dcb4f9de060, L_0x5dcb4f9de100, C4<0>, C4<0>;
L_0x5dcb4f9dd060 .delay 1 (2,2,2) L_0x5dcb4f9dd060/d;
L_0x5dcb4f9dd1d0/d .functor AND 1, L_0x5dcb4f9de060, L_0x5dcb4f9de100, C4<1>, C4<1>;
L_0x5dcb4f9dd1d0 .delay 1 (2,2,2) L_0x5dcb4f9dd1d0/d;
L_0x5dcb4f9ddd20/d .functor XOR 1, L_0x5dcb4f9dd740, L_0x5dcb4f9dd060, C4<0>, C4<0>;
L_0x5dcb4f9ddd20 .delay 1 (2,2,2) L_0x5dcb4f9ddd20/d;
L_0x5dcb4f9ddeb0/d .functor AND 1, L_0x5dcb4f9dd740, L_0x5dcb4f9dd060, C4<1>, C4<1>;
L_0x5dcb4f9ddeb0 .delay 1 (2,2,2) L_0x5dcb4f9ddeb0/d;
v0x5dcb4f9361a0_0 .net "a", 0 0, L_0x5dcb4f9de060;  1 drivers
v0x5dcb4f936280_0 .net "b", 0 0, L_0x5dcb4f9de100;  1 drivers
v0x5dcb4f936340_0 .net "cin", 0 0, L_0x5dcb4f9dd740;  1 drivers
v0x5dcb4f936410_0 .net "cout", 0 0, L_0x5dcb4f9dcf50;  1 drivers
v0x5dcb4f9364d0_0 .net "pc1", 0 0, L_0x5dcb4f9dd1d0;  1 drivers
v0x5dcb4f9365e0_0 .net "pc2", 0 0, L_0x5dcb4f9ddeb0;  1 drivers
v0x5dcb4f9366a0_0 .net "ps", 0 0, L_0x5dcb4f9dd060;  1 drivers
v0x5dcb4f936760_0 .net "sum", 0 0, L_0x5dcb4f9ddd20;  1 drivers
S_0x5dcb4f9368c0 .scope generate, "rca_gen[63]" "rca_gen[63]" 5 35, 5 35 0, S_0x5dcb4f853690;
 .timescale 0 0;
P_0x5dcb4f936ac0 .param/l "i" 0 5 35, +C4<0111111>;
S_0x5dcb4f936b80 .scope module, "fa" "FA_Gate" 5 36, 6 20 0, S_0x5dcb4f9368c0;
 .timescale 0 0;
    .port_info 0 /INPUT 1 "a";
    .port_info 1 /INPUT 1 "b";
    .port_info 2 /INPUT 1 "cin";
    .port_info 3 /OUTPUT 1 "sum";
    .port_info 4 /OUTPUT 1 "cout";
L_0x5dcb4f9dd7e0/d .functor OR 1, L_0x5dcb4f9dda60, L_0x5dcb4f9de860, C4<0>, C4<0>;
L_0x5dcb4f9dd7e0 .delay 1 (2,2,2) L_0x5dcb4f9dd7e0/d;
L_0x5dcb4f9dd8f0/d .functor XOR 1, L_0x5dcb4f9dea10, L_0x5dcb4f9de1a0, C4<0>, C4<0>;
L_0x5dcb4f9dd8f0 .delay 1 (2,2,2) L_0x5dcb4f9dd8f0/d;
L_0x5dcb4f9dda60/d .functor AND 1, L_0x5dcb4f9dea10, L_0x5dcb4f9de1a0, C4<1>, C4<1>;
L_0x5dcb4f9dda60 .delay 1 (2,2,2) L_0x5dcb4f9dda60/d;
L_0x5dcb4f9ddc60/d .functor XOR 1, L_0x5dcb4f9de240, L_0x5dcb4f9dd8f0, C4<0>, C4<0>;
L_0x5dcb4f9ddc60 .delay 1 (2,2,2) L_0x5dcb4f9ddc60/d;
L_0x5dcb4f9de860/d .functor AND 1, L_0x5dcb4f9de240, L_0x5dcb4f9dd8f0, C4<1>, C4<1>;
L_0x5dcb4f9de860 .delay 1 (2,2,2) L_0x5dcb4f9de860/d;
v0x5dcb4f936e00_0 .net "a", 0 0, L_0x5dcb4f9dea10;  1 drivers
v0x5dcb4f936ee0_0 .net "b", 0 0, L_0x5dcb4f9de1a0;  1 drivers
v0x5dcb4f936fa0_0 .net "cin", 0 0, L_0x5dcb4f9de240;  1 drivers
v0x5dcb4f937070_0 .net "cout", 0 0, L_0x5dcb4f9dd7e0;  1 drivers
v0x5dcb4f937130_0 .net "pc1", 0 0, L_0x5dcb4f9dda60;  1 drivers
v0x5dcb4f937240_0 .net "pc2", 0 0, L_0x5dcb4f9de860;  1 drivers
v0x5dcb4f937300_0 .net "ps", 0 0, L_0x5dcb4f9dd8f0;  1 drivers
v0x5dcb4f9373c0_0 .net "sum", 0 0, L_0x5dcb4f9ddc60;  1 drivers
S_0x5dcb4f853a20 .scope module, "tb" "tb" 7 7;
 .timescale 0 0;
v0x5dcb4f96e340_0 .var "t_a", 63 0;
v0x5dcb4f96e470_0 .var "t_b", 63 0;
v0x5dcb4f96e580_0 .var "t_cin", 0 0;
v0x5dcb4f96e670_0 .net "t_cout", 0 0, L_0x5dcb4fa20ef0;  1 drivers
v0x5dcb4f96e760_0 .net "t_sum", 63 0, L_0x5dcb4fa07e80;  1 drivers
v0x5dcb4f96e8a0_0 .var/str "vcd_file";
S_0x5dcb4f937bf0 .scope module, "DUT" "dut" 7 13, 8 8 0, S_0x5dcb4f853a20;
 .timescale 0 0;
    .port_info 0 /INPUT 64 "a";
    .port_info 1 /INPUT 64 "b";
    .port_info 2 /INPUT 1 "cin";
    .port_info 3 /OUTPUT 64 "sum";
    .port_info 4 /OUTPUT 1 "cout";
v0x5dcb4f96ded0_0 .net "a", 63 0, v0x5dcb4f96e340_0;  1 drivers
v0x5dcb4f96dfb0_0 .net "b", 63 0, v0x5dcb4f96e470_0;  1 drivers
v0x5dcb4f96e080_0 .net "cin", 0 0, v0x5dcb4f96e580_0;  1 drivers
v0x5dcb4f96e180_0 .net "cout", 0 0, L_0x5dcb4fa20ef0;  alias, 1 drivers
v0x5dcb4f96e250_0 .net "sum", 63 0, L_0x5dcb4fa07e80;  alias, 1 drivers
S_0x5dcb4f937e70 .scope module, "U_IMPL" "cla64_flat" 8 20, 9 7 0, S_0x5dcb4f937bf0;
 .timescale 0 0;
    .port_info 0 /INPUT 64 "a";
    .port_info 1 /INPUT 64 "b";
    .port_info 2 /INPUT 1 "cin";
    .port_info 3 /OUTPUT 64 "sum";
    .port_info 4 /OUTPUT 1 "cout";
L_0x5dcb4fa07e80/d .functor XOR 64, L_0x5dcb4fa03350, L_0x5dcb4fa07d90, C4<0000000000000000000000000000000000000000000000000000000000000000>, C4<0000000000000000000000000000000000000000000000000000000000000000>;
L_0x5dcb4fa07e80 .delay 64 (2,2,2) L_0x5dcb4fa07e80/d;
v0x5dcb4f965d20_0 .net *"_ivl_0", 0 0, L_0x5dcb4f9e0980;  1 drivers
v0x5dcb4f965e20_0 .net *"_ivl_100", 0 0, L_0x5dcb4f9e7a20;  1 drivers
v0x5dcb4f965f00_0 .net *"_ivl_104", 0 0, L_0x5dcb4f9e7ec0;  1 drivers
v0x5dcb4f965ff0_0 .net *"_ivl_108", 0 0, L_0x5dcb4f9e8370;  1 drivers
v0x5dcb4f9660d0_0 .net *"_ivl_112", 0 0, L_0x5dcb4f9e8830;  1 drivers
v0x5dcb4f966200_0 .net *"_ivl_116", 0 0, L_0x5dcb4f9e8d00;  1 drivers
v0x5dcb4f9662e0_0 .net *"_ivl_12", 0 0, L_0x5dcb4f9bea50;  1 drivers
v0x5dcb4f9663c0_0 .net *"_ivl_120", 0 0, L_0x5dcb4f9e91e0;  1 drivers
v0x5dcb4f9664a0_0 .net *"_ivl_124", 0 0, L_0x5dcb4f9e96d0;  1 drivers
v0x5dcb4f966580_0 .net *"_ivl_128", 0 0, L_0x5dcb4f9e9bd0;  1 drivers
v0x5dcb4f966660_0 .net *"_ivl_132", 0 0, L_0x5dcb4f9ea0e0;  1 drivers
v0x5dcb4f966740_0 .net *"_ivl_136", 0 0, L_0x5dcb4f9ea600;  1 drivers
v0x5dcb4f966820_0 .net *"_ivl_140", 0 0, L_0x5dcb4f9eab90;  1 drivers
v0x5dcb4f966900_0 .net *"_ivl_144", 0 0, L_0x5dcb4f9eb100;  1 drivers
v0x5dcb4f9669e0_0 .net *"_ivl_148", 0 0, L_0x5dcb4f9eb680;  1 drivers
v0x5dcb4f966ac0_0 .net *"_ivl_152", 0 0, L_0x5dcb4f9ebc10;  1 drivers
v0x5dcb4f966ba0_0 .net *"_ivl_156", 0 0, L_0x5dcb4f9ec1b0;  1 drivers
v0x5dcb4f966c80_0 .net *"_ivl_16", 0 0, L_0x5dcb4f9e36d0;  1 drivers
v0x5dcb4f966d60_0 .net *"_ivl_160", 0 0, L_0x5dcb4f9ec760;  1 drivers
v0x5dcb4f966e40_0 .net *"_ivl_164", 0 0, L_0x5dcb4f9ecd20;  1 drivers
v0x5dcb4f966f20_0 .net *"_ivl_168", 0 0, L_0x5dcb4f9ed2f0;  1 drivers
v0x5dcb4f967000_0 .net *"_ivl_172", 0 0, L_0x5dcb4f9ed8d0;  1 drivers
v0x5dcb4f9670e0_0 .net *"_ivl_176", 0 0, L_0x5dcb4f9edec0;  1 drivers
v0x5dcb4f9671c0_0 .net *"_ivl_180", 0 0, L_0x5dcb4f9ee4c0;  1 drivers
v0x5dcb4f9672a0_0 .net *"_ivl_184", 0 0, L_0x5dcb4f9eead0;  1 drivers
v0x5dcb4f967380_0 .net *"_ivl_188", 0 0, L_0x5dcb4f9ef0f0;  1 drivers
v0x5dcb4f967460_0 .net *"_ivl_192", 0 0, L_0x5dcb4f9ef720;  1 drivers
v0x5dcb4f967540_0 .net *"_ivl_196", 0 0, L_0x5dcb4f9efd60;  1 drivers
v0x5dcb4f967620_0 .net *"_ivl_20", 0 0, L_0x5dcb4f9e3880;  1 drivers
v0x5dcb4f967700_0 .net *"_ivl_200", 0 0, L_0x5dcb4f9f03b0;  1 drivers
v0x5dcb4f9677e0_0 .net *"_ivl_204", 0 0, L_0x5dcb4f9f0a10;  1 drivers
v0x5dcb4f9678c0_0 .net *"_ivl_208", 0 0, L_0x5dcb4f9f1080;  1 drivers
v0x5dcb4f9679a0_0 .net *"_ivl_212", 0 0, L_0x5dcb4f9f1700;  1 drivers
v0x5dcb4f967a80_0 .net *"_ivl_216", 0 0, L_0x5dcb4f9f1d90;  1 drivers
v0x5dcb4f967b60_0 .net *"_ivl_220", 0 0, L_0x5dcb4f9f2430;  1 drivers
v0x5dcb4f967c40_0 .net *"_ivl_224", 0 0, L_0x5dcb4f9f2ae0;  1 drivers
v0x5dcb4f967d20_0 .net *"_ivl_228", 0 0, L_0x5dcb4f9f31a0;  1 drivers
v0x5dcb4f967e00_0 .net *"_ivl_232", 0 0, L_0x5dcb4f9f3870;  1 drivers
v0x5dcb4f967ee0_0 .net *"_ivl_236", 0 0, L_0x5dcb4f9f3f50;  1 drivers
v0x5dcb4f967fc0_0 .net *"_ivl_24", 0 0, L_0x5dcb4f9e3aa0;  1 drivers
v0x5dcb4f9680a0_0 .net *"_ivl_240", 0 0, L_0x5dcb4f9f4640;  1 drivers
v0x5dcb4f968180_0 .net *"_ivl_244", 0 0, L_0x5dcb4f9f4d40;  1 drivers
v0x5dcb4f968260_0 .net *"_ivl_248", 0 0, L_0x5dcb4f9e3c50;  1 drivers
v0x5dcb4f968340_0 .net *"_ivl_252", 0 0, L_0x5dcb4f9f6aa0;  1 drivers
v0x5dcb4f968420_0 .net *"_ivl_256", 0 0, L_0x5dcb4f9f71d0;  1 drivers
v0x5dcb4f968500_0 .net *"_ivl_260", 0 0, L_0x5dcb4f9f7910;  1 drivers
v0x5dcb4f9685e0_0 .net *"_ivl_264", 0 0, L_0x5dcb4f9f74f0;  1 drivers
v0x5dcb4f9686c0_0 .net *"_ivl_268", 0 0, L_0x5dcb4f9f7840;  1 drivers
v0x5dcb4f9687a0_0 .net *"_ivl_272", 0 0, L_0x5dcb4f9f7c30;  1 drivers
v0x5dcb4f968880_0 .net *"_ivl_276", 0 0, L_0x5dcb4f9f7f20;  1 drivers
v0x5dcb4f968960_0 .net *"_ivl_28", 0 0, L_0x5dcb4f9e3a30;  1 drivers
v0x5dcb4f968a40_0 .net *"_ivl_280", 0 0, L_0x5dcb4f9f82f0;  1 drivers
v0x5dcb4f968b20_0 .net *"_ivl_284", 0 0, L_0x5dcb4f9f8610;  1 drivers
v0x5dcb4f968c00_0 .net *"_ivl_288", 0 0, L_0x5dcb4f9f8930;  1 drivers
v0x5dcb4f968ce0_0 .net *"_ivl_292", 0 0, L_0x5dcb4f9f8c50;  1 drivers
v0x5dcb4f968dc0_0 .net *"_ivl_296", 0 0, L_0x5dcb4f9f8f90;  1 drivers
v0x5dcb4f968ea0_0 .net *"_ivl_300", 0 0, L_0x5dcb4f9f92b0;  1 drivers
v0x5dcb4f968f80_0 .net *"_ivl_304", 0 0, L_0x5dcb4f9f9610;  1 drivers
v0x5dcb4f969060_0 .net *"_ivl_308", 0 0, L_0x5dcb4f9f9930;  1 drivers
v0x5dcb4f969140_0 .net *"_ivl_312", 0 0, L_0x5dcb4f9f9cb0;  1 drivers
v0x5dcb4f969220_0 .net *"_ivl_316", 0 0, L_0x5dcb4f9f9fd0;  1 drivers
v0x5dcb4f969300_0 .net *"_ivl_32", 0 0, L_0x5dcb4f9e3ea0;  1 drivers
v0x5dcb4f9693e0_0 .net *"_ivl_320", 0 0, L_0x5dcb4f9fa320;  1 drivers
v0x5dcb4f9694c0_0 .net *"_ivl_324", 0 0, L_0x5dcb4f9fa610;  1 drivers
v0x5dcb4f9695a0_0 .net *"_ivl_328", 0 0, L_0x5dcb4f9fa9b0;  1 drivers
v0x5dcb4f969680_0 .net *"_ivl_332", 0 0, L_0x5dcb4f9faca0;  1 drivers
v0x5dcb4f969760_0 .net *"_ivl_336", 0 0, L_0x5dcb4f9fb010;  1 drivers
v0x5dcb4f969840_0 .net *"_ivl_340", 0 0, L_0x5dcb4f9fb330;  1 drivers
v0x5dcb4f969920_0 .net *"_ivl_344", 0 0, L_0x5dcb4f9fb640;  1 drivers
v0x5dcb4f969a00_0 .net *"_ivl_348", 0 0, L_0x5dcb4f9fb960;  1 drivers
v0x5dcb4f969ae0_0 .net *"_ivl_352", 0 0, L_0x5dcb4f9fbce0;  1 drivers
v0x5dcb4f969bc0_0 .net *"_ivl_356", 0 0, L_0x5dcb4f9fc000;  1 drivers
v0x5dcb4f969ca0_0 .net *"_ivl_36", 0 0, L_0x5dcb4f9e40f0;  1 drivers
v0x5dcb4f969d80_0 .net *"_ivl_360", 0 0, L_0x5dcb4f9fc350;  1 drivers
v0x5dcb4f969e60_0 .net *"_ivl_364", 0 0, L_0x5dcb4f9fc640;  1 drivers
v0x5dcb4f969f40_0 .net *"_ivl_368", 0 0, L_0x5dcb4f9fc9e0;  1 drivers
v0x5dcb4f96a020_0 .net *"_ivl_372", 0 0, L_0x5dcb4f9fccd0;  1 drivers
v0x5dcb4f96a100_0 .net *"_ivl_376", 0 0, L_0x5dcb4f9fd040;  1 drivers
v0x5dcb4f96a1e0_0 .net *"_ivl_380", 0 0, L_0x5dcb4f9fd360;  1 drivers
v0x5dcb4f96a2c0_0 .net *"_ivl_384", 0 0, L_0x5dcb4f9fd670;  1 drivers
v0x5dcb4f96a3a0_0 .net *"_ivl_388", 0 0, L_0x5dcb4f9fd990;  1 drivers
v0x5dcb4f96a480_0 .net *"_ivl_392", 0 0, L_0x5dcb4f9fdd10;  1 drivers
v0x5dcb4f96a560_0 .net *"_ivl_396", 0 0, L_0x5dcb4f9fe030;  1 drivers
v0x5dcb4f96a640_0 .net *"_ivl_4", 0 0, L_0x5dcb4f9e0c70;  1 drivers
v0x5dcb4f96a720_0 .net *"_ivl_40", 0 0, L_0x5dcb4f9e4350;  1 drivers
v0x5dcb4f96a800_0 .net *"_ivl_400", 0 0, L_0x5dcb4f9fe380;  1 drivers
v0x5dcb4f96a8e0_0 .net *"_ivl_404", 0 0, L_0x5dcb4f9fe670;  1 drivers
v0x5dcb4f96a9c0_0 .net *"_ivl_408", 0 0, L_0x5dcb4f9ff080;  1 drivers
v0x5dcb4f96aaa0_0 .net *"_ivl_412", 0 0, L_0x5dcb4f9fea10;  1 drivers
v0x5dcb4f96ab80_0 .net *"_ivl_416", 0 0, L_0x5dcb4f9fed30;  1 drivers
v0x5dcb4f96ac60_0 .net *"_ivl_420", 0 0, L_0x5dcb4f9ffa10;  1 drivers
v0x5dcb4f96ad40_0 .net *"_ivl_424", 0 0, L_0x5dcb4f9ff370;  1 drivers
v0x5dcb4f96ae20_0 .net *"_ivl_428", 0 0, L_0x5dcb4f9ff690;  1 drivers
v0x5dcb4f96af00_0 .net *"_ivl_432", 0 0, L_0x5dcb4fa003d0;  1 drivers
v0x5dcb4f96afe0_0 .net *"_ivl_436", 0 0, L_0x5dcb4f9ffd00;  1 drivers
v0x5dcb4f96b0c0_0 .net *"_ivl_44", 0 0, L_0x5dcb4f9e42a0;  1 drivers
v0x5dcb4f96b1a0_0 .net *"_ivl_440", 0 0, L_0x5dcb4fa00050;  1 drivers
v0x5dcb4f96b280_0 .net *"_ivl_444", 0 0, L_0x5dcb4fa00d70;  1 drivers
v0x5dcb4f96b360_0 .net *"_ivl_448", 0 0, L_0x5dcb4fa00670;  1 drivers
v0x5dcb4f96b440_0 .net *"_ivl_452", 0 0, L_0x5dcb4fa009c0;  1 drivers
v0x5dcb4f96b520_0 .net *"_ivl_456", 0 0, L_0x5dcb4fa00ce0;  1 drivers
v0x5dcb4f96b600_0 .net *"_ivl_460", 0 0, L_0x5dcb4fa01010;  1 drivers
v0x5dcb4f96b6e0_0 .net *"_ivl_464", 0 0, L_0x5dcb4fa01360;  1 drivers
v0x5dcb4f96b7c0_0 .net *"_ivl_468", 0 0, L_0x5dcb4fa01680;  1 drivers
v0x5dcb4f96b8a0_0 .net *"_ivl_472", 0 0, L_0x5dcb4fa019c0;  1 drivers
v0x5dcb4f96b980_0 .net *"_ivl_476", 0 0, L_0x5dcb4fa01d10;  1 drivers
v0x5dcb4f96ba60_0 .net *"_ivl_48", 0 0, L_0x5dcb4f9e4460;  1 drivers
v0x5dcb4f96bb40_0 .net *"_ivl_480", 0 0, L_0x5dcb4fa02030;  1 drivers
v0x5dcb4f96bc20_0 .net *"_ivl_484", 0 0, L_0x5dcb4fa02350;  1 drivers
v0x5dcb4f96bd00_0 .net *"_ivl_488", 0 0, L_0x5dcb4fa02670;  1 drivers
v0x5dcb4f96bde0_0 .net *"_ivl_492", 0 0, L_0x5dcb4fa02990;  1 drivers
v0x5dcb4f96bec0_0 .net *"_ivl_496", 0 0, L_0x5dcb4fa02d10;  1 drivers
v0x5dcb4f96bfa0_0 .net *"_ivl_500", 0 0, L_0x5dcb4fa03030;  1 drivers
v0x5dcb4f96c080_0 .net *"_ivl_504", 0 0, L_0x5dcb4fa06220;  1 drivers
v0x5dcb4f96c160_0 .net *"_ivl_509", 0 0, L_0x5dcb4fa079b0;  1 drivers
v0x5dcb4f96c240_0 .net *"_ivl_52", 0 0, L_0x5dcb4f9e4660;  1 drivers
v0x5dcb4f96c320_0 .net *"_ivl_56", 0 0, L_0x5dcb4f9e4c70;  1 drivers
v0x5dcb4f96c400_0 .net *"_ivl_60", 0 0, L_0x5dcb4f9e5060;  1 drivers
v0x5dcb4f96c4e0_0 .net *"_ivl_64", 0 0, L_0x5dcb4f9e5460;  1 drivers
v0x5dcb4f96c5c0_0 .net *"_ivl_646", 62 0, L_0x5dcb4fa07cf0;  1 drivers
v0x5dcb4f96c6a0_0 .net *"_ivl_647", 63 0, L_0x5dcb4fa07d90;  1 drivers
v0x5dcb4f96c780_0 .net *"_ivl_68", 0 0, L_0x5dcb4f9e5870;  1 drivers
v0x5dcb4f96c860_0 .net *"_ivl_72", 0 0, L_0x5dcb4f9e5750;  1 drivers
v0x5dcb4f96c940_0 .net *"_ivl_76", 0 0, L_0x5dcb4f9e5fb0;  1 drivers
v0x5dcb4f96ca20_0 .net *"_ivl_8", 0 0, L_0x5dcb4f9e0e70;  1 drivers
v0x5dcb4f96cb00_0 .net *"_ivl_80", 0 0, L_0x5dcb4f9e63f0;  1 drivers
v0x5dcb4f96cbe0_0 .net *"_ivl_84", 0 0, L_0x5dcb4f9e6840;  1 drivers
v0x5dcb4f96ccc0_0 .net *"_ivl_88", 0 0, L_0x5dcb4f9e6ca0;  1 drivers
v0x5dcb4f96cda0_0 .net *"_ivl_92", 0 0, L_0x5dcb4f9e7110;  1 drivers
v0x5dcb4f96d690_0 .net *"_ivl_96", 0 0, L_0x5dcb4f9e7590;  1 drivers
v0x5dcb4f96d770_0 .net "a", 63 0, v0x5dcb4f96e340_0;  alias, 1 drivers
v0x5dcb4f96d850_0 .net "b", 63 0, v0x5dcb4f96e470_0;  alias, 1 drivers
v0x5dcb4f96d930_0 .net "c", 64 1, L_0x5dcb4fa1f8c0;  1 drivers
v0x5dcb4f96da10_0 .net "cin", 0 0, v0x5dcb4f96e580_0;  alias, 1 drivers
v0x5dcb4f96dad0_0 .net "cout", 0 0, L_0x5dcb4fa20ef0;  alias, 1 drivers
v0x5dcb4f96db90_0 .net "g", 63 0, L_0x5dcb4fa06560;  1 drivers
v0x5dcb4f96dc70_0 .net "p", 63 0, L_0x5dcb4fa03350;  1 drivers
v0x5dcb4f96dd50_0 .net "sum", 63 0, L_0x5dcb4fa07e80;  alias, 1 drivers
L_0x5dcb4f9e0a90 .part v0x5dcb4f96e340_0, 0, 1;
L_0x5dcb4f9e0b80 .part v0x5dcb4f96e470_0, 0, 1;
L_0x5dcb4f9e0d80 .part v0x5dcb4f96e340_0, 0, 1;
L_0x5dcb4f9e33b0 .part v0x5dcb4f96e470_0, 0, 1;
L_0x5dcb4f9e3450 .part v0x5dcb4f96e340_0, 1, 1;
L_0x5dcb4f9e34f0 .part v0x5dcb4f96e470_0, 1, 1;
L_0x5dcb4f9e3590 .part v0x5dcb4f96e340_0, 1, 1;
L_0x5dcb4f9e3630 .part v0x5dcb4f96e470_0, 1, 1;
L_0x5dcb4f9e3740 .part v0x5dcb4f96e340_0, 2, 1;
L_0x5dcb4f9e37e0 .part v0x5dcb4f96e470_0, 2, 1;
L_0x5dcb4f9e38f0 .part v0x5dcb4f96e340_0, 2, 1;
L_0x5dcb4f9e3990 .part v0x5dcb4f96e470_0, 2, 1;
L_0x5dcb4f9e3b10 .part v0x5dcb4f96e340_0, 3, 1;
L_0x5dcb4f9e3bb0 .part v0x5dcb4f96e470_0, 3, 1;
L_0x5dcb4f9e3cd0 .part v0x5dcb4f96e340_0, 3, 1;
L_0x5dcb4f9e3d70 .part v0x5dcb4f96e470_0, 3, 1;
L_0x5dcb4f9e3f10 .part v0x5dcb4f96e340_0, 4, 1;
L_0x5dcb4f9e3fb0 .part v0x5dcb4f96e470_0, 4, 1;
L_0x5dcb4f9e4160 .part v0x5dcb4f96e340_0, 4, 1;
L_0x5dcb4f9e4200 .part v0x5dcb4f96e470_0, 4, 1;
L_0x5dcb4f9e4050 .part v0x5dcb4f96e340_0, 5, 1;
L_0x5dcb4f9e43c0 .part v0x5dcb4f96e470_0, 5, 1;
L_0x5dcb4f9e4520 .part v0x5dcb4f96e340_0, 5, 1;
L_0x5dcb4f9e45c0 .part v0x5dcb4f96e470_0, 5, 1;
L_0x5dcb4f9e4730 .part v0x5dcb4f96e340_0, 6, 1;
L_0x5dcb4f9e47d0 .part v0x5dcb4f96e470_0, 6, 1;
L_0x5dcb4f9e49a0 .part v0x5dcb4f96e340_0, 6, 1;
L_0x5dcb4f9e4a90 .part v0x5dcb4f96e470_0, 6, 1;
L_0x5dcb4f9e4d80 .part v0x5dcb4f96e340_0, 7, 1;
L_0x5dcb4f9e4e70 .part v0x5dcb4f96e470_0, 7, 1;
L_0x5dcb4f9e5170 .part v0x5dcb4f96e340_0, 7, 1;
L_0x5dcb4f9e5260 .part v0x5dcb4f96e470_0, 7, 1;
L_0x5dcb4f9e5570 .part v0x5dcb4f96e340_0, 8, 1;
L_0x5dcb4f9e5660 .part v0x5dcb4f96e470_0, 8, 1;
L_0x5dcb4f9e5980 .part v0x5dcb4f96e340_0, 8, 1;
L_0x5dcb4f9e5a70 .part v0x5dcb4f96e470_0, 8, 1;
L_0x5dcb4f9e5c90 .part v0x5dcb4f96e340_0, 9, 1;
L_0x5dcb4f9e5d80 .part v0x5dcb4f96e470_0, 9, 1;
L_0x5dcb4f9e60c0 .part v0x5dcb4f96e340_0, 9, 1;
L_0x5dcb4f9e61b0 .part v0x5dcb4f96e470_0, 9, 1;
L_0x5dcb4f9e6500 .part v0x5dcb4f96e340_0, 10, 1;
L_0x5dcb4f9e65f0 .part v0x5dcb4f96e470_0, 10, 1;
L_0x5dcb4f9e6950 .part v0x5dcb4f96e340_0, 10, 1;
L_0x5dcb4f9e6a40 .part v0x5dcb4f96e470_0, 10, 1;
L_0x5dcb4f9e6db0 .part v0x5dcb4f96e340_0, 11, 1;
L_0x5dcb4f9e6ea0 .part v0x5dcb4f96e470_0, 11, 1;
L_0x5dcb4f9e7220 .part v0x5dcb4f96e340_0, 11, 1;
L_0x5dcb4f9e7310 .part v0x5dcb4f96e470_0, 11, 1;
L_0x5dcb4f9e76a0 .part v0x5dcb4f96e340_0, 12, 1;
L_0x5dcb4f9e7790 .part v0x5dcb4f96e470_0, 12, 1;
L_0x5dcb4f9e7b30 .part v0x5dcb4f96e340_0, 12, 1;
L_0x5dcb4f9e7c20 .part v0x5dcb4f96e470_0, 12, 1;
L_0x5dcb4f9e7fd0 .part v0x5dcb4f96e340_0, 13, 1;
L_0x5dcb4f9e80c0 .part v0x5dcb4f96e470_0, 13, 1;
L_0x5dcb4f9e8480 .part v0x5dcb4f96e340_0, 13, 1;
L_0x5dcb4f9e8570 .part v0x5dcb4f96e470_0, 13, 1;
L_0x5dcb4f9e8940 .part v0x5dcb4f96e340_0, 14, 1;
L_0x5dcb4f9e8a30 .part v0x5dcb4f96e470_0, 14, 1;
L_0x5dcb4f9e8e10 .part v0x5dcb4f96e340_0, 14, 1;
L_0x5dcb4f9e8f00 .part v0x5dcb4f96e470_0, 14, 1;
L_0x5dcb4f9e92f0 .part v0x5dcb4f96e340_0, 15, 1;
L_0x5dcb4f9e93e0 .part v0x5dcb4f96e470_0, 15, 1;
L_0x5dcb4f9e97e0 .part v0x5dcb4f96e340_0, 15, 1;
L_0x5dcb4f9e98d0 .part v0x5dcb4f96e470_0, 15, 1;
L_0x5dcb4f9e9ce0 .part v0x5dcb4f96e340_0, 16, 1;
L_0x5dcb4f9e9dd0 .part v0x5dcb4f96e470_0, 16, 1;
L_0x5dcb4f9ea1f0 .part v0x5dcb4f96e340_0, 16, 1;
L_0x5dcb4f9ea2e0 .part v0x5dcb4f96e470_0, 16, 1;
L_0x5dcb4f9ea770 .part v0x5dcb4f96e340_0, 17, 1;
L_0x5dcb4f9ea860 .part v0x5dcb4f96e470_0, 17, 1;
L_0x5dcb4f9eacd0 .part v0x5dcb4f96e340_0, 17, 1;
L_0x5dcb4f9eadc0 .part v0x5dcb4f96e470_0, 17, 1;
L_0x5dcb4f9eb240 .part v0x5dcb4f96e340_0, 18, 1;
L_0x5dcb4f9eb330 .part v0x5dcb4f96e470_0, 18, 1;
L_0x5dcb4f9eb7c0 .part v0x5dcb4f96e340_0, 18, 1;
L_0x5dcb4f9eb8b0 .part v0x5dcb4f96e470_0, 18, 1;
L_0x5dcb4f9ebd50 .part v0x5dcb4f96e340_0, 19, 1;
L_0x5dcb4f9ebe40 .part v0x5dcb4f96e470_0, 19, 1;
L_0x5dcb4f9ec2f0 .part v0x5dcb4f96e340_0, 19, 1;
L_0x5dcb4f9ec3e0 .part v0x5dcb4f96e470_0, 19, 1;
L_0x5dcb4f9ec8a0 .part v0x5dcb4f96e340_0, 20, 1;
L_0x5dcb4f9ec990 .part v0x5dcb4f96e470_0, 20, 1;
L_0x5dcb4f9ece60 .part v0x5dcb4f96e340_0, 20, 1;
L_0x5dcb4f9ecf50 .part v0x5dcb4f96e470_0, 20, 1;
L_0x5dcb4f9ed430 .part v0x5dcb4f96e340_0, 21, 1;
L_0x5dcb4f9ed520 .part v0x5dcb4f96e470_0, 21, 1;
L_0x5dcb4f9eda10 .part v0x5dcb4f96e340_0, 21, 1;
L_0x5dcb4f9edb00 .part v0x5dcb4f96e470_0, 21, 1;
L_0x5dcb4f9ee000 .part v0x5dcb4f96e340_0, 22, 1;
L_0x5dcb4f9ee0f0 .part v0x5dcb4f96e470_0, 22, 1;
L_0x5dcb4f9ee600 .part v0x5dcb4f96e340_0, 22, 1;
L_0x5dcb4f9ee6f0 .part v0x5dcb4f96e470_0, 22, 1;
L_0x5dcb4f9eec10 .part v0x5dcb4f96e340_0, 23, 1;
L_0x5dcb4f9eed00 .part v0x5dcb4f96e470_0, 23, 1;
L_0x5dcb4f9ef230 .part v0x5dcb4f96e340_0, 23, 1;
L_0x5dcb4f9ef320 .part v0x5dcb4f96e470_0, 23, 1;
L_0x5dcb4f9ef860 .part v0x5dcb4f96e340_0, 24, 1;
L_0x5dcb4f9ef950 .part v0x5dcb4f96e470_0, 24, 1;
L_0x5dcb4f9efea0 .part v0x5dcb4f96e340_0, 24, 1;
L_0x5dcb4f9eff90 .part v0x5dcb4f96e470_0, 24, 1;
L_0x5dcb4f9f04f0 .part v0x5dcb4f96e340_0, 25, 1;
L_0x5dcb4f9f05e0 .part v0x5dcb4f96e470_0, 25, 1;
L_0x5dcb4f9f0b50 .part v0x5dcb4f96e340_0, 25, 1;
L_0x5dcb4f9f0c40 .part v0x5dcb4f96e470_0, 25, 1;
L_0x5dcb4f9f11c0 .part v0x5dcb4f96e340_0, 26, 1;
L_0x5dcb4f9f12b0 .part v0x5dcb4f96e470_0, 26, 1;
L_0x5dcb4f9f1840 .part v0x5dcb4f96e340_0, 26, 1;
L_0x5dcb4f9f1930 .part v0x5dcb4f96e470_0, 26, 1;
L_0x5dcb4f9f1ed0 .part v0x5dcb4f96e340_0, 27, 1;
L_0x5dcb4f9f1fc0 .part v0x5dcb4f96e470_0, 27, 1;
L_0x5dcb4f9f2570 .part v0x5dcb4f96e340_0, 27, 1;
L_0x5dcb4f9f2660 .part v0x5dcb4f96e470_0, 27, 1;
L_0x5dcb4f9f2c20 .part v0x5dcb4f96e340_0, 28, 1;
L_0x5dcb4f9f2d10 .part v0x5dcb4f96e470_0, 28, 1;
L_0x5dcb4f9f32e0 .part v0x5dcb4f96e340_0, 28, 1;
L_0x5dcb4f9f33d0 .part v0x5dcb4f96e470_0, 28, 1;
L_0x5dcb4f9f39b0 .part v0x5dcb4f96e340_0, 29, 1;
L_0x5dcb4f9f3aa0 .part v0x5dcb4f96e470_0, 29, 1;
L_0x5dcb4f9f4090 .part v0x5dcb4f96e340_0, 29, 1;
L_0x5dcb4f9f4180 .part v0x5dcb4f96e470_0, 29, 1;
L_0x5dcb4f9f4780 .part v0x5dcb4f96e340_0, 30, 1;
L_0x5dcb4f9f4870 .part v0x5dcb4f96e470_0, 30, 1;
L_0x5dcb4f9f4e80 .part v0x5dcb4f96e340_0, 30, 1;
L_0x5dcb4f9f5780 .part v0x5dcb4f96e470_0, 30, 1;
L_0x5dcb4f9f64c0 .part v0x5dcb4f96e340_0, 31, 1;
L_0x5dcb4f9f65b0 .part v0x5dcb4f96e470_0, 31, 1;
L_0x5dcb4f9f6be0 .part v0x5dcb4f96e340_0, 31, 1;
L_0x5dcb4f9f6cd0 .part v0x5dcb4f96e470_0, 31, 1;
L_0x5dcb4f9f7310 .part v0x5dcb4f96e340_0, 32, 1;
L_0x5dcb4f9f7400 .part v0x5dcb4f96e470_0, 32, 1;
L_0x5dcb4f9f7a50 .part v0x5dcb4f96e340_0, 32, 1;
L_0x5dcb4f9f7b40 .part v0x5dcb4f96e470_0, 32, 1;
L_0x5dcb4f9f7660 .part v0x5dcb4f96e340_0, 33, 1;
L_0x5dcb4f9f7750 .part v0x5dcb4f96e470_0, 33, 1;
L_0x5dcb4f9f8110 .part v0x5dcb4f96e340_0, 33, 1;
L_0x5dcb4f9f8200 .part v0x5dcb4f96e470_0, 33, 1;
L_0x5dcb4f9f7d40 .part v0x5dcb4f96e340_0, 34, 1;
L_0x5dcb4f9f7e30 .part v0x5dcb4f96e470_0, 34, 1;
L_0x5dcb4f9f8750 .part v0x5dcb4f96e340_0, 34, 1;
L_0x5dcb4f9f8840 .part v0x5dcb4f96e470_0, 34, 1;
L_0x5dcb4f9f8430 .part v0x5dcb4f96e340_0, 35, 1;
L_0x5dcb4f9f8520 .part v0x5dcb4f96e470_0, 35, 1;
L_0x5dcb4f9f8db0 .part v0x5dcb4f96e340_0, 35, 1;
L_0x5dcb4f9f8ea0 .part v0x5dcb4f96e470_0, 35, 1;
L_0x5dcb4f9f8a70 .part v0x5dcb4f96e340_0, 36, 1;
L_0x5dcb4f9f8b60 .part v0x5dcb4f96e470_0, 36, 1;
L_0x5dcb4f9f9430 .part v0x5dcb4f96e340_0, 36, 1;
L_0x5dcb4f9f9520 .part v0x5dcb4f96e470_0, 36, 1;
L_0x5dcb4f9f90d0 .part v0x5dcb4f96e340_0, 37, 1;
L_0x5dcb4f9f91c0 .part v0x5dcb4f96e470_0, 37, 1;
L_0x5dcb4f9f9ad0 .part v0x5dcb4f96e340_0, 37, 1;
L_0x5dcb4f9f9bc0 .part v0x5dcb4f96e470_0, 37, 1;
L_0x5dcb4f9f9750 .part v0x5dcb4f96e340_0, 38, 1;
L_0x5dcb4f9f9840 .part v0x5dcb4f96e470_0, 38, 1;
L_0x5dcb4f9fa190 .part v0x5dcb4f96e340_0, 38, 1;
L_0x5dcb4f9fa230 .part v0x5dcb4f96e470_0, 38, 1;
L_0x5dcb4f9f9df0 .part v0x5dcb4f96e340_0, 39, 1;
L_0x5dcb4f9f9ee0 .part v0x5dcb4f96e470_0, 39, 1;
L_0x5dcb4f9fa820 .part v0x5dcb4f96e340_0, 39, 1;
L_0x5dcb4f9fa8c0 .part v0x5dcb4f96e470_0, 39, 1;
L_0x5dcb4f9fa430 .part v0x5dcb4f96e340_0, 40, 1;
L_0x5dcb4f9fa520 .part v0x5dcb4f96e470_0, 40, 1;
L_0x5dcb4f9fa750 .part v0x5dcb4f96e340_0, 40, 1;
L_0x5dcb4f9faf20 .part v0x5dcb4f96e470_0, 40, 1;
L_0x5dcb4f9faac0 .part v0x5dcb4f96e340_0, 41, 1;
L_0x5dcb4f9fabb0 .part v0x5dcb4f96e470_0, 41, 1;
L_0x5dcb4f9fade0 .part v0x5dcb4f96e340_0, 41, 1;
L_0x5dcb4f9fb550 .part v0x5dcb4f96e470_0, 41, 1;
L_0x5dcb4f9fb150 .part v0x5dcb4f96e340_0, 42, 1;
L_0x5dcb4f9fb240 .part v0x5dcb4f96e470_0, 42, 1;
L_0x5dcb4f9fb470 .part v0x5dcb4f96e340_0, 42, 1;
L_0x5dcb4f9fbbf0 .part v0x5dcb4f96e470_0, 42, 1;
L_0x5dcb4f9fb780 .part v0x5dcb4f96e340_0, 43, 1;
L_0x5dcb4f9fb870 .part v0x5dcb4f96e470_0, 43, 1;
L_0x5dcb4f9fbaa0 .part v0x5dcb4f96e340_0, 43, 1;
L_0x5dcb4f9fc260 .part v0x5dcb4f96e470_0, 43, 1;
L_0x5dcb4f9fbe20 .part v0x5dcb4f96e340_0, 44, 1;
L_0x5dcb4f9fbf10 .part v0x5dcb4f96e470_0, 44, 1;
L_0x5dcb4f9fc140 .part v0x5dcb4f96e340_0, 44, 1;
L_0x5dcb4f9fc8f0 .part v0x5dcb4f96e470_0, 44, 1;
L_0x5dcb4f9fc460 .part v0x5dcb4f96e340_0, 45, 1;
L_0x5dcb4f9fc550 .part v0x5dcb4f96e470_0, 45, 1;
L_0x5dcb4f9fc780 .part v0x5dcb4f96e340_0, 45, 1;
L_0x5dcb4f9fcfa0 .part v0x5dcb4f96e470_0, 45, 1;
L_0x5dcb4f9fcaf0 .part v0x5dcb4f96e340_0, 46, 1;
L_0x5dcb4f9fcbe0 .part v0x5dcb4f96e470_0, 46, 1;
L_0x5dcb4f9fce10 .part v0x5dcb4f96e340_0, 46, 1;
L_0x5dcb4f9fcf00 .part v0x5dcb4f96e470_0, 46, 1;
L_0x5dcb4f9fd180 .part v0x5dcb4f96e340_0, 47, 1;
L_0x5dcb4f9fd270 .part v0x5dcb4f96e470_0, 47, 1;
L_0x5dcb4f9fd4a0 .part v0x5dcb4f96e340_0, 47, 1;
L_0x5dcb4f9fdc70 .part v0x5dcb4f96e470_0, 47, 1;
L_0x5dcb4f9fd7b0 .part v0x5dcb4f96e340_0, 48, 1;
L_0x5dcb4f9fd8a0 .part v0x5dcb4f96e470_0, 48, 1;
L_0x5dcb4f9fdad0 .part v0x5dcb4f96e340_0, 48, 1;
L_0x5dcb4f9fdbc0 .part v0x5dcb4f96e470_0, 48, 1;
L_0x5dcb4f9fde50 .part v0x5dcb4f96e340_0, 49, 1;
L_0x5dcb4f9fdf40 .part v0x5dcb4f96e470_0, 49, 1;
L_0x5dcb4f9fe170 .part v0x5dcb4f96e340_0, 49, 1;
L_0x5dcb4f9fe260 .part v0x5dcb4f96e470_0, 49, 1;
L_0x5dcb4f9fe490 .part v0x5dcb4f96e340_0, 50, 1;
L_0x5dcb4f9fe580 .part v0x5dcb4f96e470_0, 50, 1;
L_0x5dcb4f9fe7b0 .part v0x5dcb4f96e340_0, 50, 1;
L_0x5dcb4f9fe8a0 .part v0x5dcb4f96e470_0, 50, 1;
L_0x5dcb4f9ff190 .part v0x5dcb4f96e340_0, 51, 1;
L_0x5dcb4f9ff280 .part v0x5dcb4f96e470_0, 51, 1;
L_0x5dcb4f9feb50 .part v0x5dcb4f96e340_0, 51, 1;
L_0x5dcb4f9fec40 .part v0x5dcb4f96e470_0, 51, 1;
L_0x5dcb4f9fee70 .part v0x5dcb4f96e340_0, 52, 1;
L_0x5dcb4f9fef60 .part v0x5dcb4f96e470_0, 52, 1;
L_0x5dcb4f9ffb20 .part v0x5dcb4f96e340_0, 52, 1;
L_0x5dcb4f9ffc10 .part v0x5dcb4f96e470_0, 52, 1;
L_0x5dcb4f9ff4b0 .part v0x5dcb4f96e340_0, 53, 1;
L_0x5dcb4f9ff5a0 .part v0x5dcb4f96e470_0, 53, 1;
L_0x5dcb4f9ff7d0 .part v0x5dcb4f96e340_0, 53, 1;
L_0x5dcb4f9ff8c0 .part v0x5dcb4f96e470_0, 53, 1;
L_0x5dcb4fa00490 .part v0x5dcb4f96e340_0, 54, 1;
L_0x5dcb4fa00580 .part v0x5dcb4f96e470_0, 54, 1;
L_0x5dcb4f9ffe70 .part v0x5dcb4f96e340_0, 54, 1;
L_0x5dcb4f9fff60 .part v0x5dcb4f96e470_0, 54, 1;
L_0x5dcb4fa00190 .part v0x5dcb4f96e340_0, 55, 1;
L_0x5dcb4fa00280 .part v0x5dcb4f96e470_0, 55, 1;
L_0x5dcb4fa00e30 .part v0x5dcb4f96e340_0, 55, 1;
L_0x5dcb4fa00f20 .part v0x5dcb4f96e470_0, 55, 1;
L_0x5dcb4fa007e0 .part v0x5dcb4f96e340_0, 56, 1;
L_0x5dcb4fa008d0 .part v0x5dcb4f96e470_0, 56, 1;
L_0x5dcb4fa00b00 .part v0x5dcb4f96e340_0, 56, 1;
L_0x5dcb4fa00bf0 .part v0x5dcb4f96e470_0, 56, 1;
L_0x5dcb4fa017e0 .part v0x5dcb4f96e340_0, 57, 1;
L_0x5dcb4fa018d0 .part v0x5dcb4f96e470_0, 57, 1;
L_0x5dcb4fa01180 .part v0x5dcb4f96e340_0, 57, 1;
L_0x5dcb4fa01270 .part v0x5dcb4f96e470_0, 57, 1;
L_0x5dcb4fa014a0 .part v0x5dcb4f96e340_0, 58, 1;
L_0x5dcb4fa01590 .part v0x5dcb4f96e470_0, 58, 1;
L_0x5dcb4fa02170 .part v0x5dcb4f96e340_0, 58, 1;
L_0x5dcb4fa02260 .part v0x5dcb4f96e470_0, 58, 1;
L_0x5dcb4fa01b30 .part v0x5dcb4f96e340_0, 59, 1;
L_0x5dcb4fa01c20 .part v0x5dcb4f96e470_0, 59, 1;
L_0x5dcb4fa01e50 .part v0x5dcb4f96e340_0, 59, 1;
L_0x5dcb4fa01f40 .part v0x5dcb4f96e470_0, 59, 1;
L_0x5dcb4fa02b30 .part v0x5dcb4f96e340_0, 60, 1;
L_0x5dcb4fa02c20 .part v0x5dcb4f96e470_0, 60, 1;
L_0x5dcb4fa02490 .part v0x5dcb4f96e340_0, 60, 1;
L_0x5dcb4fa02580 .part v0x5dcb4f96e470_0, 60, 1;
L_0x5dcb4fa027b0 .part v0x5dcb4f96e340_0, 61, 1;
L_0x5dcb4fa028a0 .part v0x5dcb4f96e470_0, 61, 1;
L_0x5dcb4fa034d0 .part v0x5dcb4f96e340_0, 61, 1;
L_0x5dcb4fa035c0 .part v0x5dcb4f96e470_0, 61, 1;
L_0x5dcb4fa02e50 .part v0x5dcb4f96e340_0, 62, 1;
L_0x5dcb4fa02f40 .part v0x5dcb4f96e470_0, 62, 1;
L_0x5dcb4fa03170 .part v0x5dcb4f96e340_0, 62, 1;
L_0x5dcb4fa03260 .part v0x5dcb4f96e470_0, 62, 1;
LS_0x5dcb4fa03350_0_0 .concat8 [ 1 1 1 1], L_0x5dcb4f9e0980, L_0x5dcb4f9e0e70, L_0x5dcb4f9e36d0, L_0x5dcb4f9e3aa0;
LS_0x5dcb4fa03350_0_4 .concat8 [ 1 1 1 1], L_0x5dcb4f9e3ea0, L_0x5dcb4f9e4350, L_0x5dcb4f9e4460, L_0x5dcb4f9e4c70;
LS_0x5dcb4fa03350_0_8 .concat8 [ 1 1 1 1], L_0x5dcb4f9e5460, L_0x5dcb4f9e5750, L_0x5dcb4f9e63f0, L_0x5dcb4f9e6ca0;
LS_0x5dcb4fa03350_0_12 .concat8 [ 1 1 1 1], L_0x5dcb4f9e7590, L_0x5dcb4f9e7ec0, L_0x5dcb4f9e8830, L_0x5dcb4f9e91e0;
LS_0x5dcb4fa03350_0_16 .concat8 [ 1 1 1 1], L_0x5dcb4f9e9bd0, L_0x5dcb4f9ea600, L_0x5dcb4f9eb100, L_0x5dcb4f9ebc10;
LS_0x5dcb4fa03350_0_20 .concat8 [ 1 1 1 1], L_0x5dcb4f9ec760, L_0x5dcb4f9ed2f0, L_0x5dcb4f9edec0, L_0x5dcb4f9eead0;
LS_0x5dcb4fa03350_0_24 .concat8 [ 1 1 1 1], L_0x5dcb4f9ef720, L_0x5dcb4f9f03b0, L_0x5dcb4f9f1080, L_0x5dcb4f9f1d90;
LS_0x5dcb4fa03350_0_28 .concat8 [ 1 1 1 1], L_0x5dcb4f9f2ae0, L_0x5dcb4f9f3870, L_0x5dcb4f9f4640, L_0x5dcb4f9e3c50;
LS_0x5dcb4fa03350_0_32 .concat8 [ 1 1 1 1], L_0x5dcb4f9f71d0, L_0x5dcb4f9f74f0, L_0x5dcb4f9f7c30, L_0x5dcb4f9f82f0;
LS_0x5dcb4fa03350_0_36 .concat8 [ 1 1 1 1], L_0x5dcb4f9f8930, L_0x5dcb4f9f8f90, L_0x5dcb4f9f9610, L_0x5dcb4f9f9cb0;
LS_0x5dcb4fa03350_0_40 .concat8 [ 1 1 1 1], L_0x5dcb4f9fa320, L_0x5dcb4f9fa9b0, L_0x5dcb4f9fb010, L_0x5dcb4f9fb640;
LS_0x5dcb4fa03350_0_44 .concat8 [ 1 1 1 1], L_0x5dcb4f9fbce0, L_0x5dcb4f9fc350, L_0x5dcb4f9fc9e0, L_0x5dcb4f9fd040;
LS_0x5dcb4fa03350_0_48 .concat8 [ 1 1 1 1], L_0x5dcb4f9fd670, L_0x5dcb4f9fdd10, L_0x5dcb4f9fe380, L_0x5dcb4f9ff080;
LS_0x5dcb4fa03350_0_52 .concat8 [ 1 1 1 1], L_0x5dcb4f9fed30, L_0x5dcb4f9ff370, L_0x5dcb4fa003d0, L_0x5dcb4fa00050;
LS_0x5dcb4fa03350_0_56 .concat8 [ 1 1 1 1], L_0x5dcb4fa00670, L_0x5dcb4fa00ce0, L_0x5dcb4fa01360, L_0x5dcb4fa019c0;
LS_0x5dcb4fa03350_0_60 .concat8 [ 1 1 1 1], L_0x5dcb4fa02030, L_0x5dcb4fa02670, L_0x5dcb4fa02d10, L_0x5dcb4fa06220;
LS_0x5dcb4fa03350_1_0 .concat8 [ 4 4 4 4], LS_0x5dcb4fa03350_0_0, LS_0x5dcb4fa03350_0_4, LS_0x5dcb4fa03350_0_8, LS_0x5dcb4fa03350_0_12;
LS_0x5dcb4fa03350_1_4 .concat8 [ 4 4 4 4], LS_0x5dcb4fa03350_0_16, LS_0x5dcb4fa03350_0_20, LS_0x5dcb4fa03350_0_24, LS_0x5dcb4fa03350_0_28;
LS_0x5dcb4fa03350_1_8 .concat8 [ 4 4 4 4], LS_0x5dcb4fa03350_0_32, LS_0x5dcb4fa03350_0_36, LS_0x5dcb4fa03350_0_40, LS_0x5dcb4fa03350_0_44;
LS_0x5dcb4fa03350_1_12 .concat8 [ 4 4 4 4], LS_0x5dcb4fa03350_0_48, LS_0x5dcb4fa03350_0_52, LS_0x5dcb4fa03350_0_56, LS_0x5dcb4fa03350_0_60;
L_0x5dcb4fa03350 .concat8 [ 16 16 16 16], LS_0x5dcb4fa03350_1_0, LS_0x5dcb4fa03350_1_4, LS_0x5dcb4fa03350_1_8, LS_0x5dcb4fa03350_1_12;
L_0x5dcb4fa06380 .part v0x5dcb4f96e340_0, 63, 1;
L_0x5dcb4fa06470 .part v0x5dcb4f96e470_0, 63, 1;
LS_0x5dcb4fa06560_0_0 .concat8 [ 1 1 1 1], L_0x5dcb4f9e0c70, L_0x5dcb4f9bea50, L_0x5dcb4f9e3880, L_0x5dcb4f9e3a30;
LS_0x5dcb4fa06560_0_4 .concat8 [ 1 1 1 1], L_0x5dcb4f9e40f0, L_0x5dcb4f9e42a0, L_0x5dcb4f9e4660, L_0x5dcb4f9e5060;
LS_0x5dcb4fa06560_0_8 .concat8 [ 1 1 1 1], L_0x5dcb4f9e5870, L_0x5dcb4f9e5fb0, L_0x5dcb4f9e6840, L_0x5dcb4f9e7110;
LS_0x5dcb4fa06560_0_12 .concat8 [ 1 1 1 1], L_0x5dcb4f9e7a20, L_0x5dcb4f9e8370, L_0x5dcb4f9e8d00, L_0x5dcb4f9e96d0;
LS_0x5dcb4fa06560_0_16 .concat8 [ 1 1 1 1], L_0x5dcb4f9ea0e0, L_0x5dcb4f9eab90, L_0x5dcb4f9eb680, L_0x5dcb4f9ec1b0;
LS_0x5dcb4fa06560_0_20 .concat8 [ 1 1 1 1], L_0x5dcb4f9ecd20, L_0x5dcb4f9ed8d0, L_0x5dcb4f9ee4c0, L_0x5dcb4f9ef0f0;
LS_0x5dcb4fa06560_0_24 .concat8 [ 1 1 1 1], L_0x5dcb4f9efd60, L_0x5dcb4f9f0a10, L_0x5dcb4f9f1700, L_0x5dcb4f9f2430;
LS_0x5dcb4fa06560_0_28 .concat8 [ 1 1 1 1], L_0x5dcb4f9f31a0, L_0x5dcb4f9f3f50, L_0x5dcb4f9f4d40, L_0x5dcb4f9f6aa0;
LS_0x5dcb4fa06560_0_32 .concat8 [ 1 1 1 1], L_0x5dcb4f9f7910, L_0x5dcb4f9f7840, L_0x5dcb4f9f7f20, L_0x5dcb4f9f8610;
LS_0x5dcb4fa06560_0_36 .concat8 [ 1 1 1 1], L_0x5dcb4f9f8c50, L_0x5dcb4f9f92b0, L_0x5dcb4f9f9930, L_0x5dcb4f9f9fd0;
LS_0x5dcb4fa06560_0_40 .concat8 [ 1 1 1 1], L_0x5dcb4f9fa610, L_0x5dcb4f9faca0, L_0x5dcb4f9fb330, L_0x5dcb4f9fb960;
LS_0x5dcb4fa06560_0_44 .concat8 [ 1 1 1 1], L_0x5dcb4f9fc000, L_0x5dcb4f9fc640, L_0x5dcb4f9fccd0, L_0x5dcb4f9fd360;
LS_0x5dcb4fa06560_0_48 .concat8 [ 1 1 1 1], L_0x5dcb4f9fd990, L_0x5dcb4f9fe030, L_0x5dcb4f9fe670, L_0x5dcb4f9fea10;
LS_0x5dcb4fa06560_0_52 .concat8 [ 1 1 1 1], L_0x5dcb4f9ffa10, L_0x5dcb4f9ff690, L_0x5dcb4f9ffd00, L_0x5dcb4fa00d70;
LS_0x5dcb4fa06560_0_56 .concat8 [ 1 1 1 1], L_0x5dcb4fa009c0, L_0x5dcb4fa01010, L_0x5dcb4fa01680, L_0x5dcb4fa01d10;
LS_0x5dcb4fa06560_0_60 .concat8 [ 1 1 1 1], L_0x5dcb4fa02350, L_0x5dcb4fa02990, L_0x5dcb4fa03030, L_0x5dcb4fa079b0;
LS_0x5dcb4fa06560_1_0 .concat8 [ 4 4 4 4], LS_0x5dcb4fa06560_0_0, LS_0x5dcb4fa06560_0_4, LS_0x5dcb4fa06560_0_8, LS_0x5dcb4fa06560_0_12;
LS_0x5dcb4fa06560_1_4 .concat8 [ 4 4 4 4], LS_0x5dcb4fa06560_0_16, LS_0x5dcb4fa06560_0_20, LS_0x5dcb4fa06560_0_24, LS_0x5dcb4fa06560_0_28;
LS_0x5dcb4fa06560_1_8 .concat8 [ 4 4 4 4], LS_0x5dcb4fa06560_0_32, LS_0x5dcb4fa06560_0_36, LS_0x5dcb4fa06560_0_40, LS_0x5dcb4fa06560_0_44;
LS_0x5dcb4fa06560_1_12 .concat8 [ 4 4 4 4], LS_0x5dcb4fa06560_0_48, LS_0x5dcb4fa06560_0_52, LS_0x5dcb4fa06560_0_56, LS_0x5dcb4fa06560_0_60;
L_0x5dcb4fa06560 .concat8 [ 16 16 16 16], LS_0x5dcb4fa06560_1_0, LS_0x5dcb4fa06560_1_4, LS_0x5dcb4fa06560_1_8, LS_0x5dcb4fa06560_1_12;
L_0x5dcb4fa07b10 .part v0x5dcb4f96e340_0, 63, 1;
L_0x5dcb4fa07c00 .part v0x5dcb4f96e470_0, 63, 1;
LS_0x5dcb4fa1f8c0_0_0 .concat8 [ 1 1 1 1], L_0x5dcb4f9f5820, L_0x5dcb4f9f5a50, L_0x5dcb4f9f5b90, L_0x5dcb4f9f5cd0;
LS_0x5dcb4fa1f8c0_0_4 .concat8 [ 1 1 1 1], L_0x5dcb4f9f5e60, L_0x5dcb4fa18520, L_0x5dcb4fa185c0, L_0x5dcb4fa18660;
LS_0x5dcb4fa1f8c0_0_8 .concat8 [ 1 1 1 1], L_0x5dcb4fa187f0, L_0x5dcb4fa18930, L_0x5dcb4fa18ac0, L_0x5dcb4fa18c50;
LS_0x5dcb4fa1f8c0_0_12 .concat8 [ 1 1 1 1], L_0x5dcb4fa18de0, L_0x5dcb4fa18f70, L_0x5dcb4fa19100, L_0x5dcb4fa194a0;
LS_0x5dcb4fa1f8c0_0_16 .concat8 [ 1 1 1 1], L_0x5dcb4fa19630, L_0x5dcb4fa197c0, L_0x5dcb4fa19950, L_0x5dcb4fa19ae0;
LS_0x5dcb4fa1f8c0_0_20 .concat8 [ 1 1 1 1], L_0x5dcb4fa19c70, L_0x5dcb4fa19e00, L_0x5dcb4fa19f90, L_0x5dcb4fa1a120;
LS_0x5dcb4fa1f8c0_0_24 .concat8 [ 1 1 1 1], L_0x5dcb4fa1a2b0, L_0x5dcb4fa1a440, L_0x5dcb4fa1a5d0, L_0x5dcb4fa1a760;
LS_0x5dcb4fa1f8c0_0_28 .concat8 [ 1 1 1 1], L_0x5dcb4fa1a8f0, L_0x5dcb4fa1aa80, L_0x5dcb4fa1ac10, L_0x5dcb4fa1ada0;
LS_0x5dcb4fa1f8c0_0_32 .concat8 [ 1 1 1 1], L_0x5dcb4fa1af30, L_0x5dcb4fa1b0c0, L_0x5dcb4fa1b250, L_0x5dcb4fa1b3e0;
LS_0x5dcb4fa1f8c0_0_36 .concat8 [ 1 1 1 1], L_0x5dcb4fa1b570, L_0x5dcb4fa1b700, L_0x5dcb4fa1b890, L_0x5dcb4fa1ba20;
LS_0x5dcb4fa1f8c0_0_40 .concat8 [ 1 1 1 1], L_0x5dcb4fa1bbb0, L_0x5dcb4fa1bd40, L_0x5dcb4fa1bed0, L_0x5dcb4fa1c060;
LS_0x5dcb4fa1f8c0_0_44 .concat8 [ 1 1 1 1], L_0x5dcb4fa1c1f0, L_0x5dcb4fa1c380, L_0x5dcb4fa1c510, L_0x5dcb4fa1c6a0;
LS_0x5dcb4fa1f8c0_0_48 .concat8 [ 1 1 1 1], L_0x5dcb4fa1c830, L_0x5dcb4fa1c9c0, L_0x5dcb4fa1cb50, L_0x5dcb4fa1cce0;
LS_0x5dcb4fa1f8c0_0_52 .concat8 [ 1 1 1 1], L_0x5dcb4fa1ce70, L_0x5dcb4fa1d000, L_0x5dcb4fa1d190, L_0x5dcb4fa1d320;
LS_0x5dcb4fa1f8c0_0_56 .concat8 [ 1 1 1 1], L_0x5dcb4fa1d4b0, L_0x5dcb4fa1d640, L_0x5dcb4fa1d7d0, L_0x5dcb4fa1d960;
LS_0x5dcb4fa1f8c0_0_60 .concat8 [ 1 1 1 1], L_0x5dcb4fa1daf0, L_0x5dcb4fa1dcb0, L_0x5dcb4fa1e6b0, L_0x5dcb4fa20d10;
LS_0x5dcb4fa1f8c0_1_0 .concat8 [ 4 4 4 4], LS_0x5dcb4fa1f8c0_0_0, LS_0x5dcb4fa1f8c0_0_4, LS_0x5dcb4fa1f8c0_0_8, LS_0x5dcb4fa1f8c0_0_12;
LS_0x5dcb4fa1f8c0_1_4 .concat8 [ 4 4 4 4], LS_0x5dcb4fa1f8c0_0_16, LS_0x5dcb4fa1f8c0_0_20, LS_0x5dcb4fa1f8c0_0_24, LS_0x5dcb4fa1f8c0_0_28;
LS_0x5dcb4fa1f8c0_1_8 .concat8 [ 4 4 4 4], LS_0x5dcb4fa1f8c0_0_32, LS_0x5dcb4fa1f8c0_0_36, LS_0x5dcb4fa1f8c0_0_40, LS_0x5dcb4fa1f8c0_0_44;
LS_0x5dcb4fa1f8c0_1_12 .concat8 [ 4 4 4 4], LS_0x5dcb4fa1f8c0_0_48, LS_0x5dcb4fa1f8c0_0_52, LS_0x5dcb4fa1f8c0_0_56, LS_0x5dcb4fa1f8c0_0_60;
L_0x5dcb4fa1f8c0 .concat8 [ 16 16 16 16], LS_0x5dcb4fa1f8c0_1_0, LS_0x5dcb4fa1f8c0_1_4, LS_0x5dcb4fa1f8c0_1_8, LS_0x5dcb4fa1f8c0_1_12;
L_0x5dcb4fa20ef0 .part L_0x5dcb4fa1f8c0, 63, 1;
L_0x5dcb4fa07cf0 .part L_0x5dcb4fa1f8c0, 0, 63;
L_0x5dcb4fa07d90 .concat [ 1 63 0 0], v0x5dcb4f96e580_0, L_0x5dcb4fa07cf0;
S_0x5dcb4f938120 .scope function.vec4.s1, "calc_carry" "calc_carry" 9 63, 9 63 0, S_0x5dcb4f937e70;
 .timescale 0 0;
; Variable calc_carry is vec4 return value of scope S_0x5dcb4f938120
v0x5dcb4f938400_0 .var "cin_in", 0 0;
v0x5dcb4f9384c0_0 .var "g_in", 63 0;
v0x5dcb4f9385b0_0 .var/i "k", 31 0;
v0x5dcb4f938690_0 .var/i "l", 31 0;
v0x5dcb4f9387c0_0 .var/i "m", 31 0;
v0x5dcb4f9388a0_0 .var "p_in", 63 0;
v0x5dcb4f938980_0 .var "term_and", 0 0;
v0x5dcb4f938a40_0 .var "term_or", 0 0;
TD_tb.DUT.U_IMPL.calc_carry ;
    %pushi/vec4 0, 0, 1;
    %store/vec4 v0x5dcb4f938a40_0, 0, 1;
    %pushi/vec4 0, 0, 32;
    %store/vec4 v0x5dcb4f9387c0_0, 0, 32;
T_0.0 ;
    %load/vec4 v0x5dcb4f9387c0_0;
    %load/vec4 v0x5dcb4f9385b0_0;
    %subi 2, 0, 32;
    %cmp/s;
    %flag_or 5, 4;
    %jmp/0xz T_0.1, 5;
    %load/vec4 v0x5dcb4f9384c0_0;
    %load/vec4 v0x5dcb4f9387c0_0;
    %part/s 1;
    %store/vec4 v0x5dcb4f938980_0, 0, 1;
    %load/vec4 v0x5dcb4f9387c0_0;
    %addi 1, 0, 32;
    %store/vec4 v0x5dcb4f938690_0, 0, 32;
T_0.2 ;
    %load/vec4 v0x5dcb4f938690_0;
    %load/vec4 v0x5dcb4f9385b0_0;
    %subi 1, 0, 32;
    %cmp/s;
    %flag_or 5, 4;
    %jmp/0xz T_0.3, 5;
    %load/vec4 v0x5dcb4f938980_0;
    %load/vec4 v0x5dcb4f9388a0_0;
    %load/vec4 v0x5dcb4f938690_0;
    %part/s 1;
    %and;
    %store/vec4 v0x5dcb4f938980_0, 0, 1;
    %load/vec4 v0x5dcb4f938690_0;
    %addi 1, 0, 32;
    %store/vec4 v0x5dcb4f938690_0, 0, 32;
    %jmp T_0.2;
T_0.3 ;
    %load/vec4 v0x5dcb4f938a40_0;
    %load/vec4 v0x5dcb4f938980_0;
    %or;
    %store/vec4 v0x5dcb4f938a40_0, 0, 1;
    %load/vec4 v0x5dcb4f9387c0_0;
    %addi 1, 0, 32;
    %store/vec4 v0x5dcb4f9387c0_0, 0, 32;
    %jmp T_0.0;
T_0.1 ;
    %load/vec4 v0x5dcb4f938400_0;
    %store/vec4 v0x5dcb4f938980_0, 0, 1;
    %pushi/vec4 0, 0, 32;
    %store/vec4 v0x5dcb4f938690_0, 0, 32;
T_0.4 ;
    %load/vec4 v0x5dcb4f938690_0;
    %load/vec4 v0x5dcb4f9385b0_0;
    %subi 1, 0, 32;
    %cmp/s;
    %flag_or 5, 4;
    %jmp/0xz T_0.5, 5;
    %load/vec4 v0x5dcb4f938980_0;
    %load/vec4 v0x5dcb4f9388a0_0;
    %load/vec4 v0x5dcb4f938690_0;
    %part/s 1;
    %and;
    %store/vec4 v0x5dcb4f938980_0, 0, 1;
    %load/vec4 v0x5dcb4f938690_0;
    %addi 1, 0, 32;
    %store/vec4 v0x5dcb4f938690_0, 0, 32;
    %jmp T_0.4;
T_0.5 ;
    %load/vec4 v0x5dcb4f9384c0_0;
    %load/vec4 v0x5dcb4f9385b0_0;
    %subi 1, 0, 32;
    %part/s 1;
    %load/vec4 v0x5dcb4f938a40_0;
    %or;
    %load/vec4 v0x5dcb4f938980_0;
    %or;
    %ret/vec4 0, 0, 1;  Assign to calc_carry (store_vec4_to_lval)
    %end;
S_0x5dcb4f938b00 .scope generate, "carry_gen[1]" "carry_gen[1]" 9 92, 9 92 0, S_0x5dcb4f937e70;
 .timescale 0 0;
P_0x5dcb4f938cd0 .param/l "k" 0 9 92, +C4<01>;
L_0x77e69c225018 .functor BUFT 1, C4<00000000000000000000000000000001>, C4<0>, C4<0>, C4<0>;
v0x5dcb4f938d90_0 .net/2s *"_ivl_0", 31 0, L_0x77e69c225018;  1 drivers
v0x5dcb4f938e70_0 .net *"_ivl_3", 0 0, L_0x5dcb4f9f5820;  1 drivers
L_0x5dcb4f9f5820 .delay 1 (2,2,2) L_0x5dcb4f9f5820/d;
L_0x5dcb4f9f5820/d .ufunc/vec4 TD_tb.DUT.U_IMPL.calc_carry, 1, L_0x77e69c225018, L_0x5dcb4fa03350, L_0x5dcb4fa06560, v0x5dcb4f96e580_0 (v0x5dcb4f9385b0_0, v0x5dcb4f9388a0_0, v0x5dcb4f9384c0_0, v0x5dcb4f938400_0) S_0x5dcb4f938120;
S_0x5dcb4f938f50 .scope generate, "carry_gen[2]" "carry_gen[2]" 9 92, 9 92 0, S_0x5dcb4f937e70;
 .timescale 0 0;
P_0x5dcb4f939150 .param/l "k" 0 9 92, +C4<010>;
L_0x77e69c225060 .functor BUFT 1, C4<00000000000000000000000000000010>, C4<0>, C4<0>, C4<0>;
v0x5dcb4f939210_0 .net/2s *"_ivl_0", 31 0, L_0x77e69c225060;  1 drivers
v0x5dcb4f9392f0_0 .net *"_ivl_3", 0 0, L_0x5dcb4f9f5a50;  1 drivers
L_0x5dcb4f9f5a50 .delay 1 (2,2,2) L_0x5dcb4f9f5a50/d;
L_0x5dcb4f9f5a50/d .ufunc/vec4 TD_tb.DUT.U_IMPL.calc_carry, 1, L_0x77e69c225060, L_0x5dcb4fa03350, L_0x5dcb4fa06560, v0x5dcb4f96e580_0 (v0x5dcb4f9385b0_0, v0x5dcb4f9388a0_0, v0x5dcb4f9384c0_0, v0x5dcb4f938400_0) S_0x5dcb4f938120;
S_0x5dcb4f9393d0 .scope generate, "carry_gen[3]" "carry_gen[3]" 9 92, 9 92 0, S_0x5dcb4f937e70;
 .timescale 0 0;
P_0x5dcb4f9395d0 .param/l "k" 0 9 92, +C4<011>;
L_0x77e69c2250a8 .functor BUFT 1, C4<00000000000000000000000000000011>, C4<0>, C4<0>, C4<0>;
v0x5dcb4f9396b0_0 .net/2s *"_ivl_0", 31 0, L_0x77e69c2250a8;  1 drivers
v0x5dcb4f939790_0 .net *"_ivl_3", 0 0, L_0x5dcb4f9f5b90;  1 drivers
L_0x5dcb4f9f5b90 .delay 1 (2,2,2) L_0x5dcb4f9f5b90/d;
L_0x5dcb4f9f5b90/d .ufunc/vec4 TD_tb.DUT.U_IMPL.calc_carry, 1, L_0x77e69c2250a8, L_0x5dcb4fa03350, L_0x5dcb4fa06560, v0x5dcb4f96e580_0 (v0x5dcb4f9385b0_0, v0x5dcb4f9388a0_0, v0x5dcb4f9384c0_0, v0x5dcb4f938400_0) S_0x5dcb4f938120;
S_0x5dcb4f939870 .scope generate, "carry_gen[4]" "carry_gen[4]" 9 92, 9 92 0, S_0x5dcb4f937e70;
 .timescale 0 0;
P_0x5dcb4f939ac0 .param/l "k" 0 9 92, +C4<0100>;
L_0x77e69c2250f0 .functor BUFT 1, C4<00000000000000000000000000000100>, C4<0>, C4<0>, C4<0>;
v0x5dcb4f939ba0_0 .net/2s *"_ivl_0", 31 0, L_0x77e69c2250f0;  1 drivers
v0x5dcb4f939c80_0 .net *"_ivl_3", 0 0, L_0x5dcb4f9f5cd0;  1 drivers
L_0x5dcb4f9f5cd0 .delay 1 (2,2,2) L_0x5dcb4f9f5cd0/d;
L_0x5dcb4f9f5cd0/d .ufunc/vec4 TD_tb.DUT.U_IMPL.calc_carry, 1, L_0x77e69c2250f0, L_0x5dcb4fa03350, L_0x5dcb4fa06560, v0x5dcb4f96e580_0 (v0x5dcb4f9385b0_0, v0x5dcb4f9388a0_0, v0x5dcb4f9384c0_0, v0x5dcb4f938400_0) S_0x5dcb4f938120;
S_0x5dcb4f939d60 .scope generate, "carry_gen[5]" "carry_gen[5]" 9 92, 9 92 0, S_0x5dcb4f937e70;
 .timescale 0 0;
P_0x5dcb4f939f60 .param/l "k" 0 9 92, +C4<0101>;
L_0x77e69c225138 .functor BUFT 1, C4<00000000000000000000000000000101>, C4<0>, C4<0>, C4<0>;
v0x5dcb4f93a040_0 .net/2s *"_ivl_0", 31 0, L_0x77e69c225138;  1 drivers
v0x5dcb4f93a120_0 .net *"_ivl_3", 0 0, L_0x5dcb4f9f5e60;  1 drivers
L_0x5dcb4f9f5e60 .delay 1 (2,2,2) L_0x5dcb4f9f5e60/d;
L_0x5dcb4f9f5e60/d .ufunc/vec4 TD_tb.DUT.U_IMPL.calc_carry, 1, L_0x77e69c225138, L_0x5dcb4fa03350, L_0x5dcb4fa06560, v0x5dcb4f96e580_0 (v0x5dcb4f9385b0_0, v0x5dcb4f9388a0_0, v0x5dcb4f9384c0_0, v0x5dcb4f938400_0) S_0x5dcb4f938120;
S_0x5dcb4f93a200 .scope generate, "carry_gen[6]" "carry_gen[6]" 9 92, 9 92 0, S_0x5dcb4f937e70;
 .timescale 0 0;
P_0x5dcb4f93a400 .param/l "k" 0 9 92, +C4<0110>;
L_0x77e69c225180 .functor BUFT 1, C4<00000000000000000000000000000110>, C4<0>, C4<0>, C4<0>;
v0x5dcb4f93a4e0_0 .net/2s *"_ivl_0", 31 0, L_0x77e69c225180;  1 drivers
v0x5dcb4f93a5c0_0 .net *"_ivl_3", 0 0, L_0x5dcb4fa18520;  1 drivers
L_0x5dcb4fa18520 .delay 1 (2,2,2) L_0x5dcb4fa18520/d;
L_0x5dcb4fa18520/d .ufunc/vec4 TD_tb.DUT.U_IMPL.calc_carry, 1, L_0x77e69c225180, L_0x5dcb4fa03350, L_0x5dcb4fa06560, v0x5dcb4f96e580_0 (v0x5dcb4f9385b0_0, v0x5dcb4f9388a0_0, v0x5dcb4f9384c0_0, v0x5dcb4f938400_0) S_0x5dcb4f938120;
S_0x5dcb4f93a6a0 .scope generate, "carry_gen[7]" "carry_gen[7]" 9 92, 9 92 0, S_0x5dcb4f937e70;
 .timescale 0 0;
P_0x5dcb4f93a8a0 .param/l "k" 0 9 92, +C4<0111>;
L_0x77e69c2251c8 .functor BUFT 1, C4<00000000000000000000000000000111>, C4<0>, C4<0>, C4<0>;
v0x5dcb4f93a980_0 .net/2s *"_ivl_0", 31 0, L_0x77e69c2251c8;  1 drivers
v0x5dcb4f93aa60_0 .net *"_ivl_3", 0 0, L_0x5dcb4fa185c0;  1 drivers
L_0x5dcb4fa185c0 .delay 1 (2,2,2) L_0x5dcb4fa185c0/d;
L_0x5dcb4fa185c0/d .ufunc/vec4 TD_tb.DUT.U_IMPL.calc_carry, 1, L_0x77e69c2251c8, L_0x5dcb4fa03350, L_0x5dcb4fa06560, v0x5dcb4f96e580_0 (v0x5dcb4f9385b0_0, v0x5dcb4f9388a0_0, v0x5dcb4f9384c0_0, v0x5dcb4f938400_0) S_0x5dcb4f938120;
S_0x5dcb4f93ab40 .scope generate, "carry_gen[8]" "carry_gen[8]" 9 92, 9 92 0, S_0x5dcb4f937e70;
 .timescale 0 0;
P_0x5dcb4f939a70 .param/l "k" 0 9 92, +C4<01000>;
L_0x77e69c225210 .functor BUFT 1, C4<00000000000000000000000000001000>, C4<0>, C4<0>, C4<0>;
v0x5dcb4f93ae60_0 .net/2s *"_ivl_0", 31 0, L_0x77e69c225210;  1 drivers
v0x5dcb4f93af40_0 .net *"_ivl_3", 0 0, L_0x5dcb4fa18660;  1 drivers
L_0x5dcb4fa18660 .delay 1 (2,2,2) L_0x5dcb4fa18660/d;
L_0x5dcb4fa18660/d .ufunc/vec4 TD_tb.DUT.U_IMPL.calc_carry, 1, L_0x77e69c225210, L_0x5dcb4fa03350, L_0x5dcb4fa06560, v0x5dcb4f96e580_0 (v0x5dcb4f9385b0_0, v0x5dcb4f9388a0_0, v0x5dcb4f9384c0_0, v0x5dcb4f938400_0) S_0x5dcb4f938120;
S_0x5dcb4f93b020 .scope generate, "carry_gen[9]" "carry_gen[9]" 9 92, 9 92 0, S_0x5dcb4f937e70;
 .timescale 0 0;
P_0x5dcb4f93b220 .param/l "k" 0 9 92, +C4<01001>;
L_0x77e69c225258 .functor BUFT 1, C4<00000000000000000000000000001001>, C4<0>, C4<0>, C4<0>;
v0x5dcb4f93b300_0 .net/2s *"_ivl_0", 31 0, L_0x77e69c225258;  1 drivers
v0x5dcb4f93b3e0_0 .net *"_ivl_3", 0 0, L_0x5dcb4fa187f0;  1 drivers
L_0x5dcb4fa187f0 .delay 1 (2,2,2) L_0x5dcb4fa187f0/d;
L_0x5dcb4fa187f0/d .ufunc/vec4 TD_tb.DUT.U_IMPL.calc_carry, 1, L_0x77e69c225258, L_0x5dcb4fa03350, L_0x5dcb4fa06560, v0x5dcb4f96e580_0 (v0x5dcb4f9385b0_0, v0x5dcb4f9388a0_0, v0x5dcb4f9384c0_0, v0x5dcb4f938400_0) S_0x5dcb4f938120;
S_0x5dcb4f93b4c0 .scope generate, "carry_gen[10]" "carry_gen[10]" 9 92, 9 92 0, S_0x5dcb4f937e70;
 .timescale 0 0;
P_0x5dcb4f93b6c0 .param/l "k" 0 9 92, +C4<01010>;
L_0x77e69c2252a0 .functor BUFT 1, C4<00000000000000000000000000001010>, C4<0>, C4<0>, C4<0>;
v0x5dcb4f93b7a0_0 .net/2s *"_ivl_0", 31 0, L_0x77e69c2252a0;  1 drivers
v0x5dcb4f93b880_0 .net *"_ivl_3", 0 0, L_0x5dcb4fa18930;  1 drivers
L_0x5dcb4fa18930 .delay 1 (2,2,2) L_0x5dcb4fa18930/d;
L_0x5dcb4fa18930/d .ufunc/vec4 TD_tb.DUT.U_IMPL.calc_carry, 1, L_0x77e69c2252a0, L_0x5dcb4fa03350, L_0x5dcb4fa06560, v0x5dcb4f96e580_0 (v0x5dcb4f9385b0_0, v0x5dcb4f9388a0_0, v0x5dcb4f9384c0_0, v0x5dcb4f938400_0) S_0x5dcb4f938120;
S_0x5dcb4f93b960 .scope generate, "carry_gen[11]" "carry_gen[11]" 9 92, 9 92 0, S_0x5dcb4f937e70;
 .timescale 0 0;
P_0x5dcb4f93bb60 .param/l "k" 0 9 92, +C4<01011>;
L_0x77e69c2252e8 .functor BUFT 1, C4<00000000000000000000000000001011>, C4<0>, C4<0>, C4<0>;
v0x5dcb4f93bc40_0 .net/2s *"_ivl_0", 31 0, L_0x77e69c2252e8;  1 drivers
v0x5dcb4f93bd20_0 .net *"_ivl_3", 0 0, L_0x5dcb4fa18ac0;  1 drivers
L_0x5dcb4fa18ac0 .delay 1 (2,2,2) L_0x5dcb4fa18ac0/d;
L_0x5dcb4fa18ac0/d .ufunc/vec4 TD_tb.DUT.U_IMPL.calc_carry, 1, L_0x77e69c2252e8, L_0x5dcb4fa03350, L_0x5dcb4fa06560, v0x5dcb4f96e580_0 (v0x5dcb4f9385b0_0, v0x5dcb4f9388a0_0, v0x5dcb4f9384c0_0, v0x5dcb4f938400_0) S_0x5dcb4f938120;
S_0x5dcb4f93be00 .scope generate, "carry_gen[12]" "carry_gen[12]" 9 92, 9 92 0, S_0x5dcb4f937e70;
 .timescale 0 0;
P_0x5dcb4f93c000 .param/l "k" 0 9 92, +C4<01100>;
L_0x77e69c225330 .functor BUFT 1, C4<00000000000000000000000000001100>, C4<0>, C4<0>, C4<0>;
v0x5dcb4f93c0e0_0 .net/2s *"_ivl_0", 31 0, L_0x77e69c225330;  1 drivers
v0x5dcb4f93c1c0_0 .net *"_ivl_3", 0 0, L_0x5dcb4fa18c50;  1 drivers
L_0x5dcb4fa18c50 .delay 1 (2,2,2) L_0x5dcb4fa18c50/d;
L_0x5dcb4fa18c50/d .ufunc/vec4 TD_tb.DUT.U_IMPL.calc_carry, 1, L_0x77e69c225330, L_0x5dcb4fa03350, L_0x5dcb4fa06560, v0x5dcb4f96e580_0 (v0x5dcb4f9385b0_0, v0x5dcb4f9388a0_0, v0x5dcb4f9384c0_0, v0x5dcb4f938400_0) S_0x5dcb4f938120;
S_0x5dcb4f93c2a0 .scope generate, "carry_gen[13]" "carry_gen[13]" 9 92, 9 92 0, S_0x5dcb4f937e70;
 .timescale 0 0;
P_0x5dcb4f93c4a0 .param/l "k" 0 9 92, +C4<01101>;
L_0x77e69c225378 .functor BUFT 1, C4<00000000000000000000000000001101>, C4<0>, C4<0>, C4<0>;
v0x5dcb4f93c580_0 .net/2s *"_ivl_0", 31 0, L_0x77e69c225378;  1 drivers
v0x5dcb4f93c660_0 .net *"_ivl_3", 0 0, L_0x5dcb4fa18de0;  1 drivers
L_0x5dcb4fa18de0 .delay 1 (2,2,2) L_0x5dcb4fa18de0/d;
L_0x5dcb4fa18de0/d .ufunc/vec4 TD_tb.DUT.U_IMPL.calc_carry, 1, L_0x77e69c225378, L_0x5dcb4fa03350, L_0x5dcb4fa06560, v0x5dcb4f96e580_0 (v0x5dcb4f9385b0_0, v0x5dcb4f9388a0_0, v0x5dcb4f9384c0_0, v0x5dcb4f938400_0) S_0x5dcb4f938120;
S_0x5dcb4f93c740 .scope generate, "carry_gen[14]" "carry_gen[14]" 9 92, 9 92 0, S_0x5dcb4f937e70;
 .timescale 0 0;
P_0x5dcb4f93c940 .param/l "k" 0 9 92, +C4<01110>;
L_0x77e69c2253c0 .functor BUFT 1, C4<00000000000000000000000000001110>, C4<0>, C4<0>, C4<0>;
v0x5dcb4f93ca20_0 .net/2s *"_ivl_0", 31 0, L_0x77e69c2253c0;  1 drivers
v0x5dcb4f93cb00_0 .net *"_ivl_3", 0 0, L_0x5dcb4fa18f70;  1 drivers
L_0x5dcb4fa18f70 .delay 1 (2,2,2) L_0x5dcb4fa18f70/d;
L_0x5dcb4fa18f70/d .ufunc/vec4 TD_tb.DUT.U_IMPL.calc_carry, 1, L_0x77e69c2253c0, L_0x5dcb4fa03350, L_0x5dcb4fa06560, v0x5dcb4f96e580_0 (v0x5dcb4f9385b0_0, v0x5dcb4f9388a0_0, v0x5dcb4f9384c0_0, v0x5dcb4f938400_0) S_0x5dcb4f938120;
S_0x5dcb4f93cbe0 .scope generate, "carry_gen[15]" "carry_gen[15]" 9 92, 9 92 0, S_0x5dcb4f937e70;
 .timescale 0 0;
P_0x5dcb4f93cde0 .param/l "k" 0 9 92, +C4<01111>;
L_0x77e69c225408 .functor BUFT 1, C4<00000000000000000000000000001111>, C4<0>, C4<0>, C4<0>;
v0x5dcb4f93cec0_0 .net/2s *"_ivl_0", 31 0, L_0x77e69c225408;  1 drivers
v0x5dcb4f93cfa0_0 .net *"_ivl_3", 0 0, L_0x5dcb4fa19100;  1 drivers
L_0x5dcb4fa19100 .delay 1 (2,2,2) L_0x5dcb4fa19100/d;
L_0x5dcb4fa19100/d .ufunc/vec4 TD_tb.DUT.U_IMPL.calc_carry, 1, L_0x77e69c225408, L_0x5dcb4fa03350, L_0x5dcb4fa06560, v0x5dcb4f96e580_0 (v0x5dcb4f9385b0_0, v0x5dcb4f9388a0_0, v0x5dcb4f9384c0_0, v0x5dcb4f938400_0) S_0x5dcb4f938120;
S_0x5dcb4f93d080 .scope generate, "carry_gen[16]" "carry_gen[16]" 9 92, 9 92 0, S_0x5dcb4f937e70;
 .timescale 0 0;
P_0x5dcb4f93d280 .param/l "k" 0 9 92, +C4<010000>;
L_0x77e69c225450 .functor BUFT 1, C4<00000000000000000000000000010000>, C4<0>, C4<0>, C4<0>;
v0x5dcb4f93d360_0 .net/2s *"_ivl_0", 31 0, L_0x77e69c225450;  1 drivers
v0x5dcb4f93d440_0 .net *"_ivl_3", 0 0, L_0x5dcb4fa194a0;  1 drivers
L_0x5dcb4fa194a0 .delay 1 (2,2,2) L_0x5dcb4fa194a0/d;
L_0x5dcb4fa194a0/d .ufunc/vec4 TD_tb.DUT.U_IMPL.calc_carry, 1, L_0x77e69c225450, L_0x5dcb4fa03350, L_0x5dcb4fa06560, v0x5dcb4f96e580_0 (v0x5dcb4f9385b0_0, v0x5dcb4f9388a0_0, v0x5dcb4f9384c0_0, v0x5dcb4f938400_0) S_0x5dcb4f938120;
S_0x5dcb4f93d520 .scope generate, "carry_gen[17]" "carry_gen[17]" 9 92, 9 92 0, S_0x5dcb4f937e70;
 .timescale 0 0;
P_0x5dcb4f93d720 .param/l "k" 0 9 92, +C4<010001>;
L_0x77e69c225498 .functor BUFT 1, C4<00000000000000000000000000010001>, C4<0>, C4<0>, C4<0>;
v0x5dcb4f93d800_0 .net/2s *"_ivl_0", 31 0, L_0x77e69c225498;  1 drivers
v0x5dcb4f93d8e0_0 .net *"_ivl_3", 0 0, L_0x5dcb4fa19630;  1 drivers
L_0x5dcb4fa19630 .delay 1 (2,2,2) L_0x5dcb4fa19630/d;
L_0x5dcb4fa19630/d .ufunc/vec4 TD_tb.DUT.U_IMPL.calc_carry, 1, L_0x77e69c225498, L_0x5dcb4fa03350, L_0x5dcb4fa06560, v0x5dcb4f96e580_0 (v0x5dcb4f9385b0_0, v0x5dcb4f9388a0_0, v0x5dcb4f9384c0_0, v0x5dcb4f938400_0) S_0x5dcb4f938120;
S_0x5dcb4f93d9c0 .scope generate, "carry_gen[18]" "carry_gen[18]" 9 92, 9 92 0, S_0x5dcb4f937e70;
 .timescale 0 0;
P_0x5dcb4f93dbc0 .param/l "k" 0 9 92, +C4<010010>;
L_0x77e69c2254e0 .functor BUFT 1, C4<00000000000000000000000000010010>, C4<0>, C4<0>, C4<0>;
v0x5dcb4f93dca0_0 .net/2s *"_ivl_0", 31 0, L_0x77e69c2254e0;  1 drivers
v0x5dcb4f93dd80_0 .net *"_ivl_3", 0 0, L_0x5dcb4fa197c0;  1 drivers
L_0x5dcb4fa197c0 .delay 1 (2,2,2) L_0x5dcb4fa197c0/d;
L_0x5dcb4fa197c0/d .ufunc/vec4 TD_tb.DUT.U_IMPL.calc_carry, 1, L_0x77e69c2254e0, L_0x5dcb4fa03350, L_0x5dcb4fa06560, v0x5dcb4f96e580_0 (v0x5dcb4f9385b0_0, v0x5dcb4f9388a0_0, v0x5dcb4f9384c0_0, v0x5dcb4f938400_0) S_0x5dcb4f938120;
S_0x5dcb4f93de60 .scope generate, "carry_gen[19]" "carry_gen[19]" 9 92, 9 92 0, S_0x5dcb4f937e70;
 .timescale 0 0;
P_0x5dcb4f93e060 .param/l "k" 0 9 92, +C4<010011>;
L_0x77e69c225528 .functor BUFT 1, C4<00000000000000000000000000010011>, C4<0>, C4<0>, C4<0>;
v0x5dcb4f93e140_0 .net/2s *"_ivl_0", 31 0, L_0x77e69c225528;  1 drivers
v0x5dcb4f93e220_0 .net *"_ivl_3", 0 0, L_0x5dcb4fa19950;  1 drivers
L_0x5dcb4fa19950 .delay 1 (2,2,2) L_0x5dcb4fa19950/d;
L_0x5dcb4fa19950/d .ufunc/vec4 TD_tb.DUT.U_IMPL.calc_carry, 1, L_0x77e69c225528, L_0x5dcb4fa03350, L_0x5dcb4fa06560, v0x5dcb4f96e580_0 (v0x5dcb4f9385b0_0, v0x5dcb4f9388a0_0, v0x5dcb4f9384c0_0, v0x5dcb4f938400_0) S_0x5dcb4f938120;
S_0x5dcb4f93e300 .scope generate, "carry_gen[20]" "carry_gen[20]" 9 92, 9 92 0, S_0x5dcb4f937e70;
 .timescale 0 0;
P_0x5dcb4f93e500 .param/l "k" 0 9 92, +C4<010100>;
L_0x77e69c225570 .functor BUFT 1, C4<00000000000000000000000000010100>, C4<0>, C4<0>, C4<0>;
v0x5dcb4f93e5e0_0 .net/2s *"_ivl_0", 31 0, L_0x77e69c225570;  1 drivers
v0x5dcb4f93e6c0_0 .net *"_ivl_3", 0 0, L_0x5dcb4fa19ae0;  1 drivers
L_0x5dcb4fa19ae0 .delay 1 (2,2,2) L_0x5dcb4fa19ae0/d;
L_0x5dcb4fa19ae0/d .ufunc/vec4 TD_tb.DUT.U_IMPL.calc_carry, 1, L_0x77e69c225570, L_0x5dcb4fa03350, L_0x5dcb4fa06560, v0x5dcb4f96e580_0 (v0x5dcb4f9385b0_0, v0x5dcb4f9388a0_0, v0x5dcb4f9384c0_0, v0x5dcb4f938400_0) S_0x5dcb4f938120;
S_0x5dcb4f93e7a0 .scope generate, "carry_gen[21]" "carry_gen[21]" 9 92, 9 92 0, S_0x5dcb4f937e70;
 .timescale 0 0;
P_0x5dcb4f93e9a0 .param/l "k" 0 9 92, +C4<010101>;
L_0x77e69c2255b8 .functor BUFT 1, C4<00000000000000000000000000010101>, C4<0>, C4<0>, C4<0>;
v0x5dcb4f93ea80_0 .net/2s *"_ivl_0", 31 0, L_0x77e69c2255b8;  1 drivers
v0x5dcb4f93eb60_0 .net *"_ivl_3", 0 0, L_0x5dcb4fa19c70;  1 drivers
L_0x5dcb4fa19c70 .delay 1 (2,2,2) L_0x5dcb4fa19c70/d;
L_0x5dcb4fa19c70/d .ufunc/vec4 TD_tb.DUT.U_IMPL.calc_carry, 1, L_0x77e69c2255b8, L_0x5dcb4fa03350, L_0x5dcb4fa06560, v0x5dcb4f96e580_0 (v0x5dcb4f9385b0_0, v0x5dcb4f9388a0_0, v0x5dcb4f9384c0_0, v0x5dcb4f938400_0) S_0x5dcb4f938120;
S_0x5dcb4f93ec40 .scope generate, "carry_gen[22]" "carry_gen[22]" 9 92, 9 92 0, S_0x5dcb4f937e70;
 .timescale 0 0;
P_0x5dcb4f93ee40 .param/l "k" 0 9 92, +C4<010110>;
L_0x77e69c225600 .functor BUFT 1, C4<00000000000000000000000000010110>, C4<0>, C4<0>, C4<0>;
v0x5dcb4f93ef20_0 .net/2s *"_ivl_0", 31 0, L_0x77e69c225600;  1 drivers
v0x5dcb4f93f000_0 .net *"_ivl_3", 0 0, L_0x5dcb4fa19e00;  1 drivers
L_0x5dcb4fa19e00 .delay 1 (2,2,2) L_0x5dcb4fa19e00/d;
L_0x5dcb4fa19e00/d .ufunc/vec4 TD_tb.DUT.U_IMPL.calc_carry, 1, L_0x77e69c225600, L_0x5dcb4fa03350, L_0x5dcb4fa06560, v0x5dcb4f96e580_0 (v0x5dcb4f9385b0_0, v0x5dcb4f9388a0_0, v0x5dcb4f9384c0_0, v0x5dcb4f938400_0) S_0x5dcb4f938120;
S_0x5dcb4f93f0e0 .scope generate, "carry_gen[23]" "carry_gen[23]" 9 92, 9 92 0, S_0x5dcb4f937e70;
 .timescale 0 0;
P_0x5dcb4f93f2e0 .param/l "k" 0 9 92, +C4<010111>;
L_0x77e69c225648 .functor BUFT 1, C4<00000000000000000000000000010111>, C4<0>, C4<0>, C4<0>;
v0x5dcb4f93f3c0_0 .net/2s *"_ivl_0", 31 0, L_0x77e69c225648;  1 drivers
v0x5dcb4f93f4a0_0 .net *"_ivl_3", 0 0, L_0x5dcb4fa19f90;  1 drivers
L_0x5dcb4fa19f90 .delay 1 (2,2,2) L_0x5dcb4fa19f90/d;
L_0x5dcb4fa19f90/d .ufunc/vec4 TD_tb.DUT.U_IMPL.calc_carry, 1, L_0x77e69c225648, L_0x5dcb4fa03350, L_0x5dcb4fa06560, v0x5dcb4f96e580_0 (v0x5dcb4f9385b0_0, v0x5dcb4f9388a0_0, v0x5dcb4f9384c0_0, v0x5dcb4f938400_0) S_0x5dcb4f938120;
S_0x5dcb4f93f580 .scope generate, "carry_gen[24]" "carry_gen[24]" 9 92, 9 92 0, S_0x5dcb4f937e70;
 .timescale 0 0;
P_0x5dcb4f93f780 .param/l "k" 0 9 92, +C4<011000>;
L_0x77e69c225690 .functor BUFT 1, C4<00000000000000000000000000011000>, C4<0>, C4<0>, C4<0>;
v0x5dcb4f93f860_0 .net/2s *"_ivl_0", 31 0, L_0x77e69c225690;  1 drivers
v0x5dcb4f93f940_0 .net *"_ivl_3", 0 0, L_0x5dcb4fa1a120;  1 drivers
L_0x5dcb4fa1a120 .delay 1 (2,2,2) L_0x5dcb4fa1a120/d;
L_0x5dcb4fa1a120/d .ufunc/vec4 TD_tb.DUT.U_IMPL.calc_carry, 1, L_0x77e69c225690, L_0x5dcb4fa03350, L_0x5dcb4fa06560, v0x5dcb4f96e580_0 (v0x5dcb4f9385b0_0, v0x5dcb4f9388a0_0, v0x5dcb4f9384c0_0, v0x5dcb4f938400_0) S_0x5dcb4f938120;
S_0x5dcb4f93fa20 .scope generate, "carry_gen[25]" "carry_gen[25]" 9 92, 9 92 0, S_0x5dcb4f937e70;
 .timescale 0 0;
P_0x5dcb4f93fc20 .param/l "k" 0 9 92, +C4<011001>;
L_0x77e69c2256d8 .functor BUFT 1, C4<00000000000000000000000000011001>, C4<0>, C4<0>, C4<0>;
v0x5dcb4f93fd00_0 .net/2s *"_ivl_0", 31 0, L_0x77e69c2256d8;  1 drivers
v0x5dcb4f93fde0_0 .net *"_ivl_3", 0 0, L_0x5dcb4fa1a2b0;  1 drivers
L_0x5dcb4fa1a2b0 .delay 1 (2,2,2) L_0x5dcb4fa1a2b0/d;
L_0x5dcb4fa1a2b0/d .ufunc/vec4 TD_tb.DUT.U_IMPL.calc_carry, 1, L_0x77e69c2256d8, L_0x5dcb4fa03350, L_0x5dcb4fa06560, v0x5dcb4f96e580_0 (v0x5dcb4f9385b0_0, v0x5dcb4f9388a0_0, v0x5dcb4f9384c0_0, v0x5dcb4f938400_0) S_0x5dcb4f938120;
S_0x5dcb4f93fec0 .scope generate, "carry_gen[26]" "carry_gen[26]" 9 92, 9 92 0, S_0x5dcb4f937e70;
 .timescale 0 0;
P_0x5dcb4f9400c0 .param/l "k" 0 9 92, +C4<011010>;
L_0x77e69c225720 .functor BUFT 1, C4<00000000000000000000000000011010>, C4<0>, C4<0>, C4<0>;
v0x5dcb4f9401a0_0 .net/2s *"_ivl_0", 31 0, L_0x77e69c225720;  1 drivers
v0x5dcb4f940280_0 .net *"_ivl_3", 0 0, L_0x5dcb4fa1a440;  1 drivers
L_0x5dcb4fa1a440 .delay 1 (2,2,2) L_0x5dcb4fa1a440/d;
L_0x5dcb4fa1a440/d .ufunc/vec4 TD_tb.DUT.U_IMPL.calc_carry, 1, L_0x77e69c225720, L_0x5dcb4fa03350, L_0x5dcb4fa06560, v0x5dcb4f96e580_0 (v0x5dcb4f9385b0_0, v0x5dcb4f9388a0_0, v0x5dcb4f9384c0_0, v0x5dcb4f938400_0) S_0x5dcb4f938120;
S_0x5dcb4f940360 .scope generate, "carry_gen[27]" "carry_gen[27]" 9 92, 9 92 0, S_0x5dcb4f937e70;
 .timescale 0 0;
P_0x5dcb4f940560 .param/l "k" 0 9 92, +C4<011011>;
L_0x77e69c225768 .functor BUFT 1, C4<00000000000000000000000000011011>, C4<0>, C4<0>, C4<0>;
v0x5dcb4f940640_0 .net/2s *"_ivl_0", 31 0, L_0x77e69c225768;  1 drivers
v0x5dcb4f940720_0 .net *"_ivl_3", 0 0, L_0x5dcb4fa1a5d0;  1 drivers
L_0x5dcb4fa1a5d0 .delay 1 (2,2,2) L_0x5dcb4fa1a5d0/d;
L_0x5dcb4fa1a5d0/d .ufunc/vec4 TD_tb.DUT.U_IMPL.calc_carry, 1, L_0x77e69c225768, L_0x5dcb4fa03350, L_0x5dcb4fa06560, v0x5dcb4f96e580_0 (v0x5dcb4f9385b0_0, v0x5dcb4f9388a0_0, v0x5dcb4f9384c0_0, v0x5dcb4f938400_0) S_0x5dcb4f938120;
S_0x5dcb4f940800 .scope generate, "carry_gen[28]" "carry_gen[28]" 9 92, 9 92 0, S_0x5dcb4f937e70;
 .timescale 0 0;
P_0x5dcb4f940a00 .param/l "k" 0 9 92, +C4<011100>;
L_0x77e69c2257b0 .functor BUFT 1, C4<00000000000000000000000000011100>, C4<0>, C4<0>, C4<0>;
v0x5dcb4f940ae0_0 .net/2s *"_ivl_0", 31 0, L_0x77e69c2257b0;  1 drivers
v0x5dcb4f940bc0_0 .net *"_ivl_3", 0 0, L_0x5dcb4fa1a760;  1 drivers
L_0x5dcb4fa1a760 .delay 1 (2,2,2) L_0x5dcb4fa1a760/d;
L_0x5dcb4fa1a760/d .ufunc/vec4 TD_tb.DUT.U_IMPL.calc_carry, 1, L_0x77e69c2257b0, L_0x5dcb4fa03350, L_0x5dcb4fa06560, v0x5dcb4f96e580_0 (v0x5dcb4f9385b0_0, v0x5dcb4f9388a0_0, v0x5dcb4f9384c0_0, v0x5dcb4f938400_0) S_0x5dcb4f938120;
S_0x5dcb4f940ca0 .scope generate, "carry_gen[29]" "carry_gen[29]" 9 92, 9 92 0, S_0x5dcb4f937e70;
 .timescale 0 0;
P_0x5dcb4f940ea0 .param/l "k" 0 9 92, +C4<011101>;
L_0x77e69c2257f8 .functor BUFT 1, C4<00000000000000000000000000011101>, C4<0>, C4<0>, C4<0>;
v0x5dcb4f940f80_0 .net/2s *"_ivl_0", 31 0, L_0x77e69c2257f8;  1 drivers
v0x5dcb4f941060_0 .net *"_ivl_3", 0 0, L_0x5dcb4fa1a8f0;  1 drivers
L_0x5dcb4fa1a8f0 .delay 1 (2,2,2) L_0x5dcb4fa1a8f0/d;
L_0x5dcb4fa1a8f0/d .ufunc/vec4 TD_tb.DUT.U_IMPL.calc_carry, 1, L_0x77e69c2257f8, L_0x5dcb4fa03350, L_0x5dcb4fa06560, v0x5dcb4f96e580_0 (v0x5dcb4f9385b0_0, v0x5dcb4f9388a0_0, v0x5dcb4f9384c0_0, v0x5dcb4f938400_0) S_0x5dcb4f938120;
S_0x5dcb4f941140 .scope generate, "carry_gen[30]" "carry_gen[30]" 9 92, 9 92 0, S_0x5dcb4f937e70;
 .timescale 0 0;
P_0x5dcb4f941340 .param/l "k" 0 9 92, +C4<011110>;
L_0x77e69c225840 .functor BUFT 1, C4<00000000000000000000000000011110>, C4<0>, C4<0>, C4<0>;
v0x5dcb4f941420_0 .net/2s *"_ivl_0", 31 0, L_0x77e69c225840;  1 drivers
v0x5dcb4f941500_0 .net *"_ivl_3", 0 0, L_0x5dcb4fa1aa80;  1 drivers
L_0x5dcb4fa1aa80 .delay 1 (2,2,2) L_0x5dcb4fa1aa80/d;
L_0x5dcb4fa1aa80/d .ufunc/vec4 TD_tb.DUT.U_IMPL.calc_carry, 1, L_0x77e69c225840, L_0x5dcb4fa03350, L_0x5dcb4fa06560, v0x5dcb4f96e580_0 (v0x5dcb4f9385b0_0, v0x5dcb4f9388a0_0, v0x5dcb4f9384c0_0, v0x5dcb4f938400_0) S_0x5dcb4f938120;
S_0x5dcb4f9415e0 .scope generate, "carry_gen[31]" "carry_gen[31]" 9 92, 9 92 0, S_0x5dcb4f937e70;
 .timescale 0 0;
P_0x5dcb4f9417e0 .param/l "k" 0 9 92, +C4<011111>;
L_0x77e69c225888 .functor BUFT 1, C4<00000000000000000000000000011111>, C4<0>, C4<0>, C4<0>;
v0x5dcb4f9418c0_0 .net/2s *"_ivl_0", 31 0, L_0x77e69c225888;  1 drivers
v0x5dcb4f9419a0_0 .net *"_ivl_3", 0 0, L_0x5dcb4fa1ac10;  1 drivers
L_0x5dcb4fa1ac10 .delay 1 (2,2,2) L_0x5dcb4fa1ac10/d;
L_0x5dcb4fa1ac10/d .ufunc/vec4 TD_tb.DUT.U_IMPL.calc_carry, 1, L_0x77e69c225888, L_0x5dcb4fa03350, L_0x5dcb4fa06560, v0x5dcb4f96e580_0 (v0x5dcb4f9385b0_0, v0x5dcb4f9388a0_0, v0x5dcb4f9384c0_0, v0x5dcb4f938400_0) S_0x5dcb4f938120;
S_0x5dcb4f941a80 .scope generate, "carry_gen[32]" "carry_gen[32]" 9 92, 9 92 0, S_0x5dcb4f937e70;
 .timescale 0 0;
P_0x5dcb4f941e90 .param/l "k" 0 9 92, +C4<0100000>;
L_0x77e69c2258d0 .functor BUFT 1, C4<00000000000000000000000000100000>, C4<0>, C4<0>, C4<0>;
v0x5dcb4f941f50_0 .net/2s *"_ivl_0", 31 0, L_0x77e69c2258d0;  1 drivers
v0x5dcb4f942050_0 .net *"_ivl_3", 0 0, L_0x5dcb4fa1ada0;  1 drivers
L_0x5dcb4fa1ada0 .delay 1 (2,2,2) L_0x5dcb4fa1ada0/d;
L_0x5dcb4fa1ada0/d .ufunc/vec4 TD_tb.DUT.U_IMPL.calc_carry, 1, L_0x77e69c2258d0, L_0x5dcb4fa03350, L_0x5dcb4fa06560, v0x5dcb4f96e580_0 (v0x5dcb4f9385b0_0, v0x5dcb4f9388a0_0, v0x5dcb4f9384c0_0, v0x5dcb4f938400_0) S_0x5dcb4f938120;
S_0x5dcb4f942130 .scope generate, "carry_gen[33]" "carry_gen[33]" 9 92, 9 92 0, S_0x5dcb4f937e70;
 .timescale 0 0;
P_0x5dcb4f942330 .param/l "k" 0 9 92, +C4<0100001>;
L_0x77e69c225918 .functor BUFT 1, C4<00000000000000000000000000100001>, C4<0>, C4<0>, C4<0>;
v0x5dcb4f9423f0_0 .net/2s *"_ivl_0", 31 0, L_0x77e69c225918;  1 drivers
v0x5dcb4f9424f0_0 .net *"_ivl_3", 0 0, L_0x5dcb4fa1af30;  1 drivers
L_0x5dcb4fa1af30 .delay 1 (2,2,2) L_0x5dcb4fa1af30/d;
L_0x5dcb4fa1af30/d .ufunc/vec4 TD_tb.DUT.U_IMPL.calc_carry, 1, L_0x77e69c225918, L_0x5dcb4fa03350, L_0x5dcb4fa06560, v0x5dcb4f96e580_0 (v0x5dcb4f9385b0_0, v0x5dcb4f9388a0_0, v0x5dcb4f9384c0_0, v0x5dcb4f938400_0) S_0x5dcb4f938120;
S_0x5dcb4f9425d0 .scope generate, "carry_gen[34]" "carry_gen[34]" 9 92, 9 92 0, S_0x5dcb4f937e70;
 .timescale 0 0;
P_0x5dcb4f9427d0 .param/l "k" 0 9 92, +C4<0100010>;
L_0x77e69c225960 .functor BUFT 1, C4<00000000000000000000000000100010>, C4<0>, C4<0>, C4<0>;
v0x5dcb4f942890_0 .net/2s *"_ivl_0", 31 0, L_0x77e69c225960;  1 drivers
v0x5dcb4f942990_0 .net *"_ivl_3", 0 0, L_0x5dcb4fa1b0c0;  1 drivers
L_0x5dcb4fa1b0c0 .delay 1 (2,2,2) L_0x5dcb4fa1b0c0/d;
L_0x5dcb4fa1b0c0/d .ufunc/vec4 TD_tb.DUT.U_IMPL.calc_carry, 1, L_0x77e69c225960, L_0x5dcb4fa03350, L_0x5dcb4fa06560, v0x5dcb4f96e580_0 (v0x5dcb4f9385b0_0, v0x5dcb4f9388a0_0, v0x5dcb4f9384c0_0, v0x5dcb4f938400_0) S_0x5dcb4f938120;
S_0x5dcb4f942a70 .scope generate, "carry_gen[35]" "carry_gen[35]" 9 92, 9 92 0, S_0x5dcb4f937e70;
 .timescale 0 0;
P_0x5dcb4f942c70 .param/l "k" 0 9 92, +C4<0100011>;
L_0x77e69c2259a8 .functor BUFT 1, C4<00000000000000000000000000100011>, C4<0>, C4<0>, C4<0>;
v0x5dcb4f942d30_0 .net/2s *"_ivl_0", 31 0, L_0x77e69c2259a8;  1 drivers
v0x5dcb4f942e30_0 .net *"_ivl_3", 0 0, L_0x5dcb4fa1b250;  1 drivers
L_0x5dcb4fa1b250 .delay 1 (2,2,2) L_0x5dcb4fa1b250/d;
L_0x5dcb4fa1b250/d .ufunc/vec4 TD_tb.DUT.U_IMPL.calc_carry, 1, L_0x77e69c2259a8, L_0x5dcb4fa03350, L_0x5dcb4fa06560, v0x5dcb4f96e580_0 (v0x5dcb4f9385b0_0, v0x5dcb4f9388a0_0, v0x5dcb4f9384c0_0, v0x5dcb4f938400_0) S_0x5dcb4f938120;
S_0x5dcb4f942f10 .scope generate, "carry_gen[36]" "carry_gen[36]" 9 92, 9 92 0, S_0x5dcb4f937e70;
 .timescale 0 0;
P_0x5dcb4f943110 .param/l "k" 0 9 92, +C4<0100100>;
L_0x77e69c2259f0 .functor BUFT 1, C4<00000000000000000000000000100100>, C4<0>, C4<0>, C4<0>;
v0x5dcb4f9431d0_0 .net/2s *"_ivl_0", 31 0, L_0x77e69c2259f0;  1 drivers
v0x5dcb4f9432d0_0 .net *"_ivl_3", 0 0, L_0x5dcb4fa1b3e0;  1 drivers
L_0x5dcb4fa1b3e0 .delay 1 (2,2,2) L_0x5dcb4fa1b3e0/d;
L_0x5dcb4fa1b3e0/d .ufunc/vec4 TD_tb.DUT.U_IMPL.calc_carry, 1, L_0x77e69c2259f0, L_0x5dcb4fa03350, L_0x5dcb4fa06560, v0x5dcb4f96e580_0 (v0x5dcb4f9385b0_0, v0x5dcb4f9388a0_0, v0x5dcb4f9384c0_0, v0x5dcb4f938400_0) S_0x5dcb4f938120;
S_0x5dcb4f9433b0 .scope generate, "carry_gen[37]" "carry_gen[37]" 9 92, 9 92 0, S_0x5dcb4f937e70;
 .timescale 0 0;
P_0x5dcb4f9435b0 .param/l "k" 0 9 92, +C4<0100101>;
L_0x77e69c225a38 .functor BUFT 1, C4<00000000000000000000000000100101>, C4<0>, C4<0>, C4<0>;
v0x5dcb4f943670_0 .net/2s *"_ivl_0", 31 0, L_0x77e69c225a38;  1 drivers
v0x5dcb4f943770_0 .net *"_ivl_3", 0 0, L_0x5dcb4fa1b570;  1 drivers
L_0x5dcb4fa1b570 .delay 1 (2,2,2) L_0x5dcb4fa1b570/d;
L_0x5dcb4fa1b570/d .ufunc/vec4 TD_tb.DUT.U_IMPL.calc_carry, 1, L_0x77e69c225a38, L_0x5dcb4fa03350, L_0x5dcb4fa06560, v0x5dcb4f96e580_0 (v0x5dcb4f9385b0_0, v0x5dcb4f9388a0_0, v0x5dcb4f9384c0_0, v0x5dcb4f938400_0) S_0x5dcb4f938120;
S_0x5dcb4f943850 .scope generate, "carry_gen[38]" "carry_gen[38]" 9 92, 9 92 0, S_0x5dcb4f937e70;
 .timescale 0 0;
P_0x5dcb4f943a50 .param/l "k" 0 9 92, +C4<0100110>;
L_0x77e69c225a80 .functor BUFT 1, C4<00000000000000000000000000100110>, C4<0>, C4<0>, C4<0>;
v0x5dcb4f943b10_0 .net/2s *"_ivl_0", 31 0, L_0x77e69c225a80;  1 drivers
v0x5dcb4f943c10_0 .net *"_ivl_3", 0 0, L_0x5dcb4fa1b700;  1 drivers
L_0x5dcb4fa1b700 .delay 1 (2,2,2) L_0x5dcb4fa1b700/d;
L_0x5dcb4fa1b700/d .ufunc/vec4 TD_tb.DUT.U_IMPL.calc_carry, 1, L_0x77e69c225a80, L_0x5dcb4fa03350, L_0x5dcb4fa06560, v0x5dcb4f96e580_0 (v0x5dcb4f9385b0_0, v0x5dcb4f9388a0_0, v0x5dcb4f9384c0_0, v0x5dcb4f938400_0) S_0x5dcb4f938120;
S_0x5dcb4f943cf0 .scope generate, "carry_gen[39]" "carry_gen[39]" 9 92, 9 92 0, S_0x5dcb4f937e70;
 .timescale 0 0;
P_0x5dcb4f943ef0 .param/l "k" 0 9 92, +C4<0100111>;
L_0x77e69c225ac8 .functor BUFT 1, C4<00000000000000000000000000100111>, C4<0>, C4<0>, C4<0>;
v0x5dcb4f943fb0_0 .net/2s *"_ivl_0", 31 0, L_0x77e69c225ac8;  1 drivers
v0x5dcb4f9440b0_0 .net *"_ivl_3", 0 0, L_0x5dcb4fa1b890;  1 drivers
L_0x5dcb4fa1b890 .delay 1 (2,2,2) L_0x5dcb4fa1b890/d;
L_0x5dcb4fa1b890/d .ufunc/vec4 TD_tb.DUT.U_IMPL.calc_carry, 1, L_0x77e69c225ac8, L_0x5dcb4fa03350, L_0x5dcb4fa06560, v0x5dcb4f96e580_0 (v0x5dcb4f9385b0_0, v0x5dcb4f9388a0_0, v0x5dcb4f9384c0_0, v0x5dcb4f938400_0) S_0x5dcb4f938120;
S_0x5dcb4f944190 .scope generate, "carry_gen[40]" "carry_gen[40]" 9 92, 9 92 0, S_0x5dcb4f937e70;
 .timescale 0 0;
P_0x5dcb4f944390 .param/l "k" 0 9 92, +C4<0101000>;
L_0x77e69c225b10 .functor BUFT 1, C4<00000000000000000000000000101000>, C4<0>, C4<0>, C4<0>;
v0x5dcb4f944450_0 .net/2s *"_ivl_0", 31 0, L_0x77e69c225b10;  1 drivers
v0x5dcb4f944550_0 .net *"_ivl_3", 0 0, L_0x5dcb4fa1ba20;  1 drivers
L_0x5dcb4fa1ba20 .delay 1 (2,2,2) L_0x5dcb4fa1ba20/d;
L_0x5dcb4fa1ba20/d .ufunc/vec4 TD_tb.DUT.U_IMPL.calc_carry, 1, L_0x77e69c225b10, L_0x5dcb4fa03350, L_0x5dcb4fa06560, v0x5dcb4f96e580_0 (v0x5dcb4f9385b0_0, v0x5dcb4f9388a0_0, v0x5dcb4f9384c0_0, v0x5dcb4f938400_0) S_0x5dcb4f938120;
S_0x5dcb4f944630 .scope generate, "carry_gen[41]" "carry_gen[41]" 9 92, 9 92 0, S_0x5dcb4f937e70;
 .timescale 0 0;
P_0x5dcb4f944830 .param/l "k" 0 9 92, +C4<0101001>;
L_0x77e69c225b58 .functor BUFT 1, C4<00000000000000000000000000101001>, C4<0>, C4<0>, C4<0>;
v0x5dcb4f9448f0_0 .net/2s *"_ivl_0", 31 0, L_0x77e69c225b58;  1 drivers
v0x5dcb4f9449f0_0 .net *"_ivl_3", 0 0, L_0x5dcb4fa1bbb0;  1 drivers
L_0x5dcb4fa1bbb0 .delay 1 (2,2,2) L_0x5dcb4fa1bbb0/d;
L_0x5dcb4fa1bbb0/d .ufunc/vec4 TD_tb.DUT.U_IMPL.calc_carry, 1, L_0x77e69c225b58, L_0x5dcb4fa03350, L_0x5dcb4fa06560, v0x5dcb4f96e580_0 (v0x5dcb4f9385b0_0, v0x5dcb4f9388a0_0, v0x5dcb4f9384c0_0, v0x5dcb4f938400_0) S_0x5dcb4f938120;
S_0x5dcb4f944ad0 .scope generate, "carry_gen[42]" "carry_gen[42]" 9 92, 9 92 0, S_0x5dcb4f937e70;
 .timescale 0 0;
P_0x5dcb4f944cd0 .param/l "k" 0 9 92, +C4<0101010>;
L_0x77e69c225ba0 .functor BUFT 1, C4<00000000000000000000000000101010>, C4<0>, C4<0>, C4<0>;
v0x5dcb4f944d90_0 .net/2s *"_ivl_0", 31 0, L_0x77e69c225ba0;  1 drivers
v0x5dcb4f944e90_0 .net *"_ivl_3", 0 0, L_0x5dcb4fa1bd40;  1 drivers
L_0x5dcb4fa1bd40 .delay 1 (2,2,2) L_0x5dcb4fa1bd40/d;
L_0x5dcb4fa1bd40/d .ufunc/vec4 TD_tb.DUT.U_IMPL.calc_carry, 1, L_0x77e69c225ba0, L_0x5dcb4fa03350, L_0x5dcb4fa06560, v0x5dcb4f96e580_0 (v0x5dcb4f9385b0_0, v0x5dcb4f9388a0_0, v0x5dcb4f9384c0_0, v0x5dcb4f938400_0) S_0x5dcb4f938120;
S_0x5dcb4f944f70 .scope generate, "carry_gen[43]" "carry_gen[43]" 9 92, 9 92 0, S_0x5dcb4f937e70;
 .timescale 0 0;
P_0x5dcb4f945170 .param/l "k" 0 9 92, +C4<0101011>;
L_0x77e69c225be8 .functor BUFT 1, C4<00000000000000000000000000101011>, C4<0>, C4<0>, C4<0>;
v0x5dcb4f945230_0 .net/2s *"_ivl_0", 31 0, L_0x77e69c225be8;  1 drivers
v0x5dcb4f945330_0 .net *"_ivl_3", 0 0, L_0x5dcb4fa1bed0;  1 drivers
L_0x5dcb4fa1bed0 .delay 1 (2,2,2) L_0x5dcb4fa1bed0/d;
L_0x5dcb4fa1bed0/d .ufunc/vec4 TD_tb.DUT.U_IMPL.calc_carry, 1, L_0x77e69c225be8, L_0x5dcb4fa03350, L_0x5dcb4fa06560, v0x5dcb4f96e580_0 (v0x5dcb4f9385b0_0, v0x5dcb4f9388a0_0, v0x5dcb4f9384c0_0, v0x5dcb4f938400_0) S_0x5dcb4f938120;
S_0x5dcb4f945410 .scope generate, "carry_gen[44]" "carry_gen[44]" 9 92, 9 92 0, S_0x5dcb4f937e70;
 .timescale 0 0;
P_0x5dcb4f945610 .param/l "k" 0 9 92, +C4<0101100>;
L_0x77e69c225c30 .functor BUFT 1, C4<00000000000000000000000000101100>, C4<0>, C4<0>, C4<0>;
v0x5dcb4f9456d0_0 .net/2s *"_ivl_0", 31 0, L_0x77e69c225c30;  1 drivers
v0x5dcb4f9457d0_0 .net *"_ivl_3", 0 0, L_0x5dcb4fa1c060;  1 drivers
L_0x5dcb4fa1c060 .delay 1 (2,2,2) L_0x5dcb4fa1c060/d;
L_0x5dcb4fa1c060/d .ufunc/vec4 TD_tb.DUT.U_IMPL.calc_carry, 1, L_0x77e69c225c30, L_0x5dcb4fa03350, L_0x5dcb4fa06560, v0x5dcb4f96e580_0 (v0x5dcb4f9385b0_0, v0x5dcb4f9388a0_0, v0x5dcb4f9384c0_0, v0x5dcb4f938400_0) S_0x5dcb4f938120;
S_0x5dcb4f9458b0 .scope generate, "carry_gen[45]" "carry_gen[45]" 9 92, 9 92 0, S_0x5dcb4f937e70;
 .timescale 0 0;
P_0x5dcb4f945ab0 .param/l "k" 0 9 92, +C4<0101101>;
L_0x77e69c225c78 .functor BUFT 1, C4<00000000000000000000000000101101>, C4<0>, C4<0>, C4<0>;
v0x5dcb4f945b70_0 .net/2s *"_ivl_0", 31 0, L_0x77e69c225c78;  1 drivers
v0x5dcb4f945c70_0 .net *"_ivl_3", 0 0, L_0x5dcb4fa1c1f0;  1 drivers
L_0x5dcb4fa1c1f0 .delay 1 (2,2,2) L_0x5dcb4fa1c1f0/d;
L_0x5dcb4fa1c1f0/d .ufunc/vec4 TD_tb.DUT.U_IMPL.calc_carry, 1, L_0x77e69c225c78, L_0x5dcb4fa03350, L_0x5dcb4fa06560, v0x5dcb4f96e580_0 (v0x5dcb4f9385b0_0, v0x5dcb4f9388a0_0, v0x5dcb4f9384c0_0, v0x5dcb4f938400_0) S_0x5dcb4f938120;
S_0x5dcb4f945d50 .scope generate, "carry_gen[46]" "carry_gen[46]" 9 92, 9 92 0, S_0x5dcb4f937e70;
 .timescale 0 0;
P_0x5dcb4f945f50 .param/l "k" 0 9 92, +C4<0101110>;
L_0x77e69c225cc0 .functor BUFT 1, C4<00000000000000000000000000101110>, C4<0>, C4<0>, C4<0>;
v0x5dcb4f946010_0 .net/2s *"_ivl_0", 31 0, L_0x77e69c225cc0;  1 drivers
v0x5dcb4f946110_0 .net *"_ivl_3", 0 0, L_0x5dcb4fa1c380;  1 drivers
L_0x5dcb4fa1c380 .delay 1 (2,2,2) L_0x5dcb4fa1c380/d;
L_0x5dcb4fa1c380/d .ufunc/vec4 TD_tb.DUT.U_IMPL.calc_carry, 1, L_0x77e69c225cc0, L_0x5dcb4fa03350, L_0x5dcb4fa06560, v0x5dcb4f96e580_0 (v0x5dcb4f9385b0_0, v0x5dcb4f9388a0_0, v0x5dcb4f9384c0_0, v0x5dcb4f938400_0) S_0x5dcb4f938120;
S_0x5dcb4f9461f0 .scope generate, "carry_gen[47]" "carry_gen[47]" 9 92, 9 92 0, S_0x5dcb4f937e70;
 .timescale 0 0;
P_0x5dcb4f9463f0 .param/l "k" 0 9 92, +C4<0101111>;
L_0x77e69c225d08 .functor BUFT 1, C4<00000000000000000000000000101111>, C4<0>, C4<0>, C4<0>;
v0x5dcb4f9464b0_0 .net/2s *"_ivl_0", 31 0, L_0x77e69c225d08;  1 drivers
v0x5dcb4f9465b0_0 .net *"_ivl_3", 0 0, L_0x5dcb4fa1c510;  1 drivers
L_0x5dcb4fa1c510 .delay 1 (2,2,2) L_0x5dcb4fa1c510/d;
L_0x5dcb4fa1c510/d .ufunc/vec4 TD_tb.DUT.U_IMPL.calc_carry, 1, L_0x77e69c225d08, L_0x5dcb4fa03350, L_0x5dcb4fa06560, v0x5dcb4f96e580_0 (v0x5dcb4f9385b0_0, v0x5dcb4f9388a0_0, v0x5dcb4f9384c0_0, v0x5dcb4f938400_0) S_0x5dcb4f938120;
S_0x5dcb4f946690 .scope generate, "carry_gen[48]" "carry_gen[48]" 9 92, 9 92 0, S_0x5dcb4f937e70;
 .timescale 0 0;
P_0x5dcb4f946890 .param/l "k" 0 9 92, +C4<0110000>;
L_0x77e69c225d50 .functor BUFT 1, C4<00000000000000000000000000110000>, C4<0>, C4<0>, C4<0>;
v0x5dcb4f946950_0 .net/2s *"_ivl_0", 31 0, L_0x77e69c225d50;  1 drivers
v0x5dcb4f946a50_0 .net *"_ivl_3", 0 0, L_0x5dcb4fa1c6a0;  1 drivers
L_0x5dcb4fa1c6a0 .delay 1 (2,2,2) L_0x5dcb4fa1c6a0/d;
L_0x5dcb4fa1c6a0/d .ufunc/vec4 TD_tb.DUT.U_IMPL.calc_carry, 1, L_0x77e69c225d50, L_0x5dcb4fa03350, L_0x5dcb4fa06560, v0x5dcb4f96e580_0 (v0x5dcb4f9385b0_0, v0x5dcb4f9388a0_0, v0x5dcb4f9384c0_0, v0x5dcb4f938400_0) S_0x5dcb4f938120;
S_0x5dcb4f946b30 .scope generate, "carry_gen[49]" "carry_gen[49]" 9 92, 9 92 0, S_0x5dcb4f937e70;
 .timescale 0 0;
P_0x5dcb4f946d30 .param/l "k" 0 9 92, +C4<0110001>;
L_0x77e69c225d98 .functor BUFT 1, C4<00000000000000000000000000110001>, C4<0>, C4<0>, C4<0>;
v0x5dcb4f946df0_0 .net/2s *"_ivl_0", 31 0, L_0x77e69c225d98;  1 drivers
v0x5dcb4f946ef0_0 .net *"_ivl_3", 0 0, L_0x5dcb4fa1c830;  1 drivers
L_0x5dcb4fa1c830 .delay 1 (2,2,2) L_0x5dcb4fa1c830/d;
L_0x5dcb4fa1c830/d .ufunc/vec4 TD_tb.DUT.U_IMPL.calc_carry, 1, L_0x77e69c225d98, L_0x5dcb4fa03350, L_0x5dcb4fa06560, v0x5dcb4f96e580_0 (v0x5dcb4f9385b0_0, v0x5dcb4f9388a0_0, v0x5dcb4f9384c0_0, v0x5dcb4f938400_0) S_0x5dcb4f938120;
S_0x5dcb4f946fd0 .scope generate, "carry_gen[50]" "carry_gen[50]" 9 92, 9 92 0, S_0x5dcb4f937e70;
 .timescale 0 0;
P_0x5dcb4f9471d0 .param/l "k" 0 9 92, +C4<0110010>;
L_0x77e69c225de0 .functor BUFT 1, C4<00000000000000000000000000110010>, C4<0>, C4<0>, C4<0>;
v0x5dcb4f947290_0 .net/2s *"_ivl_0", 31 0, L_0x77e69c225de0;  1 drivers
v0x5dcb4f947390_0 .net *"_ivl_3", 0 0, L_0x5dcb4fa1c9c0;  1 drivers
L_0x5dcb4fa1c9c0 .delay 1 (2,2,2) L_0x5dcb4fa1c9c0/d;
L_0x5dcb4fa1c9c0/d .ufunc/vec4 TD_tb.DUT.U_IMPL.calc_carry, 1, L_0x77e69c225de0, L_0x5dcb4fa03350, L_0x5dcb4fa06560, v0x5dcb4f96e580_0 (v0x5dcb4f9385b0_0, v0x5dcb4f9388a0_0, v0x5dcb4f9384c0_0, v0x5dcb4f938400_0) S_0x5dcb4f938120;
S_0x5dcb4f947470 .scope generate, "carry_gen[51]" "carry_gen[51]" 9 92, 9 92 0, S_0x5dcb4f937e70;
 .timescale 0 0;
P_0x5dcb4f947670 .param/l "k" 0 9 92, +C4<0110011>;
L_0x77e69c225e28 .functor BUFT 1, C4<00000000000000000000000000110011>, C4<0>, C4<0>, C4<0>;
v0x5dcb4f947730_0 .net/2s *"_ivl_0", 31 0, L_0x77e69c225e28;  1 drivers
v0x5dcb4f947830_0 .net *"_ivl_3", 0 0, L_0x5dcb4fa1cb50;  1 drivers
L_0x5dcb4fa1cb50 .delay 1 (2,2,2) L_0x5dcb4fa1cb50/d;
L_0x5dcb4fa1cb50/d .ufunc/vec4 TD_tb.DUT.U_IMPL.calc_carry, 1, L_0x77e69c225e28, L_0x5dcb4fa03350, L_0x5dcb4fa06560, v0x5dcb4f96e580_0 (v0x5dcb4f9385b0_0, v0x5dcb4f9388a0_0, v0x5dcb4f9384c0_0, v0x5dcb4f938400_0) S_0x5dcb4f938120;
S_0x5dcb4f947910 .scope generate, "carry_gen[52]" "carry_gen[52]" 9 92, 9 92 0, S_0x5dcb4f937e70;
 .timescale 0 0;
P_0x5dcb4f947b10 .param/l "k" 0 9 92, +C4<0110100>;
L_0x77e69c225e70 .functor BUFT 1, C4<00000000000000000000000000110100>, C4<0>, C4<0>, C4<0>;
v0x5dcb4f947bd0_0 .net/2s *"_ivl_0", 31 0, L_0x77e69c225e70;  1 drivers
v0x5dcb4f947cd0_0 .net *"_ivl_3", 0 0, L_0x5dcb4fa1cce0;  1 drivers
L_0x5dcb4fa1cce0 .delay 1 (2,2,2) L_0x5dcb4fa1cce0/d;
L_0x5dcb4fa1cce0/d .ufunc/vec4 TD_tb.DUT.U_IMPL.calc_carry, 1, L_0x77e69c225e70, L_0x5dcb4fa03350, L_0x5dcb4fa06560, v0x5dcb4f96e580_0 (v0x5dcb4f9385b0_0, v0x5dcb4f9388a0_0, v0x5dcb4f9384c0_0, v0x5dcb4f938400_0) S_0x5dcb4f938120;
S_0x5dcb4f947db0 .scope generate, "carry_gen[53]" "carry_gen[53]" 9 92, 9 92 0, S_0x5dcb4f937e70;
 .timescale 0 0;
P_0x5dcb4f947fb0 .param/l "k" 0 9 92, +C4<0110101>;
L_0x77e69c225eb8 .functor BUFT 1, C4<00000000000000000000000000110101>, C4<0>, C4<0>, C4<0>;
v0x5dcb4f948070_0 .net/2s *"_ivl_0", 31 0, L_0x77e69c225eb8;  1 drivers
v0x5dcb4f948170_0 .net *"_ivl_3", 0 0, L_0x5dcb4fa1ce70;  1 drivers
L_0x5dcb4fa1ce70 .delay 1 (2,2,2) L_0x5dcb4fa1ce70/d;
L_0x5dcb4fa1ce70/d .ufunc/vec4 TD_tb.DUT.U_IMPL.calc_carry, 1, L_0x77e69c225eb8, L_0x5dcb4fa03350, L_0x5dcb4fa06560, v0x5dcb4f96e580_0 (v0x5dcb4f9385b0_0, v0x5dcb4f9388a0_0, v0x5dcb4f9384c0_0, v0x5dcb4f938400_0) S_0x5dcb4f938120;
S_0x5dcb4f948250 .scope generate, "carry_gen[54]" "carry_gen[54]" 9 92, 9 92 0, S_0x5dcb4f937e70;
 .timescale 0 0;
P_0x5dcb4f948450 .param/l "k" 0 9 92, +C4<0110110>;
L_0x77e69c225f00 .functor BUFT 1, C4<00000000000000000000000000110110>, C4<0>, C4<0>, C4<0>;
v0x5dcb4f948510_0 .net/2s *"_ivl_0", 31 0, L_0x77e69c225f00;  1 drivers
v0x5dcb4f948610_0 .net *"_ivl_3", 0 0, L_0x5dcb4fa1d000;  1 drivers
L_0x5dcb4fa1d000 .delay 1 (2,2,2) L_0x5dcb4fa1d000/d;
L_0x5dcb4fa1d000/d .ufunc/vec4 TD_tb.DUT.U_IMPL.calc_carry, 1, L_0x77e69c225f00, L_0x5dcb4fa03350, L_0x5dcb4fa06560, v0x5dcb4f96e580_0 (v0x5dcb4f9385b0_0, v0x5dcb4f9388a0_0, v0x5dcb4f9384c0_0, v0x5dcb4f938400_0) S_0x5dcb4f938120;
S_0x5dcb4f9486f0 .scope generate, "carry_gen[55]" "carry_gen[55]" 9 92, 9 92 0, S_0x5dcb4f937e70;
 .timescale 0 0;
P_0x5dcb4f9488f0 .param/l "k" 0 9 92, +C4<0110111>;
L_0x77e69c225f48 .functor BUFT 1, C4<00000000000000000000000000110111>, C4<0>, C4<0>, C4<0>;
v0x5dcb4f9489b0_0 .net/2s *"_ivl_0", 31 0, L_0x77e69c225f48;  1 drivers
v0x5dcb4f948ab0_0 .net *"_ivl_3", 0 0, L_0x5dcb4fa1d190;  1 drivers
L_0x5dcb4fa1d190 .delay 1 (2,2,2) L_0x5dcb4fa1d190/d;
L_0x5dcb4fa1d190/d .ufunc/vec4 TD_tb.DUT.U_IMPL.calc_carry, 1, L_0x77e69c225f48, L_0x5dcb4fa03350, L_0x5dcb4fa06560, v0x5dcb4f96e580_0 (v0x5dcb4f9385b0_0, v0x5dcb4f9388a0_0, v0x5dcb4f9384c0_0, v0x5dcb4f938400_0) S_0x5dcb4f938120;
S_0x5dcb4f948b90 .scope generate, "carry_gen[56]" "carry_gen[56]" 9 92, 9 92 0, S_0x5dcb4f937e70;
 .timescale 0 0;
P_0x5dcb4f948d90 .param/l "k" 0 9 92, +C4<0111000>;
L_0x77e69c225f90 .functor BUFT 1, C4<00000000000000000000000000111000>, C4<0>, C4<0>, C4<0>;
v0x5dcb4f948e50_0 .net/2s *"_ivl_0", 31 0, L_0x77e69c225f90;  1 drivers
v0x5dcb4f948f50_0 .net *"_ivl_3", 0 0, L_0x5dcb4fa1d320;  1 drivers
L_0x5dcb4fa1d320 .delay 1 (2,2,2) L_0x5dcb4fa1d320/d;
L_0x5dcb4fa1d320/d .ufunc/vec4 TD_tb.DUT.U_IMPL.calc_carry, 1, L_0x77e69c225f90, L_0x5dcb4fa03350, L_0x5dcb4fa06560, v0x5dcb4f96e580_0 (v0x5dcb4f9385b0_0, v0x5dcb4f9388a0_0, v0x5dcb4f9384c0_0, v0x5dcb4f938400_0) S_0x5dcb4f938120;
S_0x5dcb4f949030 .scope generate, "carry_gen[57]" "carry_gen[57]" 9 92, 9 92 0, S_0x5dcb4f937e70;
 .timescale 0 0;
P_0x5dcb4f949230 .param/l "k" 0 9 92, +C4<0111001>;
L_0x77e69c225fd8 .functor BUFT 1, C4<00000000000000000000000000111001>, C4<0>, C4<0>, C4<0>;
v0x5dcb4f9492f0_0 .net/2s *"_ivl_0", 31 0, L_0x77e69c225fd8;  1 drivers
v0x5dcb4f9493f0_0 .net *"_ivl_3", 0 0, L_0x5dcb4fa1d4b0;  1 drivers
L_0x5dcb4fa1d4b0 .delay 1 (2,2,2) L_0x5dcb4fa1d4b0/d;
L_0x5dcb4fa1d4b0/d .ufunc/vec4 TD_tb.DUT.U_IMPL.calc_carry, 1, L_0x77e69c225fd8, L_0x5dcb4fa03350, L_0x5dcb4fa06560, v0x5dcb4f96e580_0 (v0x5dcb4f9385b0_0, v0x5dcb4f9388a0_0, v0x5dcb4f9384c0_0, v0x5dcb4f938400_0) S_0x5dcb4f938120;
S_0x5dcb4f9494d0 .scope generate, "carry_gen[58]" "carry_gen[58]" 9 92, 9 92 0, S_0x5dcb4f937e70;
 .timescale 0 0;
P_0x5dcb4f9496d0 .param/l "k" 0 9 92, +C4<0111010>;
L_0x77e69c226020 .functor BUFT 1, C4<00000000000000000000000000111010>, C4<0>, C4<0>, C4<0>;
v0x5dcb4f949790_0 .net/2s *"_ivl_0", 31 0, L_0x77e69c226020;  1 drivers
v0x5dcb4f949890_0 .net *"_ivl_3", 0 0, L_0x5dcb4fa1d640;  1 drivers
L_0x5dcb4fa1d640 .delay 1 (2,2,2) L_0x5dcb4fa1d640/d;
L_0x5dcb4fa1d640/d .ufunc/vec4 TD_tb.DUT.U_IMPL.calc_carry, 1, L_0x77e69c226020, L_0x5dcb4fa03350, L_0x5dcb4fa06560, v0x5dcb4f96e580_0 (v0x5dcb4f9385b0_0, v0x5dcb4f9388a0_0, v0x5dcb4f9384c0_0, v0x5dcb4f938400_0) S_0x5dcb4f938120;
S_0x5dcb4f949970 .scope generate, "carry_gen[59]" "carry_gen[59]" 9 92, 9 92 0, S_0x5dcb4f937e70;
 .timescale 0 0;
P_0x5dcb4f949b70 .param/l "k" 0 9 92, +C4<0111011>;
L_0x77e69c226068 .functor BUFT 1, C4<00000000000000000000000000111011>, C4<0>, C4<0>, C4<0>;
v0x5dcb4f949c30_0 .net/2s *"_ivl_0", 31 0, L_0x77e69c226068;  1 drivers
v0x5dcb4f949d30_0 .net *"_ivl_3", 0 0, L_0x5dcb4fa1d7d0;  1 drivers
L_0x5dcb4fa1d7d0 .delay 1 (2,2,2) L_0x5dcb4fa1d7d0/d;
L_0x5dcb4fa1d7d0/d .ufunc/vec4 TD_tb.DUT.U_IMPL.calc_carry, 1, L_0x77e69c226068, L_0x5dcb4fa03350, L_0x5dcb4fa06560, v0x5dcb4f96e580_0 (v0x5dcb4f9385b0_0, v0x5dcb4f9388a0_0, v0x5dcb4f9384c0_0, v0x5dcb4f938400_0) S_0x5dcb4f938120;
S_0x5dcb4f949e10 .scope generate, "carry_gen[60]" "carry_gen[60]" 9 92, 9 92 0, S_0x5dcb4f937e70;
 .timescale 0 0;
P_0x5dcb4f94a010 .param/l "k" 0 9 92, +C4<0111100>;
L_0x77e69c2260b0 .functor BUFT 1, C4<00000000000000000000000000111100>, C4<0>, C4<0>, C4<0>;
v0x5dcb4f94a0d0_0 .net/2s *"_ivl_0", 31 0, L_0x77e69c2260b0;  1 drivers
v0x5dcb4f94a1d0_0 .net *"_ivl_3", 0 0, L_0x5dcb4fa1d960;  1 drivers
L_0x5dcb4fa1d960 .delay 1 (2,2,2) L_0x5dcb4fa1d960/d;
L_0x5dcb4fa1d960/d .ufunc/vec4 TD_tb.DUT.U_IMPL.calc_carry, 1, L_0x77e69c2260b0, L_0x5dcb4fa03350, L_0x5dcb4fa06560, v0x5dcb4f96e580_0 (v0x5dcb4f9385b0_0, v0x5dcb4f9388a0_0, v0x5dcb4f9384c0_0, v0x5dcb4f938400_0) S_0x5dcb4f938120;
S_0x5dcb4f94a2b0 .scope generate, "carry_gen[61]" "carry_gen[61]" 9 92, 9 92 0, S_0x5dcb4f937e70;
 .timescale 0 0;
P_0x5dcb4f94a4b0 .param/l "k" 0 9 92, +C4<0111101>;
L_0x77e69c2260f8 .functor BUFT 1, C4<00000000000000000000000000111101>, C4<0>, C4<0>, C4<0>;
v0x5dcb4f94a570_0 .net/2s *"_ivl_0", 31 0, L_0x77e69c2260f8;  1 drivers
v0x5dcb4f94a670_0 .net *"_ivl_3", 0 0, L_0x5dcb4fa1daf0;  1 drivers
L_0x5dcb4fa1daf0 .delay 1 (2,2,2) L_0x5dcb4fa1daf0/d;
L_0x5dcb4fa1daf0/d .ufunc/vec4 TD_tb.DUT.U_IMPL.calc_carry, 1, L_0x77e69c2260f8, L_0x5dcb4fa03350, L_0x5dcb4fa06560, v0x5dcb4f96e580_0 (v0x5dcb4f9385b0_0, v0x5dcb4f9388a0_0, v0x5dcb4f9384c0_0, v0x5dcb4f938400_0) S_0x5dcb4f938120;
S_0x5dcb4f94a750 .scope generate, "carry_gen[62]" "carry_gen[62]" 9 92, 9 92 0, S_0x5dcb4f937e70;
 .timescale 0 0;
P_0x5dcb4f94a950 .param/l "k" 0 9 92, +C4<0111110>;
L_0x77e69c226140 .functor BUFT 1, C4<00000000000000000000000000111110>, C4<0>, C4<0>, C4<0>;
v0x5dcb4f94aa10_0 .net/2s *"_ivl_0", 31 0, L_0x77e69c226140;  1 drivers
v0x5dcb4f94ab10_0 .net *"_ivl_3", 0 0, L_0x5dcb4fa1dcb0;  1 drivers
L_0x5dcb4fa1dcb0 .delay 1 (2,2,2) L_0x5dcb4fa1dcb0/d;
L_0x5dcb4fa1dcb0/d .ufunc/vec4 TD_tb.DUT.U_IMPL.calc_carry, 1, L_0x77e69c226140, L_0x5dcb4fa03350, L_0x5dcb4fa06560, v0x5dcb4f96e580_0 (v0x5dcb4f9385b0_0, v0x5dcb4f9388a0_0, v0x5dcb4f9384c0_0, v0x5dcb4f938400_0) S_0x5dcb4f938120;
S_0x5dcb4f94abf0 .scope generate, "carry_gen[63]" "carry_gen[63]" 9 92, 9 92 0, S_0x5dcb4f937e70;
 .timescale 0 0;
P_0x5dcb4f94adf0 .param/l "k" 0 9 92, +C4<0111111>;
L_0x77e69c226188 .functor BUFT 1, C4<00000000000000000000000000111111>, C4<0>, C4<0>, C4<0>;
v0x5dcb4f94aeb0_0 .net/2s *"_ivl_0", 31 0, L_0x77e69c226188;  1 drivers
v0x5dcb4f94afb0_0 .net *"_ivl_3", 0 0, L_0x5dcb4fa1e6b0;  1 drivers
L_0x5dcb4fa1e6b0 .delay 1 (2,2,2) L_0x5dcb4fa1e6b0/d;
L_0x5dcb4fa1e6b0/d .ufunc/vec4 TD_tb.DUT.U_IMPL.calc_carry, 1, L_0x77e69c226188, L_0x5dcb4fa03350, L_0x5dcb4fa06560, v0x5dcb4f96e580_0 (v0x5dcb4f9385b0_0, v0x5dcb4f9388a0_0, v0x5dcb4f9384c0_0, v0x5dcb4f938400_0) S_0x5dcb4f938120;
S_0x5dcb4f94b090 .scope generate, "carry_gen[64]" "carry_gen[64]" 9 92, 9 92 0, S_0x5dcb4f937e70;
 .timescale 0 0;
P_0x5dcb4f94b6a0 .param/l "k" 0 9 92, +C4<01000000>;
L_0x77e69c2261d0 .functor BUFT 1, C4<00000000000000000000000001000000>, C4<0>, C4<0>, C4<0>;
v0x5dcb4f94b760_0 .net/2s *"_ivl_0", 31 0, L_0x77e69c2261d0;  1 drivers
v0x5dcb4f94b860_0 .net *"_ivl_3", 0 0, L_0x5dcb4fa20d10;  1 drivers
L_0x5dcb4fa20d10 .delay 1 (2,2,2) L_0x5dcb4fa20d10/d;
L_0x5dcb4fa20d10/d .ufunc/vec4 TD_tb.DUT.U_IMPL.calc_carry, 1, L_0x77e69c2261d0, L_0x5dcb4fa03350, L_0x5dcb4fa06560, v0x5dcb4f96e580_0 (v0x5dcb4f9385b0_0, v0x5dcb4f9388a0_0, v0x5dcb4f9384c0_0, v0x5dcb4f938400_0) S_0x5dcb4f938120;
S_0x5dcb4f94b940 .scope generate, "gen_pg[0]" "gen_pg[0]" 9 29, 9 29 0, S_0x5dcb4f937e70;
 .timescale 0 0;
P_0x5dcb4f94bb40 .param/l "i" 0 9 29, +C4<00>;
L_0x5dcb4f9e0980/d .functor XOR 1, L_0x5dcb4f9e0a90, L_0x5dcb4f9e0b80, C4<0>, C4<0>;
L_0x5dcb4f9e0980 .delay 1 (2,2,2) L_0x5dcb4f9e0980/d;
L_0x5dcb4f9e0c70/d .functor AND 1, L_0x5dcb4f9e0d80, L_0x5dcb4f9e33b0, C4<1>, C4<1>;
L_0x5dcb4f9e0c70 .delay 1 (2,2,2) L_0x5dcb4f9e0c70/d;
v0x5dcb4f94bc20_0 .net *"_ivl_1", 0 0, L_0x5dcb4f9e0a90;  1 drivers
v0x5dcb4f94bd00_0 .net *"_ivl_2", 0 0, L_0x5dcb4f9e0b80;  1 drivers
v0x5dcb4f94bde0_0 .net *"_ivl_4", 0 0, L_0x5dcb4f9e0d80;  1 drivers
v0x5dcb4f94bea0_0 .net *"_ivl_5", 0 0, L_0x5dcb4f9e33b0;  1 drivers
S_0x5dcb4f94bf80 .scope generate, "gen_pg[1]" "gen_pg[1]" 9 29, 9 29 0, S_0x5dcb4f937e70;
 .timescale 0 0;
P_0x5dcb4f94c180 .param/l "i" 0 9 29, +C4<01>;
L_0x5dcb4f9e0e70/d .functor XOR 1, L_0x5dcb4f9e3450, L_0x5dcb4f9e34f0, C4<0>, C4<0>;
L_0x5dcb4f9e0e70 .delay 1 (2,2,2) L_0x5dcb4f9e0e70/d;
L_0x5dcb4f9bea50/d .functor AND 1, L_0x5dcb4f9e3590, L_0x5dcb4f9e3630, C4<1>, C4<1>;
L_0x5dcb4f9bea50 .delay 1 (2,2,2) L_0x5dcb4f9bea50/d;
v0x5dcb4f94c260_0 .net *"_ivl_1", 0 0, L_0x5dcb4f9e3450;  1 drivers
v0x5dcb4f94c340_0 .net *"_ivl_2", 0 0, L_0x5dcb4f9e34f0;  1 drivers
v0x5dcb4f94c420_0 .net *"_ivl_4", 0 0, L_0x5dcb4f9e3590;  1 drivers
v0x5dcb4f94c510_0 .net *"_ivl_5", 0 0, L_0x5dcb4f9e3630;  1 drivers
S_0x5dcb4f94c5f0 .scope generate, "gen_pg[2]" "gen_pg[2]" 9 29, 9 29 0, S_0x5dcb4f937e70;
 .timescale 0 0;
P_0x5dcb4f94c7f0 .param/l "i" 0 9 29, +C4<010>;
L_0x5dcb4f9e36d0/d .functor XOR 1, L_0x5dcb4f9e3740, L_0x5dcb4f9e37e0, C4<0>, C4<0>;
L_0x5dcb4f9e36d0 .delay 1 (2,2,2) L_0x5dcb4f9e36d0/d;
L_0x5dcb4f9e3880/d .functor AND 1, L_0x5dcb4f9e38f0, L_0x5dcb4f9e3990, C4<1>, C4<1>;
L_0x5dcb4f9e3880 .delay 1 (2,2,2) L_0x5dcb4f9e3880/d;
v0x5dcb4f94c8d0_0 .net *"_ivl_1", 0 0, L_0x5dcb4f9e3740;  1 drivers
v0x5dcb4f94c9b0_0 .net *"_ivl_2", 0 0, L_0x5dcb4f9e37e0;  1 drivers
v0x5dcb4f94ca90_0 .net *"_ivl_4", 0 0, L_0x5dcb4f9e38f0;  1 drivers
v0x5dcb4f94cb80_0 .net *"_ivl_5", 0 0, L_0x5dcb4f9e3990;  1 drivers
S_0x5dcb4f94cc60 .scope generate, "gen_pg[3]" "gen_pg[3]" 9 29, 9 29 0, S_0x5dcb4f937e70;
 .timescale 0 0;
P_0x5dcb4f94ce60 .param/l "i" 0 9 29, +C4<011>;
L_0x5dcb4f9e3aa0/d .functor XOR 1, L_0x5dcb4f9e3b10, L_0x5dcb4f9e3bb0, C4<0>, C4<0>;
L_0x5dcb4f9e3aa0 .delay 1 (2,2,2) L_0x5dcb4f9e3aa0/d;
L_0x5dcb4f9e3a30/d .functor AND 1, L_0x5dcb4f9e3cd0, L_0x5dcb4f9e3d70, C4<1>, C4<1>;
L_0x5dcb4f9e3a30 .delay 1 (2,2,2) L_0x5dcb4f9e3a30/d;
v0x5dcb4f94cf40_0 .net *"_ivl_1", 0 0, L_0x5dcb4f9e3b10;  1 drivers
v0x5dcb4f94d020_0 .net *"_ivl_2", 0 0, L_0x5dcb4f9e3bb0;  1 drivers
v0x5dcb4f94d100_0 .net *"_ivl_4", 0 0, L_0x5dcb4f9e3cd0;  1 drivers
v0x5dcb4f94d1f0_0 .net *"_ivl_5", 0 0, L_0x5dcb4f9e3d70;  1 drivers
S_0x5dcb4f94d2d0 .scope generate, "gen_pg[4]" "gen_pg[4]" 9 29, 9 29 0, S_0x5dcb4f937e70;
 .timescale 0 0;
P_0x5dcb4f94d4d0 .param/l "i" 0 9 29, +C4<0100>;
L_0x5dcb4f9e3ea0/d .functor XOR 1, L_0x5dcb4f9e3f10, L_0x5dcb4f9e3fb0, C4<0>, C4<0>;
L_0x5dcb4f9e3ea0 .delay 1 (2,2,2) L_0x5dcb4f9e3ea0/d;
L_0x5dcb4f9e40f0/d .functor AND 1, L_0x5dcb4f9e4160, L_0x5dcb4f9e4200, C4<1>, C4<1>;
L_0x5dcb4f9e40f0 .delay 1 (2,2,2) L_0x5dcb4f9e40f0/d;
v0x5dcb4f94d5b0_0 .net *"_ivl_1", 0 0, L_0x5dcb4f9e3f10;  1 drivers
v0x5dcb4f94d690_0 .net *"_ivl_2", 0 0, L_0x5dcb4f9e3fb0;  1 drivers
v0x5dcb4f94d770_0 .net *"_ivl_4", 0 0, L_0x5dcb4f9e4160;  1 drivers
v0x5dcb4f94d860_0 .net *"_ivl_5", 0 0, L_0x5dcb4f9e4200;  1 drivers
S_0x5dcb4f94d940 .scope generate, "gen_pg[5]" "gen_pg[5]" 9 29, 9 29 0, S_0x5dcb4f937e70;
 .timescale 0 0;
P_0x5dcb4f94db40 .param/l "i" 0 9 29, +C4<0101>;
L_0x5dcb4f9e4350/d .functor XOR 1, L_0x5dcb4f9e4050, L_0x5dcb4f9e43c0, C4<0>, C4<0>;
L_0x5dcb4f9e4350 .delay 1 (2,2,2) L_0x5dcb4f9e4350/d;
L_0x5dcb4f9e42a0/d .functor AND 1, L_0x5dcb4f9e4520, L_0x5dcb4f9e45c0, C4<1>, C4<1>;
L_0x5dcb4f9e42a0 .delay 1 (2,2,2) L_0x5dcb4f9e42a0/d;
v0x5dcb4f94dc20_0 .net *"_ivl_1", 0 0, L_0x5dcb4f9e4050;  1 drivers
v0x5dcb4f94dd00_0 .net *"_ivl_2", 0 0, L_0x5dcb4f9e43c0;  1 drivers
v0x5dcb4f94dde0_0 .net *"_ivl_4", 0 0, L_0x5dcb4f9e4520;  1 drivers
v0x5dcb4f94ded0_0 .net *"_ivl_5", 0 0, L_0x5dcb4f9e45c0;  1 drivers
S_0x5dcb4f94dfb0 .scope generate, "gen_pg[6]" "gen_pg[6]" 9 29, 9 29 0, S_0x5dcb4f937e70;
 .timescale 0 0;
P_0x5dcb4f94e1b0 .param/l "i" 0 9 29, +C4<0110>;
L_0x5dcb4f9e4460/d .functor XOR 1, L_0x5dcb4f9e4730, L_0x5dcb4f9e47d0, C4<0>, C4<0>;
L_0x5dcb4f9e4460 .delay 1 (2,2,2) L_0x5dcb4f9e4460/d;
L_0x5dcb4f9e4660/d .functor AND 1, L_0x5dcb4f9e49a0, L_0x5dcb4f9e4a90, C4<1>, C4<1>;
L_0x5dcb4f9e4660 .delay 1 (2,2,2) L_0x5dcb4f9e4660/d;
v0x5dcb4f94e290_0 .net *"_ivl_1", 0 0, L_0x5dcb4f9e4730;  1 drivers
v0x5dcb4f94e370_0 .net *"_ivl_2", 0 0, L_0x5dcb4f9e47d0;  1 drivers
v0x5dcb4f94e450_0 .net *"_ivl_4", 0 0, L_0x5dcb4f9e49a0;  1 drivers
v0x5dcb4f94e540_0 .net *"_ivl_5", 0 0, L_0x5dcb4f9e4a90;  1 drivers
S_0x5dcb4f94e620 .scope generate, "gen_pg[7]" "gen_pg[7]" 9 29, 9 29 0, S_0x5dcb4f937e70;
 .timescale 0 0;
P_0x5dcb4f94e820 .param/l "i" 0 9 29, +C4<0111>;
L_0x5dcb4f9e4c70/d .functor XOR 1, L_0x5dcb4f9e4d80, L_0x5dcb4f9e4e70, C4<0>, C4<0>;
L_0x5dcb4f9e4c70 .delay 1 (2,2,2) L_0x5dcb4f9e4c70/d;
L_0x5dcb4f9e5060/d .functor AND 1, L_0x5dcb4f9e5170, L_0x5dcb4f9e5260, C4<1>, C4<1>;
L_0x5dcb4f9e5060 .delay 1 (2,2,2) L_0x5dcb4f9e5060/d;
v0x5dcb4f94e900_0 .net *"_ivl_1", 0 0, L_0x5dcb4f9e4d80;  1 drivers
v0x5dcb4f94e9e0_0 .net *"_ivl_2", 0 0, L_0x5dcb4f9e4e70;  1 drivers
v0x5dcb4f94eac0_0 .net *"_ivl_4", 0 0, L_0x5dcb4f9e5170;  1 drivers
v0x5dcb4f94ebb0_0 .net *"_ivl_5", 0 0, L_0x5dcb4f9e5260;  1 drivers
S_0x5dcb4f94ec90 .scope generate, "gen_pg[8]" "gen_pg[8]" 9 29, 9 29 0, S_0x5dcb4f937e70;
 .timescale 0 0;
P_0x5dcb4f94ee90 .param/l "i" 0 9 29, +C4<01000>;
L_0x5dcb4f9e5460/d .functor XOR 1, L_0x5dcb4f9e5570, L_0x5dcb4f9e5660, C4<0>, C4<0>;
L_0x5dcb4f9e5460 .delay 1 (2,2,2) L_0x5dcb4f9e5460/d;
L_0x5dcb4f9e5870/d .functor AND 1, L_0x5dcb4f9e5980, L_0x5dcb4f9e5a70, C4<1>, C4<1>;
L_0x5dcb4f9e5870 .delay 1 (2,2,2) L_0x5dcb4f9e5870/d;
v0x5dcb4f94ef70_0 .net *"_ivl_1", 0 0, L_0x5dcb4f9e5570;  1 drivers
v0x5dcb4f94f050_0 .net *"_ivl_2", 0 0, L_0x5dcb4f9e5660;  1 drivers
v0x5dcb4f94f130_0 .net *"_ivl_4", 0 0, L_0x5dcb4f9e5980;  1 drivers
v0x5dcb4f94f220_0 .net *"_ivl_5", 0 0, L_0x5dcb4f9e5a70;  1 drivers
S_0x5dcb4f94f300 .scope generate, "gen_pg[9]" "gen_pg[9]" 9 29, 9 29 0, S_0x5dcb4f937e70;
 .timescale 0 0;
P_0x5dcb4f94f500 .param/l "i" 0 9 29, +C4<01001>;
L_0x5dcb4f9e5750/d .functor XOR 1, L_0x5dcb4f9e5c90, L_0x5dcb4f9e5d80, C4<0>, C4<0>;
L_0x5dcb4f9e5750 .delay 1 (2,2,2) L_0x5dcb4f9e5750/d;
L_0x5dcb4f9e5fb0/d .functor AND 1, L_0x5dcb4f9e60c0, L_0x5dcb4f9e61b0, C4<1>, C4<1>;
L_0x5dcb4f9e5fb0 .delay 1 (2,2,2) L_0x5dcb4f9e5fb0/d;
v0x5dcb4f94f5e0_0 .net *"_ivl_1", 0 0, L_0x5dcb4f9e5c90;  1 drivers
v0x5dcb4f94f6c0_0 .net *"_ivl_2", 0 0, L_0x5dcb4f9e5d80;  1 drivers
v0x5dcb4f94f7a0_0 .net *"_ivl_4", 0 0, L_0x5dcb4f9e60c0;  1 drivers
v0x5dcb4f94f890_0 .net *"_ivl_5", 0 0, L_0x5dcb4f9e61b0;  1 drivers
S_0x5dcb4f94f970 .scope generate, "gen_pg[10]" "gen_pg[10]" 9 29, 9 29 0, S_0x5dcb4f937e70;
 .timescale 0 0;
P_0x5dcb4f94fb70 .param/l "i" 0 9 29, +C4<01010>;
L_0x5dcb4f9e63f0/d .functor XOR 1, L_0x5dcb4f9e6500, L_0x5dcb4f9e65f0, C4<0>, C4<0>;
L_0x5dcb4f9e63f0 .delay 1 (2,2,2) L_0x5dcb4f9e63f0/d;
L_0x5dcb4f9e6840/d .functor AND 1, L_0x5dcb4f9e6950, L_0x5dcb4f9e6a40, C4<1>, C4<1>;
L_0x5dcb4f9e6840 .delay 1 (2,2,2) L_0x5dcb4f9e6840/d;
v0x5dcb4f94fc50_0 .net *"_ivl_1", 0 0, L_0x5dcb4f9e6500;  1 drivers
v0x5dcb4f94fd30_0 .net *"_ivl_2", 0 0, L_0x5dcb4f9e65f0;  1 drivers
v0x5dcb4f94fe10_0 .net *"_ivl_4", 0 0, L_0x5dcb4f9e6950;  1 drivers
v0x5dcb4f94ff00_0 .net *"_ivl_5", 0 0, L_0x5dcb4f9e6a40;  1 drivers
S_0x5dcb4f94ffe0 .scope generate, "gen_pg[11]" "gen_pg[11]" 9 29, 9 29 0, S_0x5dcb4f937e70;
 .timescale 0 0;
P_0x5dcb4f9501e0 .param/l "i" 0 9 29, +C4<01011>;
L_0x5dcb4f9e6ca0/d .functor XOR 1, L_0x5dcb4f9e6db0, L_0x5dcb4f9e6ea0, C4<0>, C4<0>;
L_0x5dcb4f9e6ca0 .delay 1 (2,2,2) L_0x5dcb4f9e6ca0/d;
L_0x5dcb4f9e7110/d .functor AND 1, L_0x5dcb4f9e7220, L_0x5dcb4f9e7310, C4<1>, C4<1>;
L_0x5dcb4f9e7110 .delay 1 (2,2,2) L_0x5dcb4f9e7110/d;
v0x5dcb4f9502c0_0 .net *"_ivl_1", 0 0, L_0x5dcb4f9e6db0;  1 drivers
v0x5dcb4f9503a0_0 .net *"_ivl_2", 0 0, L_0x5dcb4f9e6ea0;  1 drivers
v0x5dcb4f950480_0 .net *"_ivl_4", 0 0, L_0x5dcb4f9e7220;  1 drivers
v0x5dcb4f950570_0 .net *"_ivl_5", 0 0, L_0x5dcb4f9e7310;  1 drivers
S_0x5dcb4f950650 .scope generate, "gen_pg[12]" "gen_pg[12]" 9 29, 9 29 0, S_0x5dcb4f937e70;
 .timescale 0 0;
P_0x5dcb4f950850 .param/l "i" 0 9 29, +C4<01100>;
L_0x5dcb4f9e7590/d .functor XOR 1, L_0x5dcb4f9e76a0, L_0x5dcb4f9e7790, C4<0>, C4<0>;
L_0x5dcb4f9e7590 .delay 1 (2,2,2) L_0x5dcb4f9e7590/d;
L_0x5dcb4f9e7a20/d .functor AND 1, L_0x5dcb4f9e7b30, L_0x5dcb4f9e7c20, C4<1>, C4<1>;
L_0x5dcb4f9e7a20 .delay 1 (2,2,2) L_0x5dcb4f9e7a20/d;
v0x5dcb4f950930_0 .net *"_ivl_1", 0 0, L_0x5dcb4f9e76a0;  1 drivers
v0x5dcb4f950a10_0 .net *"_ivl_2", 0 0, L_0x5dcb4f9e7790;  1 drivers
v0x5dcb4f950af0_0 .net *"_ivl_4", 0 0, L_0x5dcb4f9e7b30;  1 drivers
v0x5dcb4f950be0_0 .net *"_ivl_5", 0 0, L_0x5dcb4f9e7c20;  1 drivers
S_0x5dcb4f950cc0 .scope generate, "gen_pg[13]" "gen_pg[13]" 9 29, 9 29 0, S_0x5dcb4f937e70;
 .timescale 0 0;
P_0x5dcb4f950ec0 .param/l "i" 0 9 29, +C4<01101>;
L_0x5dcb4f9e7ec0/d .functor XOR 1, L_0x5dcb4f9e7fd0, L_0x5dcb4f9e80c0, C4<0>, C4<0>;
L_0x5dcb4f9e7ec0 .delay 1 (2,2,2) L_0x5dcb4f9e7ec0/d;
L_0x5dcb4f9e8370/d .functor AND 1, L_0x5dcb4f9e8480, L_0x5dcb4f9e8570, C4<1>, C4<1>;
L_0x5dcb4f9e8370 .delay 1 (2,2,2) L_0x5dcb4f9e8370/d;
v0x5dcb4f950fa0_0 .net *"_ivl_1", 0 0, L_0x5dcb4f9e7fd0;  1 drivers
v0x5dcb4f951080_0 .net *"_ivl_2", 0 0, L_0x5dcb4f9e80c0;  1 drivers
v0x5dcb4f951160_0 .net *"_ivl_4", 0 0, L_0x5dcb4f9e8480;  1 drivers
v0x5dcb4f951250_0 .net *"_ivl_5", 0 0, L_0x5dcb4f9e8570;  1 drivers
S_0x5dcb4f951330 .scope generate, "gen_pg[14]" "gen_pg[14]" 9 29, 9 29 0, S_0x5dcb4f937e70;
 .timescale 0 0;
P_0x5dcb4f951530 .param/l "i" 0 9 29, +C4<01110>;
L_0x5dcb4f9e8830/d .functor XOR 1, L_0x5dcb4f9e8940, L_0x5dcb4f9e8a30, C4<0>, C4<0>;
L_0x5dcb4f9e8830 .delay 1 (2,2,2) L_0x5dcb4f9e8830/d;
L_0x5dcb4f9e8d00/d .functor AND 1, L_0x5dcb4f9e8e10, L_0x5dcb4f9e8f00, C4<1>, C4<1>;
L_0x5dcb4f9e8d00 .delay 1 (2,2,2) L_0x5dcb4f9e8d00/d;
v0x5dcb4f951610_0 .net *"_ivl_1", 0 0, L_0x5dcb4f9e8940;  1 drivers
v0x5dcb4f9516f0_0 .net *"_ivl_2", 0 0, L_0x5dcb4f9e8a30;  1 drivers
v0x5dcb4f9517d0_0 .net *"_ivl_4", 0 0, L_0x5dcb4f9e8e10;  1 drivers
v0x5dcb4f9518c0_0 .net *"_ivl_5", 0 0, L_0x5dcb4f9e8f00;  1 drivers
S_0x5dcb4f9519a0 .scope generate, "gen_pg[15]" "gen_pg[15]" 9 29, 9 29 0, S_0x5dcb4f937e70;
 .timescale 0 0;
P_0x5dcb4f951ba0 .param/l "i" 0 9 29, +C4<01111>;
L_0x5dcb4f9e91e0/d .functor XOR 1, L_0x5dcb4f9e92f0, L_0x5dcb4f9e93e0, C4<0>, C4<0>;
L_0x5dcb4f9e91e0 .delay 1 (2,2,2) L_0x5dcb4f9e91e0/d;
L_0x5dcb4f9e96d0/d .functor AND 1, L_0x5dcb4f9e97e0, L_0x5dcb4f9e98d0, C4<1>, C4<1>;
L_0x5dcb4f9e96d0 .delay 1 (2,2,2) L_0x5dcb4f9e96d0/d;
v0x5dcb4f951c80_0 .net *"_ivl_1", 0 0, L_0x5dcb4f9e92f0;  1 drivers
v0x5dcb4f951d60_0 .net *"_ivl_2", 0 0, L_0x5dcb4f9e93e0;  1 drivers
v0x5dcb4f951e40_0 .net *"_ivl_4", 0 0, L_0x5dcb4f9e97e0;  1 drivers
v0x5dcb4f951f30_0 .net *"_ivl_5", 0 0, L_0x5dcb4f9e98d0;  1 drivers
S_0x5dcb4f952010 .scope generate, "gen_pg[16]" "gen_pg[16]" 9 29, 9 29 0, S_0x5dcb4f937e70;
 .timescale 0 0;
P_0x5dcb4f952210 .param/l "i" 0 9 29, +C4<010000>;
L_0x5dcb4f9e9bd0/d .functor XOR 1, L_0x5dcb4f9e9ce0, L_0x5dcb4f9e9dd0, C4<0>, C4<0>;
L_0x5dcb4f9e9bd0 .delay 1 (2,2,2) L_0x5dcb4f9e9bd0/d;
L_0x5dcb4f9ea0e0/d .functor AND 1, L_0x5dcb4f9ea1f0, L_0x5dcb4f9ea2e0, C4<1>, C4<1>;
L_0x5dcb4f9ea0e0 .delay 1 (2,2,2) L_0x5dcb4f9ea0e0/d;
v0x5dcb4f9522f0_0 .net *"_ivl_1", 0 0, L_0x5dcb4f9e9ce0;  1 drivers
v0x5dcb4f9523d0_0 .net *"_ivl_2", 0 0, L_0x5dcb4f9e9dd0;  1 drivers
v0x5dcb4f9524b0_0 .net *"_ivl_4", 0 0, L_0x5dcb4f9ea1f0;  1 drivers
v0x5dcb4f9525a0_0 .net *"_ivl_5", 0 0, L_0x5dcb4f9ea2e0;  1 drivers
S_0x5dcb4f952680 .scope generate, "gen_pg[17]" "gen_pg[17]" 9 29, 9 29 0, S_0x5dcb4f937e70;
 .timescale 0 0;
P_0x5dcb4f952880 .param/l "i" 0 9 29, +C4<010001>;
L_0x5dcb4f9ea600/d .functor XOR 1, L_0x5dcb4f9ea770, L_0x5dcb4f9ea860, C4<0>, C4<0>;
L_0x5dcb4f9ea600 .delay 1 (2,2,2) L_0x5dcb4f9ea600/d;
L_0x5dcb4f9eab90/d .functor AND 1, L_0x5dcb4f9eacd0, L_0x5dcb4f9eadc0, C4<1>, C4<1>;
L_0x5dcb4f9eab90 .delay 1 (2,2,2) L_0x5dcb4f9eab90/d;
v0x5dcb4f952960_0 .net *"_ivl_1", 0 0, L_0x5dcb4f9ea770;  1 drivers
v0x5dcb4f952a40_0 .net *"_ivl_2", 0 0, L_0x5dcb4f9ea860;  1 drivers
v0x5dcb4f952b20_0 .net *"_ivl_4", 0 0, L_0x5dcb4f9eacd0;  1 drivers
v0x5dcb4f952c10_0 .net *"_ivl_5", 0 0, L_0x5dcb4f9eadc0;  1 drivers
S_0x5dcb4f952cf0 .scope generate, "gen_pg[18]" "gen_pg[18]" 9 29, 9 29 0, S_0x5dcb4f937e70;
 .timescale 0 0;
P_0x5dcb4f952ef0 .param/l "i" 0 9 29, +C4<010010>;
L_0x5dcb4f9eb100/d .functor XOR 1, L_0x5dcb4f9eb240, L_0x5dcb4f9eb330, C4<0>, C4<0>;
L_0x5dcb4f9eb100 .delay 1 (2,2,2) L_0x5dcb4f9eb100/d;
L_0x5dcb4f9eb680/d .functor AND 1, L_0x5dcb4f9eb7c0, L_0x5dcb4f9eb8b0, C4<1>, C4<1>;
L_0x5dcb4f9eb680 .delay 1 (2,2,2) L_0x5dcb4f9eb680/d;
v0x5dcb4f952fd0_0 .net *"_ivl_1", 0 0, L_0x5dcb4f9eb240;  1 drivers
v0x5dcb4f9530b0_0 .net *"_ivl_2", 0 0, L_0x5dcb4f9eb330;  1 drivers
v0x5dcb4f953190_0 .net *"_ivl_4", 0 0, L_0x5dcb4f9eb7c0;  1 drivers
v0x5dcb4f953280_0 .net *"_ivl_5", 0 0, L_0x5dcb4f9eb8b0;  1 drivers
S_0x5dcb4f953360 .scope generate, "gen_pg[19]" "gen_pg[19]" 9 29, 9 29 0, S_0x5dcb4f937e70;
 .timescale 0 0;
P_0x5dcb4f953560 .param/l "i" 0 9 29, +C4<010011>;
L_0x5dcb4f9ebc10/d .functor XOR 1, L_0x5dcb4f9ebd50, L_0x5dcb4f9ebe40, C4<0>, C4<0>;
L_0x5dcb4f9ebc10 .delay 1 (2,2,2) L_0x5dcb4f9ebc10/d;
L_0x5dcb4f9ec1b0/d .functor AND 1, L_0x5dcb4f9ec2f0, L_0x5dcb4f9ec3e0, C4<1>, C4<1>;
L_0x5dcb4f9ec1b0 .delay 1 (2,2,2) L_0x5dcb4f9ec1b0/d;
v0x5dcb4f953640_0 .net *"_ivl_1", 0 0, L_0x5dcb4f9ebd50;  1 drivers
v0x5dcb4f953720_0 .net *"_ivl_2", 0 0, L_0x5dcb4f9ebe40;  1 drivers
v0x5dcb4f953800_0 .net *"_ivl_4", 0 0, L_0x5dcb4f9ec2f0;  1 drivers
v0x5dcb4f9538f0_0 .net *"_ivl_5", 0 0, L_0x5dcb4f9ec3e0;  1 drivers
S_0x5dcb4f9539d0 .scope generate, "gen_pg[20]" "gen_pg[20]" 9 29, 9 29 0, S_0x5dcb4f937e70;
 .timescale 0 0;
P_0x5dcb4f953bd0 .param/l "i" 0 9 29, +C4<010100>;
L_0x5dcb4f9ec760/d .functor XOR 1, L_0x5dcb4f9ec8a0, L_0x5dcb4f9ec990, C4<0>, C4<0>;
L_0x5dcb4f9ec760 .delay 1 (2,2,2) L_0x5dcb4f9ec760/d;
L_0x5dcb4f9ecd20/d .functor AND 1, L_0x5dcb4f9ece60, L_0x5dcb4f9ecf50, C4<1>, C4<1>;
L_0x5dcb4f9ecd20 .delay 1 (2,2,2) L_0x5dcb4f9ecd20/d;
v0x5dcb4f953cb0_0 .net *"_ivl_1", 0 0, L_0x5dcb4f9ec8a0;  1 drivers
v0x5dcb4f953d90_0 .net *"_ivl_2", 0 0, L_0x5dcb4f9ec990;  1 drivers
v0x5dcb4f953e70_0 .net *"_ivl_4", 0 0, L_0x5dcb4f9ece60;  1 drivers
v0x5dcb4f953f60_0 .net *"_ivl_5", 0 0, L_0x5dcb4f9ecf50;  1 drivers
S_0x5dcb4f954040 .scope generate, "gen_pg[21]" "gen_pg[21]" 9 29, 9 29 0, S_0x5dcb4f937e70;
 .timescale 0 0;
P_0x5dcb4f954240 .param/l "i" 0 9 29, +C4<010101>;
L_0x5dcb4f9ed2f0/d .functor XOR 1, L_0x5dcb4f9ed430, L_0x5dcb4f9ed520, C4<0>, C4<0>;
L_0x5dcb4f9ed2f0 .delay 1 (2,2,2) L_0x5dcb4f9ed2f0/d;
L_0x5dcb4f9ed8d0/d .functor AND 1, L_0x5dcb4f9eda10, L_0x5dcb4f9edb00, C4<1>, C4<1>;
L_0x5dcb4f9ed8d0 .delay 1 (2,2,2) L_0x5dcb4f9ed8d0/d;
v0x5dcb4f954320_0 .net *"_ivl_1", 0 0, L_0x5dcb4f9ed430;  1 drivers
v0x5dcb4f954400_0 .net *"_ivl_2", 0 0, L_0x5dcb4f9ed520;  1 drivers
v0x5dcb4f9544e0_0 .net *"_ivl_4", 0 0, L_0x5dcb4f9eda10;  1 drivers
v0x5dcb4f9545d0_0 .net *"_ivl_5", 0 0, L_0x5dcb4f9edb00;  1 drivers
S_0x5dcb4f9546b0 .scope generate, "gen_pg[22]" "gen_pg[22]" 9 29, 9 29 0, S_0x5dcb4f937e70;
 .timescale 0 0;
P_0x5dcb4f9548b0 .param/l "i" 0 9 29, +C4<010110>;
L_0x5dcb4f9edec0/d .functor XOR 1, L_0x5dcb4f9ee000, L_0x5dcb4f9ee0f0, C4<0>, C4<0>;
L_0x5dcb4f9edec0 .delay 1 (2,2,2) L_0x5dcb4f9edec0/d;
L_0x5dcb4f9ee4c0/d .functor AND 1, L_0x5dcb4f9ee600, L_0x5dcb4f9ee6f0, C4<1>, C4<1>;
L_0x5dcb4f9ee4c0 .delay 1 (2,2,2) L_0x5dcb4f9ee4c0/d;
v0x5dcb4f954990_0 .net *"_ivl_1", 0 0, L_0x5dcb4f9ee000;  1 drivers
v0x5dcb4f954a70_0 .net *"_ivl_2", 0 0, L_0x5dcb4f9ee0f0;  1 drivers
v0x5dcb4f954b50_0 .net *"_ivl_4", 0 0, L_0x5dcb4f9ee600;  1 drivers
v0x5dcb4f954c40_0 .net *"_ivl_5", 0 0, L_0x5dcb4f9ee6f0;  1 drivers
S_0x5dcb4f954d20 .scope generate, "gen_pg[23]" "gen_pg[23]" 9 29, 9 29 0, S_0x5dcb4f937e70;
 .timescale 0 0;
P_0x5dcb4f954f20 .param/l "i" 0 9 29, +C4<010111>;
L_0x5dcb4f9eead0/d .functor XOR 1, L_0x5dcb4f9eec10, L_0x5dcb4f9eed00, C4<0>, C4<0>;
L_0x5dcb4f9eead0 .delay 1 (2,2,2) L_0x5dcb4f9eead0/d;
L_0x5dcb4f9ef0f0/d .functor AND 1, L_0x5dcb4f9ef230, L_0x5dcb4f9ef320, C4<1>, C4<1>;
L_0x5dcb4f9ef0f0 .delay 1 (2,2,2) L_0x5dcb4f9ef0f0/d;
v0x5dcb4f955000_0 .net *"_ivl_1", 0 0, L_0x5dcb4f9eec10;  1 drivers
v0x5dcb4f9550e0_0 .net *"_ivl_2", 0 0, L_0x5dcb4f9eed00;  1 drivers
v0x5dcb4f9551c0_0 .net *"_ivl_4", 0 0, L_0x5dcb4f9ef230;  1 drivers
v0x5dcb4f9552b0_0 .net *"_ivl_5", 0 0, L_0x5dcb4f9ef320;  1 drivers
S_0x5dcb4f955390 .scope generate, "gen_pg[24]" "gen_pg[24]" 9 29, 9 29 0, S_0x5dcb4f937e70;
 .timescale 0 0;
P_0x5dcb4f955590 .param/l "i" 0 9 29, +C4<011000>;
L_0x5dcb4f9ef720/d .functor XOR 1, L_0x5dcb4f9ef860, L_0x5dcb4f9ef950, C4<0>, C4<0>;
L_0x5dcb4f9ef720 .delay 1 (2,2,2) L_0x5dcb4f9ef720/d;
L_0x5dcb4f9efd60/d .functor AND 1, L_0x5dcb4f9efea0, L_0x5dcb4f9eff90, C4<1>, C4<1>;
L_0x5dcb4f9efd60 .delay 1 (2,2,2) L_0x5dcb4f9efd60/d;
v0x5dcb4f955670_0 .net *"_ivl_1", 0 0, L_0x5dcb4f9ef860;  1 drivers
v0x5dcb4f955750_0 .net *"_ivl_2", 0 0, L_0x5dcb4f9ef950;  1 drivers
v0x5dcb4f955830_0 .net *"_ivl_4", 0 0, L_0x5dcb4f9efea0;  1 drivers
v0x5dcb4f955920_0 .net *"_ivl_5", 0 0, L_0x5dcb4f9eff90;  1 drivers
S_0x5dcb4f955a00 .scope generate, "gen_pg[25]" "gen_pg[25]" 9 29, 9 29 0, S_0x5dcb4f937e70;
 .timescale 0 0;
P_0x5dcb4f955c00 .param/l "i" 0 9 29, +C4<011001>;
L_0x5dcb4f9f03b0/d .functor XOR 1, L_0x5dcb4f9f04f0, L_0x5dcb4f9f05e0, C4<0>, C4<0>;
L_0x5dcb4f9f03b0 .delay 1 (2,2,2) L_0x5dcb4f9f03b0/d;
L_0x5dcb4f9f0a10/d .functor AND 1, L_0x5dcb4f9f0b50, L_0x5dcb4f9f0c40, C4<1>, C4<1>;
L_0x5dcb4f9f0a10 .delay 1 (2,2,2) L_0x5dcb4f9f0a10/d;
v0x5dcb4f955ce0_0 .net *"_ivl_1", 0 0, L_0x5dcb4f9f04f0;  1 drivers
v0x5dcb4f955dc0_0 .net *"_ivl_2", 0 0, L_0x5dcb4f9f05e0;  1 drivers
v0x5dcb4f955ea0_0 .net *"_ivl_4", 0 0, L_0x5dcb4f9f0b50;  1 drivers
v0x5dcb4f955f90_0 .net *"_ivl_5", 0 0, L_0x5dcb4f9f0c40;  1 drivers
S_0x5dcb4f956070 .scope generate, "gen_pg[26]" "gen_pg[26]" 9 29, 9 29 0, S_0x5dcb4f937e70;
 .timescale 0 0;
P_0x5dcb4f956270 .param/l "i" 0 9 29, +C4<011010>;
L_0x5dcb4f9f1080/d .functor XOR 1, L_0x5dcb4f9f11c0, L_0x5dcb4f9f12b0, C4<0>, C4<0>;
L_0x5dcb4f9f1080 .delay 1 (2,2,2) L_0x5dcb4f9f1080/d;
L_0x5dcb4f9f1700/d .functor AND 1, L_0x5dcb4f9f1840, L_0x5dcb4f9f1930, C4<1>, C4<1>;
L_0x5dcb4f9f1700 .delay 1 (2,2,2) L_0x5dcb4f9f1700/d;
v0x5dcb4f956350_0 .net *"_ivl_1", 0 0, L_0x5dcb4f9f11c0;  1 drivers
v0x5dcb4f956430_0 .net *"_ivl_2", 0 0, L_0x5dcb4f9f12b0;  1 drivers
v0x5dcb4f956510_0 .net *"_ivl_4", 0 0, L_0x5dcb4f9f1840;  1 drivers
v0x5dcb4f956600_0 .net *"_ivl_5", 0 0, L_0x5dcb4f9f1930;  1 drivers
S_0x5dcb4f9566e0 .scope generate, "gen_pg[27]" "gen_pg[27]" 9 29, 9 29 0, S_0x5dcb4f937e70;
 .timescale 0 0;
P_0x5dcb4f9568e0 .param/l "i" 0 9 29, +C4<011011>;
L_0x5dcb4f9f1d90/d .functor XOR 1, L_0x5dcb4f9f1ed0, L_0x5dcb4f9f1fc0, C4<0>, C4<0>;
L_0x5dcb4f9f1d90 .delay 1 (2,2,2) L_0x5dcb4f9f1d90/d;
L_0x5dcb4f9f2430/d .functor AND 1, L_0x5dcb4f9f2570, L_0x5dcb4f9f2660, C4<1>, C4<1>;
L_0x5dcb4f9f2430 .delay 1 (2,2,2) L_0x5dcb4f9f2430/d;
v0x5dcb4f9569c0_0 .net *"_ivl_1", 0 0, L_0x5dcb4f9f1ed0;  1 drivers
v0x5dcb4f956aa0_0 .net *"_ivl_2", 0 0, L_0x5dcb4f9f1fc0;  1 drivers
v0x5dcb4f956b80_0 .net *"_ivl_4", 0 0, L_0x5dcb4f9f2570;  1 drivers
v0x5dcb4f956c70_0 .net *"_ivl_5", 0 0, L_0x5dcb4f9f2660;  1 drivers
S_0x5dcb4f956d50 .scope generate, "gen_pg[28]" "gen_pg[28]" 9 29, 9 29 0, S_0x5dcb4f937e70;
 .timescale 0 0;
P_0x5dcb4f956f50 .param/l "i" 0 9 29, +C4<011100>;
L_0x5dcb4f9f2ae0/d .functor XOR 1, L_0x5dcb4f9f2c20, L_0x5dcb4f9f2d10, C4<0>, C4<0>;
L_0x5dcb4f9f2ae0 .delay 1 (2,2,2) L_0x5dcb4f9f2ae0/d;
L_0x5dcb4f9f31a0/d .functor AND 1, L_0x5dcb4f9f32e0, L_0x5dcb4f9f33d0, C4<1>, C4<1>;
L_0x5dcb4f9f31a0 .delay 1 (2,2,2) L_0x5dcb4f9f31a0/d;
v0x5dcb4f957030_0 .net *"_ivl_1", 0 0, L_0x5dcb4f9f2c20;  1 drivers
v0x5dcb4f957110_0 .net *"_ivl_2", 0 0, L_0x5dcb4f9f2d10;  1 drivers
v0x5dcb4f9571f0_0 .net *"_ivl_4", 0 0, L_0x5dcb4f9f32e0;  1 drivers
v0x5dcb4f9572e0_0 .net *"_ivl_5", 0 0, L_0x5dcb4f9f33d0;  1 drivers
S_0x5dcb4f9573c0 .scope generate, "gen_pg[29]" "gen_pg[29]" 9 29, 9 29 0, S_0x5dcb4f937e70;
 .timescale 0 0;
P_0x5dcb4f9575c0 .param/l "i" 0 9 29, +C4<011101>;
L_0x5dcb4f9f3870/d .functor XOR 1, L_0x5dcb4f9f39b0, L_0x5dcb4f9f3aa0, C4<0>, C4<0>;
L_0x5dcb4f9f3870 .delay 1 (2,2,2) L_0x5dcb4f9f3870/d;
L_0x5dcb4f9f3f50/d .functor AND 1, L_0x5dcb4f9f4090, L_0x5dcb4f9f4180, C4<1>, C4<1>;
L_0x5dcb4f9f3f50 .delay 1 (2,2,2) L_0x5dcb4f9f3f50/d;
v0x5dcb4f9576a0_0 .net *"_ivl_1", 0 0, L_0x5dcb4f9f39b0;  1 drivers
v0x5dcb4f957780_0 .net *"_ivl_2", 0 0, L_0x5dcb4f9f3aa0;  1 drivers
v0x5dcb4f957860_0 .net *"_ivl_4", 0 0, L_0x5dcb4f9f4090;  1 drivers
v0x5dcb4f957950_0 .net *"_ivl_5", 0 0, L_0x5dcb4f9f4180;  1 drivers
S_0x5dcb4f957a30 .scope generate, "gen_pg[30]" "gen_pg[30]" 9 29, 9 29 0, S_0x5dcb4f937e70;
 .timescale 0 0;
P_0x5dcb4f957c30 .param/l "i" 0 9 29, +C4<011110>;
L_0x5dcb4f9f4640/d .functor XOR 1, L_0x5dcb4f9f4780, L_0x5dcb4f9f4870, C4<0>, C4<0>;
L_0x5dcb4f9f4640 .delay 1 (2,2,2) L_0x5dcb4f9f4640/d;
L_0x5dcb4f9f4d40/d .functor AND 1, L_0x5dcb4f9f4e80, L_0x5dcb4f9f5780, C4<1>, C4<1>;
L_0x5dcb4f9f4d40 .delay 1 (2,2,2) L_0x5dcb4f9f4d40/d;
v0x5dcb4f957d10_0 .net *"_ivl_1", 0 0, L_0x5dcb4f9f4780;  1 drivers
v0x5dcb4f957df0_0 .net *"_ivl_2", 0 0, L_0x5dcb4f9f4870;  1 drivers
v0x5dcb4f957ed0_0 .net *"_ivl_4", 0 0, L_0x5dcb4f9f4e80;  1 drivers
v0x5dcb4f957fc0_0 .net *"_ivl_5", 0 0, L_0x5dcb4f9f5780;  1 drivers
S_0x5dcb4f9580a0 .scope generate, "gen_pg[31]" "gen_pg[31]" 9 29, 9 29 0, S_0x5dcb4f937e70;
 .timescale 0 0;
P_0x5dcb4f9582a0 .param/l "i" 0 9 29, +C4<011111>;
L_0x5dcb4f9e3c50/d .functor XOR 1, L_0x5dcb4f9f64c0, L_0x5dcb4f9f65b0, C4<0>, C4<0>;
L_0x5dcb4f9e3c50 .delay 1 (2,2,2) L_0x5dcb4f9e3c50/d;
L_0x5dcb4f9f6aa0/d .functor AND 1, L_0x5dcb4f9f6be0, L_0x5dcb4f9f6cd0, C4<1>, C4<1>;
L_0x5dcb4f9f6aa0 .delay 1 (2,2,2) L_0x5dcb4f9f6aa0/d;
v0x5dcb4f958380_0 .net *"_ivl_1", 0 0, L_0x5dcb4f9f64c0;  1 drivers
v0x5dcb4f958460_0 .net *"_ivl_2", 0 0, L_0x5dcb4f9f65b0;  1 drivers
v0x5dcb4f958540_0 .net *"_ivl_4", 0 0, L_0x5dcb4f9f6be0;  1 drivers
v0x5dcb4f958630_0 .net *"_ivl_5", 0 0, L_0x5dcb4f9f6cd0;  1 drivers
S_0x5dcb4f958710 .scope generate, "gen_pg[32]" "gen_pg[32]" 9 29, 9 29 0, S_0x5dcb4f937e70;
 .timescale 0 0;
P_0x5dcb4f958910 .param/l "i" 0 9 29, +C4<0100000>;
L_0x5dcb4f9f71d0/d .functor XOR 1, L_0x5dcb4f9f7310, L_0x5dcb4f9f7400, C4<0>, C4<0>;
L_0x5dcb4f9f71d0 .delay 1 (2,2,2) L_0x5dcb4f9f71d0/d;
L_0x5dcb4f9f7910/d .functor AND 1, L_0x5dcb4f9f7a50, L_0x5dcb4f9f7b40, C4<1>, C4<1>;
L_0x5dcb4f9f7910 .delay 1 (2,2,2) L_0x5dcb4f9f7910/d;
v0x5dcb4f958a00_0 .net *"_ivl_1", 0 0, L_0x5dcb4f9f7310;  1 drivers
v0x5dcb4f958b00_0 .net *"_ivl_2", 0 0, L_0x5dcb4f9f7400;  1 drivers
v0x5dcb4f958be0_0 .net *"_ivl_4", 0 0, L_0x5dcb4f9f7a50;  1 drivers
v0x5dcb4f958ca0_0 .net *"_ivl_5", 0 0, L_0x5dcb4f9f7b40;  1 drivers
S_0x5dcb4f958d80 .scope generate, "gen_pg[33]" "gen_pg[33]" 9 29, 9 29 0, S_0x5dcb4f937e70;
 .timescale 0 0;
P_0x5dcb4f958f80 .param/l "i" 0 9 29, +C4<0100001>;
L_0x5dcb4f9f74f0/d .functor XOR 1, L_0x5dcb4f9f7660, L_0x5dcb4f9f7750, C4<0>, C4<0>;
L_0x5dcb4f9f74f0 .delay 1 (2,2,2) L_0x5dcb4f9f74f0/d;
L_0x5dcb4f9f7840/d .functor AND 1, L_0x5dcb4f9f8110, L_0x5dcb4f9f8200, C4<1>, C4<1>;
L_0x5dcb4f9f7840 .delay 1 (2,2,2) L_0x5dcb4f9f7840/d;
v0x5dcb4f959070_0 .net *"_ivl_1", 0 0, L_0x5dcb4f9f7660;  1 drivers
v0x5dcb4f959170_0 .net *"_ivl_2", 0 0, L_0x5dcb4f9f7750;  1 drivers
v0x5dcb4f959250_0 .net *"_ivl_4", 0 0, L_0x5dcb4f9f8110;  1 drivers
v0x5dcb4f959310_0 .net *"_ivl_5", 0 0, L_0x5dcb4f9f8200;  1 drivers
S_0x5dcb4f9593f0 .scope generate, "gen_pg[34]" "gen_pg[34]" 9 29, 9 29 0, S_0x5dcb4f937e70;
 .timescale 0 0;
P_0x5dcb4f9595f0 .param/l "i" 0 9 29, +C4<0100010>;
L_0x5dcb4f9f7c30/d .functor XOR 1, L_0x5dcb4f9f7d40, L_0x5dcb4f9f7e30, C4<0>, C4<0>;
L_0x5dcb4f9f7c30 .delay 1 (2,2,2) L_0x5dcb4f9f7c30/d;
L_0x5dcb4f9f7f20/d .functor AND 1, L_0x5dcb4f9f8750, L_0x5dcb4f9f8840, C4<1>, C4<1>;
L_0x5dcb4f9f7f20 .delay 1 (2,2,2) L_0x5dcb4f9f7f20/d;
v0x5dcb4f9596e0_0 .net *"_ivl_1", 0 0, L_0x5dcb4f9f7d40;  1 drivers
v0x5dcb4f9597e0_0 .net *"_ivl_2", 0 0, L_0x5dcb4f9f7e30;  1 drivers
v0x5dcb4f9598c0_0 .net *"_ivl_4", 0 0, L_0x5dcb4f9f8750;  1 drivers
v0x5dcb4f959980_0 .net *"_ivl_5", 0 0, L_0x5dcb4f9f8840;  1 drivers
S_0x5dcb4f959a60 .scope generate, "gen_pg[35]" "gen_pg[35]" 9 29, 9 29 0, S_0x5dcb4f937e70;
 .timescale 0 0;
P_0x5dcb4f959c60 .param/l "i" 0 9 29, +C4<0100011>;
L_0x5dcb4f9f82f0/d .functor XOR 1, L_0x5dcb4f9f8430, L_0x5dcb4f9f8520, C4<0>, C4<0>;
L_0x5dcb4f9f82f0 .delay 1 (2,2,2) L_0x5dcb4f9f82f0/d;
L_0x5dcb4f9f8610/d .functor AND 1, L_0x5dcb4f9f8db0, L_0x5dcb4f9f8ea0, C4<1>, C4<1>;
L_0x5dcb4f9f8610 .delay 1 (2,2,2) L_0x5dcb4f9f8610/d;
v0x5dcb4f959d50_0 .net *"_ivl_1", 0 0, L_0x5dcb4f9f8430;  1 drivers
v0x5dcb4f959e50_0 .net *"_ivl_2", 0 0, L_0x5dcb4f9f8520;  1 drivers
v0x5dcb4f959f30_0 .net *"_ivl_4", 0 0, L_0x5dcb4f9f8db0;  1 drivers
v0x5dcb4f959ff0_0 .net *"_ivl_5", 0 0, L_0x5dcb4f9f8ea0;  1 drivers
S_0x5dcb4f95a0d0 .scope generate, "gen_pg[36]" "gen_pg[36]" 9 29, 9 29 0, S_0x5dcb4f937e70;
 .timescale 0 0;
P_0x5dcb4f95a2d0 .param/l "i" 0 9 29, +C4<0100100>;
L_0x5dcb4f9f8930/d .functor XOR 1, L_0x5dcb4f9f8a70, L_0x5dcb4f9f8b60, C4<0>, C4<0>;
L_0x5dcb4f9f8930 .delay 1 (2,2,2) L_0x5dcb4f9f8930/d;
L_0x5dcb4f9f8c50/d .functor AND 1, L_0x5dcb4f9f9430, L_0x5dcb4f9f9520, C4<1>, C4<1>;
L_0x5dcb4f9f8c50 .delay 1 (2,2,2) L_0x5dcb4f9f8c50/d;
v0x5dcb4f95a3c0_0 .net *"_ivl_1", 0 0, L_0x5dcb4f9f8a70;  1 drivers
v0x5dcb4f95a4c0_0 .net *"_ivl_2", 0 0, L_0x5dcb4f9f8b60;  1 drivers
v0x5dcb4f95a5a0_0 .net *"_ivl_4", 0 0, L_0x5dcb4f9f9430;  1 drivers
v0x5dcb4f95a660_0 .net *"_ivl_5", 0 0, L_0x5dcb4f9f9520;  1 drivers
S_0x5dcb4f95a740 .scope generate, "gen_pg[37]" "gen_pg[37]" 9 29, 9 29 0, S_0x5dcb4f937e70;
 .timescale 0 0;
P_0x5dcb4f95a940 .param/l "i" 0 9 29, +C4<0100101>;
L_0x5dcb4f9f8f90/d .functor XOR 1, L_0x5dcb4f9f90d0, L_0x5dcb4f9f91c0, C4<0>, C4<0>;
L_0x5dcb4f9f8f90 .delay 1 (2,2,2) L_0x5dcb4f9f8f90/d;
L_0x5dcb4f9f92b0/d .functor AND 1, L_0x5dcb4f9f9ad0, L_0x5dcb4f9f9bc0, C4<1>, C4<1>;
L_0x5dcb4f9f92b0 .delay 1 (2,2,2) L_0x5dcb4f9f92b0/d;
v0x5dcb4f95aa30_0 .net *"_ivl_1", 0 0, L_0x5dcb4f9f90d0;  1 drivers
v0x5dcb4f95ab30_0 .net *"_ivl_2", 0 0, L_0x5dcb4f9f91c0;  1 drivers
v0x5dcb4f95ac10_0 .net *"_ivl_4", 0 0, L_0x5dcb4f9f9ad0;  1 drivers
v0x5dcb4f95acd0_0 .net *"_ivl_5", 0 0, L_0x5dcb4f9f9bc0;  1 drivers
S_0x5dcb4f95adb0 .scope generate, "gen_pg[38]" "gen_pg[38]" 9 29, 9 29 0, S_0x5dcb4f937e70;
 .timescale 0 0;
P_0x5dcb4f95afb0 .param/l "i" 0 9 29, +C4<0100110>;
L_0x5dcb4f9f9610/d .functor XOR 1, L_0x5dcb4f9f9750, L_0x5dcb4f9f9840, C4<0>, C4<0>;
L_0x5dcb4f9f9610 .delay 1 (2,2,2) L_0x5dcb4f9f9610/d;
L_0x5dcb4f9f9930/d .functor AND 1, L_0x5dcb4f9fa190, L_0x5dcb4f9fa230, C4<1>, C4<1>;
L_0x5dcb4f9f9930 .delay 1 (2,2,2) L_0x5dcb4f9f9930/d;
v0x5dcb4f95b0a0_0 .net *"_ivl_1", 0 0, L_0x5dcb4f9f9750;  1 drivers
v0x5dcb4f95b1a0_0 .net *"_ivl_2", 0 0, L_0x5dcb4f9f9840;  1 drivers
v0x5dcb4f95b280_0 .net *"_ivl_4", 0 0, L_0x5dcb4f9fa190;  1 drivers
v0x5dcb4f95b340_0 .net *"_ivl_5", 0 0, L_0x5dcb4f9fa230;  1 drivers
S_0x5dcb4f95b420 .scope generate, "gen_pg[39]" "gen_pg[39]" 9 29, 9 29 0, S_0x5dcb4f937e70;
 .timescale 0 0;
P_0x5dcb4f95b620 .param/l "i" 0 9 29, +C4<0100111>;
L_0x5dcb4f9f9cb0/d .functor XOR 1, L_0x5dcb4f9f9df0, L_0x5dcb4f9f9ee0, C4<0>, C4<0>;
L_0x5dcb4f9f9cb0 .delay 1 (2,2,2) L_0x5dcb4f9f9cb0/d;
L_0x5dcb4f9f9fd0/d .functor AND 1, L_0x5dcb4f9fa820, L_0x5dcb4f9fa8c0, C4<1>, C4<1>;
L_0x5dcb4f9f9fd0 .delay 1 (2,2,2) L_0x5dcb4f9f9fd0/d;
v0x5dcb4f95b710_0 .net *"_ivl_1", 0 0, L_0x5dcb4f9f9df0;  1 drivers
v0x5dcb4f95b810_0 .net *"_ivl_2", 0 0, L_0x5dcb4f9f9ee0;  1 drivers
v0x5dcb4f95b8f0_0 .net *"_ivl_4", 0 0, L_0x5dcb4f9fa820;  1 drivers
v0x5dcb4f95b9b0_0 .net *"_ivl_5", 0 0, L_0x5dcb4f9fa8c0;  1 drivers
S_0x5dcb4f95ba90 .scope generate, "gen_pg[40]" "gen_pg[40]" 9 29, 9 29 0, S_0x5dcb4f937e70;
 .timescale 0 0;
P_0x5dcb4f95bc90 .param/l "i" 0 9 29, +C4<0101000>;
L_0x5dcb4f9fa320/d .functor XOR 1, L_0x5dcb4f9fa430, L_0x5dcb4f9fa520, C4<0>, C4<0>;
L_0x5dcb4f9fa320 .delay 1 (2,2,2) L_0x5dcb4f9fa320/d;
L_0x5dcb4f9fa610/d .functor AND 1, L_0x5dcb4f9fa750, L_0x5dcb4f9faf20, C4<1>, C4<1>;
L_0x5dcb4f9fa610 .delay 1 (2,2,2) L_0x5dcb4f9fa610/d;
v0x5dcb4f95bd80_0 .net *"_ivl_1", 0 0, L_0x5dcb4f9fa430;  1 drivers
v0x5dcb4f95be80_0 .net *"_ivl_2", 0 0, L_0x5dcb4f9fa520;  1 drivers
v0x5dcb4f95bf60_0 .net *"_ivl_4", 0 0, L_0x5dcb4f9fa750;  1 drivers
v0x5dcb4f95c020_0 .net *"_ivl_5", 0 0, L_0x5dcb4f9faf20;  1 drivers
S_0x5dcb4f95c100 .scope generate, "gen_pg[41]" "gen_pg[41]" 9 29, 9 29 0, S_0x5dcb4f937e70;
 .timescale 0 0;
P_0x5dcb4f95c300 .param/l "i" 0 9 29, +C4<0101001>;
L_0x5dcb4f9fa9b0/d .functor XOR 1, L_0x5dcb4f9faac0, L_0x5dcb4f9fabb0, C4<0>, C4<0>;
L_0x5dcb4f9fa9b0 .delay 1 (2,2,2) L_0x5dcb4f9fa9b0/d;
L_0x5dcb4f9faca0/d .functor AND 1, L_0x5dcb4f9fade0, L_0x5dcb4f9fb550, C4<1>, C4<1>;
L_0x5dcb4f9faca0 .delay 1 (2,2,2) L_0x5dcb4f9faca0/d;
v0x5dcb4f95c3f0_0 .net *"_ivl_1", 0 0, L_0x5dcb4f9faac0;  1 drivers
v0x5dcb4f95c4f0_0 .net *"_ivl_2", 0 0, L_0x5dcb4f9fabb0;  1 drivers
v0x5dcb4f95c5d0_0 .net *"_ivl_4", 0 0, L_0x5dcb4f9fade0;  1 drivers
v0x5dcb4f95c690_0 .net *"_ivl_5", 0 0, L_0x5dcb4f9fb550;  1 drivers
S_0x5dcb4f95c770 .scope generate, "gen_pg[42]" "gen_pg[42]" 9 29, 9 29 0, S_0x5dcb4f937e70;
 .timescale 0 0;
P_0x5dcb4f95c970 .param/l "i" 0 9 29, +C4<0101010>;
L_0x5dcb4f9fb010/d .functor XOR 1, L_0x5dcb4f9fb150, L_0x5dcb4f9fb240, C4<0>, C4<0>;
L_0x5dcb4f9fb010 .delay 1 (2,2,2) L_0x5dcb4f9fb010/d;
L_0x5dcb4f9fb330/d .functor AND 1, L_0x5dcb4f9fb470, L_0x5dcb4f9fbbf0, C4<1>, C4<1>;
L_0x5dcb4f9fb330 .delay 1 (2,2,2) L_0x5dcb4f9fb330/d;
v0x5dcb4f95ca60_0 .net *"_ivl_1", 0 0, L_0x5dcb4f9fb150;  1 drivers
v0x5dcb4f95cb60_0 .net *"_ivl_2", 0 0, L_0x5dcb4f9fb240;  1 drivers
v0x5dcb4f95cc40_0 .net *"_ivl_4", 0 0, L_0x5dcb4f9fb470;  1 drivers
v0x5dcb4f95cd00_0 .net *"_ivl_5", 0 0, L_0x5dcb4f9fbbf0;  1 drivers
S_0x5dcb4f95cde0 .scope generate, "gen_pg[43]" "gen_pg[43]" 9 29, 9 29 0, S_0x5dcb4f937e70;
 .timescale 0 0;
P_0x5dcb4f95cfe0 .param/l "i" 0 9 29, +C4<0101011>;
L_0x5dcb4f9fb640/d .functor XOR 1, L_0x5dcb4f9fb780, L_0x5dcb4f9fb870, C4<0>, C4<0>;
L_0x5dcb4f9fb640 .delay 1 (2,2,2) L_0x5dcb4f9fb640/d;
L_0x5dcb4f9fb960/d .functor AND 1, L_0x5dcb4f9fbaa0, L_0x5dcb4f9fc260, C4<1>, C4<1>;
L_0x5dcb4f9fb960 .delay 1 (2,2,2) L_0x5dcb4f9fb960/d;
v0x5dcb4f95d0d0_0 .net *"_ivl_1", 0 0, L_0x5dcb4f9fb780;  1 drivers
v0x5dcb4f95d1d0_0 .net *"_ivl_2", 0 0, L_0x5dcb4f9fb870;  1 drivers
v0x5dcb4f95d2b0_0 .net *"_ivl_4", 0 0, L_0x5dcb4f9fbaa0;  1 drivers
v0x5dcb4f95d370_0 .net *"_ivl_5", 0 0, L_0x5dcb4f9fc260;  1 drivers
S_0x5dcb4f95d450 .scope generate, "gen_pg[44]" "gen_pg[44]" 9 29, 9 29 0, S_0x5dcb4f937e70;
 .timescale 0 0;
P_0x5dcb4f95d650 .param/l "i" 0 9 29, +C4<0101100>;
L_0x5dcb4f9fbce0/d .functor XOR 1, L_0x5dcb4f9fbe20, L_0x5dcb4f9fbf10, C4<0>, C4<0>;
L_0x5dcb4f9fbce0 .delay 1 (2,2,2) L_0x5dcb4f9fbce0/d;
L_0x5dcb4f9fc000/d .functor AND 1, L_0x5dcb4f9fc140, L_0x5dcb4f9fc8f0, C4<1>, C4<1>;
L_0x5dcb4f9fc000 .delay 1 (2,2,2) L_0x5dcb4f9fc000/d;
v0x5dcb4f95d740_0 .net *"_ivl_1", 0 0, L_0x5dcb4f9fbe20;  1 drivers
v0x5dcb4f95d840_0 .net *"_ivl_2", 0 0, L_0x5dcb4f9fbf10;  1 drivers
v0x5dcb4f95d920_0 .net *"_ivl_4", 0 0, L_0x5dcb4f9fc140;  1 drivers
v0x5dcb4f95d9e0_0 .net *"_ivl_5", 0 0, L_0x5dcb4f9fc8f0;  1 drivers
S_0x5dcb4f95dac0 .scope generate, "gen_pg[45]" "gen_pg[45]" 9 29, 9 29 0, S_0x5dcb4f937e70;
 .timescale 0 0;
P_0x5dcb4f95dcc0 .param/l "i" 0 9 29, +C4<0101101>;
L_0x5dcb4f9fc350/d .functor XOR 1, L_0x5dcb4f9fc460, L_0x5dcb4f9fc550, C4<0>, C4<0>;
L_0x5dcb4f9fc350 .delay 1 (2,2,2) L_0x5dcb4f9fc350/d;
L_0x5dcb4f9fc640/d .functor AND 1, L_0x5dcb4f9fc780, L_0x5dcb4f9fcfa0, C4<1>, C4<1>;
L_0x5dcb4f9fc640 .delay 1 (2,2,2) L_0x5dcb4f9fc640/d;
v0x5dcb4f95ddb0_0 .net *"_ivl_1", 0 0, L_0x5dcb4f9fc460;  1 drivers
v0x5dcb4f95deb0_0 .net *"_ivl_2", 0 0, L_0x5dcb4f9fc550;  1 drivers
v0x5dcb4f95df90_0 .net *"_ivl_4", 0 0, L_0x5dcb4f9fc780;  1 drivers
v0x5dcb4f95e050_0 .net *"_ivl_5", 0 0, L_0x5dcb4f9fcfa0;  1 drivers
S_0x5dcb4f95e130 .scope generate, "gen_pg[46]" "gen_pg[46]" 9 29, 9 29 0, S_0x5dcb4f937e70;
 .timescale 0 0;
P_0x5dcb4f95e330 .param/l "i" 0 9 29, +C4<0101110>;
L_0x5dcb4f9fc9e0/d .functor XOR 1, L_0x5dcb4f9fcaf0, L_0x5dcb4f9fcbe0, C4<0>, C4<0>;
L_0x5dcb4f9fc9e0 .delay 1 (2,2,2) L_0x5dcb4f9fc9e0/d;
L_0x5dcb4f9fccd0/d .functor AND 1, L_0x5dcb4f9fce10, L_0x5dcb4f9fcf00, C4<1>, C4<1>;
L_0x5dcb4f9fccd0 .delay 1 (2,2,2) L_0x5dcb4f9fccd0/d;
v0x5dcb4f95e420_0 .net *"_ivl_1", 0 0, L_0x5dcb4f9fcaf0;  1 drivers
v0x5dcb4f95e520_0 .net *"_ivl_2", 0 0, L_0x5dcb4f9fcbe0;  1 drivers
v0x5dcb4f95e600_0 .net *"_ivl_4", 0 0, L_0x5dcb4f9fce10;  1 drivers
v0x5dcb4f95e6c0_0 .net *"_ivl_5", 0 0, L_0x5dcb4f9fcf00;  1 drivers
S_0x5dcb4f95e7a0 .scope generate, "gen_pg[47]" "gen_pg[47]" 9 29, 9 29 0, S_0x5dcb4f937e70;
 .timescale 0 0;
P_0x5dcb4f95e9a0 .param/l "i" 0 9 29, +C4<0101111>;
L_0x5dcb4f9fd040/d .functor XOR 1, L_0x5dcb4f9fd180, L_0x5dcb4f9fd270, C4<0>, C4<0>;
L_0x5dcb4f9fd040 .delay 1 (2,2,2) L_0x5dcb4f9fd040/d;
L_0x5dcb4f9fd360/d .functor AND 1, L_0x5dcb4f9fd4a0, L_0x5dcb4f9fdc70, C4<1>, C4<1>;
L_0x5dcb4f9fd360 .delay 1 (2,2,2) L_0x5dcb4f9fd360/d;
v0x5dcb4f95ea90_0 .net *"_ivl_1", 0 0, L_0x5dcb4f9fd180;  1 drivers
v0x5dcb4f95eb90_0 .net *"_ivl_2", 0 0, L_0x5dcb4f9fd270;  1 drivers
v0x5dcb4f95ec70_0 .net *"_ivl_4", 0 0, L_0x5dcb4f9fd4a0;  1 drivers
v0x5dcb4f95ed30_0 .net *"_ivl_5", 0 0, L_0x5dcb4f9fdc70;  1 drivers
S_0x5dcb4f95ee10 .scope generate, "gen_pg[48]" "gen_pg[48]" 9 29, 9 29 0, S_0x5dcb4f937e70;
 .timescale 0 0;
P_0x5dcb4f95f010 .param/l "i" 0 9 29, +C4<0110000>;
L_0x5dcb4f9fd670/d .functor XOR 1, L_0x5dcb4f9fd7b0, L_0x5dcb4f9fd8a0, C4<0>, C4<0>;
L_0x5dcb4f9fd670 .delay 1 (2,2,2) L_0x5dcb4f9fd670/d;
L_0x5dcb4f9fd990/d .functor AND 1, L_0x5dcb4f9fdad0, L_0x5dcb4f9fdbc0, C4<1>, C4<1>;
L_0x5dcb4f9fd990 .delay 1 (2,2,2) L_0x5dcb4f9fd990/d;
v0x5dcb4f95f100_0 .net *"_ivl_1", 0 0, L_0x5dcb4f9fd7b0;  1 drivers
v0x5dcb4f95f200_0 .net *"_ivl_2", 0 0, L_0x5dcb4f9fd8a0;  1 drivers
v0x5dcb4f95f2e0_0 .net *"_ivl_4", 0 0, L_0x5dcb4f9fdad0;  1 drivers
v0x5dcb4f95f3a0_0 .net *"_ivl_5", 0 0, L_0x5dcb4f9fdbc0;  1 drivers
S_0x5dcb4f95f480 .scope generate, "gen_pg[49]" "gen_pg[49]" 9 29, 9 29 0, S_0x5dcb4f937e70;
 .timescale 0 0;
P_0x5dcb4f95f680 .param/l "i" 0 9 29, +C4<0110001>;
L_0x5dcb4f9fdd10/d .functor XOR 1, L_0x5dcb4f9fde50, L_0x5dcb4f9fdf40, C4<0>, C4<0>;
L_0x5dcb4f9fdd10 .delay 1 (2,2,2) L_0x5dcb4f9fdd10/d;
L_0x5dcb4f9fe030/d .functor AND 1, L_0x5dcb4f9fe170, L_0x5dcb4f9fe260, C4<1>, C4<1>;
L_0x5dcb4f9fe030 .delay 1 (2,2,2) L_0x5dcb4f9fe030/d;
v0x5dcb4f95f770_0 .net *"_ivl_1", 0 0, L_0x5dcb4f9fde50;  1 drivers
v0x5dcb4f95f870_0 .net *"_ivl_2", 0 0, L_0x5dcb4f9fdf40;  1 drivers
v0x5dcb4f95f950_0 .net *"_ivl_4", 0 0, L_0x5dcb4f9fe170;  1 drivers
v0x5dcb4f95fa10_0 .net *"_ivl_5", 0 0, L_0x5dcb4f9fe260;  1 drivers
S_0x5dcb4f95faf0 .scope generate, "gen_pg[50]" "gen_pg[50]" 9 29, 9 29 0, S_0x5dcb4f937e70;
 .timescale 0 0;
P_0x5dcb4f95fcf0 .param/l "i" 0 9 29, +C4<0110010>;
L_0x5dcb4f9fe380/d .functor XOR 1, L_0x5dcb4f9fe490, L_0x5dcb4f9fe580, C4<0>, C4<0>;
L_0x5dcb4f9fe380 .delay 1 (2,2,2) L_0x5dcb4f9fe380/d;
L_0x5dcb4f9fe670/d .functor AND 1, L_0x5dcb4f9fe7b0, L_0x5dcb4f9fe8a0, C4<1>, C4<1>;
L_0x5dcb4f9fe670 .delay 1 (2,2,2) L_0x5dcb4f9fe670/d;
v0x5dcb4f95fde0_0 .net *"_ivl_1", 0 0, L_0x5dcb4f9fe490;  1 drivers
v0x5dcb4f95fee0_0 .net *"_ivl_2", 0 0, L_0x5dcb4f9fe580;  1 drivers
v0x5dcb4f95ffc0_0 .net *"_ivl_4", 0 0, L_0x5dcb4f9fe7b0;  1 drivers
v0x5dcb4f960080_0 .net *"_ivl_5", 0 0, L_0x5dcb4f9fe8a0;  1 drivers
S_0x5dcb4f960160 .scope generate, "gen_pg[51]" "gen_pg[51]" 9 29, 9 29 0, S_0x5dcb4f937e70;
 .timescale 0 0;
P_0x5dcb4f960360 .param/l "i" 0 9 29, +C4<0110011>;
L_0x5dcb4f9ff080/d .functor XOR 1, L_0x5dcb4f9ff190, L_0x5dcb4f9ff280, C4<0>, C4<0>;
L_0x5dcb4f9ff080 .delay 1 (2,2,2) L_0x5dcb4f9ff080/d;
L_0x5dcb4f9fea10/d .functor AND 1, L_0x5dcb4f9feb50, L_0x5dcb4f9fec40, C4<1>, C4<1>;
L_0x5dcb4f9fea10 .delay 1 (2,2,2) L_0x5dcb4f9fea10/d;
v0x5dcb4f960450_0 .net *"_ivl_1", 0 0, L_0x5dcb4f9ff190;  1 drivers
v0x5dcb4f960550_0 .net *"_ivl_2", 0 0, L_0x5dcb4f9ff280;  1 drivers
v0x5dcb4f960630_0 .net *"_ivl_4", 0 0, L_0x5dcb4f9feb50;  1 drivers
v0x5dcb4f9606f0_0 .net *"_ivl_5", 0 0, L_0x5dcb4f9fec40;  1 drivers
S_0x5dcb4f9607d0 .scope generate, "gen_pg[52]" "gen_pg[52]" 9 29, 9 29 0, S_0x5dcb4f937e70;
 .timescale 0 0;
P_0x5dcb4f9609d0 .param/l "i" 0 9 29, +C4<0110100>;
L_0x5dcb4f9fed30/d .functor XOR 1, L_0x5dcb4f9fee70, L_0x5dcb4f9fef60, C4<0>, C4<0>;
L_0x5dcb4f9fed30 .delay 1 (2,2,2) L_0x5dcb4f9fed30/d;
L_0x5dcb4f9ffa10/d .functor AND 1, L_0x5dcb4f9ffb20, L_0x5dcb4f9ffc10, C4<1>, C4<1>;
L_0x5dcb4f9ffa10 .delay 1 (2,2,2) L_0x5dcb4f9ffa10/d;
v0x5dcb4f960ac0_0 .net *"_ivl_1", 0 0, L_0x5dcb4f9fee70;  1 drivers
v0x5dcb4f960bc0_0 .net *"_ivl_2", 0 0, L_0x5dcb4f9fef60;  1 drivers
v0x5dcb4f960ca0_0 .net *"_ivl_4", 0 0, L_0x5dcb4f9ffb20;  1 drivers
v0x5dcb4f960d60_0 .net *"_ivl_5", 0 0, L_0x5dcb4f9ffc10;  1 drivers
S_0x5dcb4f960e40 .scope generate, "gen_pg[53]" "gen_pg[53]" 9 29, 9 29 0, S_0x5dcb4f937e70;
 .timescale 0 0;
P_0x5dcb4f961040 .param/l "i" 0 9 29, +C4<0110101>;
L_0x5dcb4f9ff370/d .functor XOR 1, L_0x5dcb4f9ff4b0, L_0x5dcb4f9ff5a0, C4<0>, C4<0>;
L_0x5dcb4f9ff370 .delay 1 (2,2,2) L_0x5dcb4f9ff370/d;
L_0x5dcb4f9ff690/d .functor AND 1, L_0x5dcb4f9ff7d0, L_0x5dcb4f9ff8c0, C4<1>, C4<1>;
L_0x5dcb4f9ff690 .delay 1 (2,2,2) L_0x5dcb4f9ff690/d;
v0x5dcb4f961130_0 .net *"_ivl_1", 0 0, L_0x5dcb4f9ff4b0;  1 drivers
v0x5dcb4f961230_0 .net *"_ivl_2", 0 0, L_0x5dcb4f9ff5a0;  1 drivers
v0x5dcb4f961310_0 .net *"_ivl_4", 0 0, L_0x5dcb4f9ff7d0;  1 drivers
v0x5dcb4f9613d0_0 .net *"_ivl_5", 0 0, L_0x5dcb4f9ff8c0;  1 drivers
S_0x5dcb4f9614b0 .scope generate, "gen_pg[54]" "gen_pg[54]" 9 29, 9 29 0, S_0x5dcb4f937e70;
 .timescale 0 0;
P_0x5dcb4f9616b0 .param/l "i" 0 9 29, +C4<0110110>;
L_0x5dcb4fa003d0/d .functor XOR 1, L_0x5dcb4fa00490, L_0x5dcb4fa00580, C4<0>, C4<0>;
L_0x5dcb4fa003d0 .delay 1 (2,2,2) L_0x5dcb4fa003d0/d;
L_0x5dcb4f9ffd00/d .functor AND 1, L_0x5dcb4f9ffe70, L_0x5dcb4f9fff60, C4<1>, C4<1>;
L_0x5dcb4f9ffd00 .delay 1 (2,2,2) L_0x5dcb4f9ffd00/d;
v0x5dcb4f9617a0_0 .net *"_ivl_1", 0 0, L_0x5dcb4fa00490;  1 drivers
v0x5dcb4f9618a0_0 .net *"_ivl_2", 0 0, L_0x5dcb4fa00580;  1 drivers
v0x5dcb4f961980_0 .net *"_ivl_4", 0 0, L_0x5dcb4f9ffe70;  1 drivers
v0x5dcb4f961a40_0 .net *"_ivl_5", 0 0, L_0x5dcb4f9fff60;  1 drivers
S_0x5dcb4f961b20 .scope generate, "gen_pg[55]" "gen_pg[55]" 9 29, 9 29 0, S_0x5dcb4f937e70;
 .timescale 0 0;
P_0x5dcb4f961d20 .param/l "i" 0 9 29, +C4<0110111>;
L_0x5dcb4fa00050/d .functor XOR 1, L_0x5dcb4fa00190, L_0x5dcb4fa00280, C4<0>, C4<0>;
L_0x5dcb4fa00050 .delay 1 (2,2,2) L_0x5dcb4fa00050/d;
L_0x5dcb4fa00d70/d .functor AND 1, L_0x5dcb4fa00e30, L_0x5dcb4fa00f20, C4<1>, C4<1>;
L_0x5dcb4fa00d70 .delay 1 (2,2,2) L_0x5dcb4fa00d70/d;
v0x5dcb4f961e10_0 .net *"_ivl_1", 0 0, L_0x5dcb4fa00190;  1 drivers
v0x5dcb4f961f10_0 .net *"_ivl_2", 0 0, L_0x5dcb4fa00280;  1 drivers
v0x5dcb4f961ff0_0 .net *"_ivl_4", 0 0, L_0x5dcb4fa00e30;  1 drivers
v0x5dcb4f9620b0_0 .net *"_ivl_5", 0 0, L_0x5dcb4fa00f20;  1 drivers
S_0x5dcb4f962190 .scope generate, "gen_pg[56]" "gen_pg[56]" 9 29, 9 29 0, S_0x5dcb4f937e70;
 .timescale 0 0;
P_0x5dcb4f962390 .param/l "i" 0 9 29, +C4<0111000>;
L_0x5dcb4fa00670/d .functor XOR 1, L_0x5dcb4fa007e0, L_0x5dcb4fa008d0, C4<0>, C4<0>;
L_0x5dcb4fa00670 .delay 1 (2,2,2) L_0x5dcb4fa00670/d;
L_0x5dcb4fa009c0/d .functor AND 1, L_0x5dcb4fa00b00, L_0x5dcb4fa00bf0, C4<1>, C4<1>;
L_0x5dcb4fa009c0 .delay 1 (2,2,2) L_0x5dcb4fa009c0/d;
v0x5dcb4f962480_0 .net *"_ivl_1", 0 0, L_0x5dcb4fa007e0;  1 drivers
v0x5dcb4f962580_0 .net *"_ivl_2", 0 0, L_0x5dcb4fa008d0;  1 drivers
v0x5dcb4f962660_0 .net *"_ivl_4", 0 0, L_0x5dcb4fa00b00;  1 drivers
v0x5dcb4f962720_0 .net *"_ivl_5", 0 0, L_0x5dcb4fa00bf0;  1 drivers
S_0x5dcb4f962800 .scope generate, "gen_pg[57]" "gen_pg[57]" 9 29, 9 29 0, S_0x5dcb4f937e70;
 .timescale 0 0;
P_0x5dcb4f962a00 .param/l "i" 0 9 29, +C4<0111001>;
L_0x5dcb4fa00ce0/d .functor XOR 1, L_0x5dcb4fa017e0, L_0x5dcb4fa018d0, C4<0>, C4<0>;
L_0x5dcb4fa00ce0 .delay 1 (2,2,2) L_0x5dcb4fa00ce0/d;
L_0x5dcb4fa01010/d .functor AND 1, L_0x5dcb4fa01180, L_0x5dcb4fa01270, C4<1>, C4<1>;
L_0x5dcb4fa01010 .delay 1 (2,2,2) L_0x5dcb4fa01010/d;
v0x5dcb4f962af0_0 .net *"_ivl_1", 0 0, L_0x5dcb4fa017e0;  1 drivers
v0x5dcb4f962bf0_0 .net *"_ivl_2", 0 0, L_0x5dcb4fa018d0;  1 drivers
v0x5dcb4f962cd0_0 .net *"_ivl_4", 0 0, L_0x5dcb4fa01180;  1 drivers
v0x5dcb4f962d90_0 .net *"_ivl_5", 0 0, L_0x5dcb4fa01270;  1 drivers
S_0x5dcb4f962e70 .scope generate, "gen_pg[58]" "gen_pg[58]" 9 29, 9 29 0, S_0x5dcb4f937e70;
 .timescale 0 0;
P_0x5dcb4f963070 .param/l "i" 0 9 29, +C4<0111010>;
L_0x5dcb4fa01360/d .functor XOR 1, L_0x5dcb4fa014a0, L_0x5dcb4fa01590, C4<0>, C4<0>;
L_0x5dcb4fa01360 .delay 1 (2,2,2) L_0x5dcb4fa01360/d;
L_0x5dcb4fa01680/d .functor AND 1, L_0x5dcb4fa02170, L_0x5dcb4fa02260, C4<1>, C4<1>;
L_0x5dcb4fa01680 .delay 1 (2,2,2) L_0x5dcb4fa01680/d;
v0x5dcb4f963160_0 .net *"_ivl_1", 0 0, L_0x5dcb4fa014a0;  1 drivers
v0x5dcb4f963260_0 .net *"_ivl_2", 0 0, L_0x5dcb4fa01590;  1 drivers
v0x5dcb4f963340_0 .net *"_ivl_4", 0 0, L_0x5dcb4fa02170;  1 drivers
v0x5dcb4f963400_0 .net *"_ivl_5", 0 0, L_0x5dcb4fa02260;  1 drivers
S_0x5dcb4f9634e0 .scope generate, "gen_pg[59]" "gen_pg[59]" 9 29, 9 29 0, S_0x5dcb4f937e70;
 .timescale 0 0;
P_0x5dcb4f9636e0 .param/l "i" 0 9 29, +C4<0111011>;
L_0x5dcb4fa019c0/d .functor XOR 1, L_0x5dcb4fa01b30, L_0x5dcb4fa01c20, C4<0>, C4<0>;
L_0x5dcb4fa019c0 .delay 1 (2,2,2) L_0x5dcb4fa019c0/d;
L_0x5dcb4fa01d10/d .functor AND 1, L_0x5dcb4fa01e50, L_0x5dcb4fa01f40, C4<1>, C4<1>;
L_0x5dcb4fa01d10 .delay 1 (2,2,2) L_0x5dcb4fa01d10/d;
v0x5dcb4f9637d0_0 .net *"_ivl_1", 0 0, L_0x5dcb4fa01b30;  1 drivers
v0x5dcb4f9638d0_0 .net *"_ivl_2", 0 0, L_0x5dcb4fa01c20;  1 drivers
v0x5dcb4f9639b0_0 .net *"_ivl_4", 0 0, L_0x5dcb4fa01e50;  1 drivers
v0x5dcb4f963a70_0 .net *"_ivl_5", 0 0, L_0x5dcb4fa01f40;  1 drivers
S_0x5dcb4f963b50 .scope generate, "gen_pg[60]" "gen_pg[60]" 9 29, 9 29 0, S_0x5dcb4f937e70;
 .timescale 0 0;
P_0x5dcb4f963d50 .param/l "i" 0 9 29, +C4<0111100>;
L_0x5dcb4fa02030/d .functor XOR 1, L_0x5dcb4fa02b30, L_0x5dcb4fa02c20, C4<0>, C4<0>;
L_0x5dcb4fa02030 .delay 1 (2,2,2) L_0x5dcb4fa02030/d;
L_0x5dcb4fa02350/d .functor AND 1, L_0x5dcb4fa02490, L_0x5dcb4fa02580, C4<1>, C4<1>;
L_0x5dcb4fa02350 .delay 1 (2,2,2) L_0x5dcb4fa02350/d;
v0x5dcb4f963e40_0 .net *"_ivl_1", 0 0, L_0x5dcb4fa02b30;  1 drivers
v0x5dcb4f963f40_0 .net *"_ivl_2", 0 0, L_0x5dcb4fa02c20;  1 drivers
v0x5dcb4f964020_0 .net *"_ivl_4", 0 0, L_0x5dcb4fa02490;  1 drivers
v0x5dcb4f9640e0_0 .net *"_ivl_5", 0 0, L_0x5dcb4fa02580;  1 drivers
S_0x5dcb4f9641c0 .scope generate, "gen_pg[61]" "gen_pg[61]" 9 29, 9 29 0, S_0x5dcb4f937e70;
 .timescale 0 0;
P_0x5dcb4f9643c0 .param/l "i" 0 9 29, +C4<0111101>;
L_0x5dcb4fa02670/d .functor XOR 1, L_0x5dcb4fa027b0, L_0x5dcb4fa028a0, C4<0>, C4<0>;
L_0x5dcb4fa02670 .delay 1 (2,2,2) L_0x5dcb4fa02670/d;
L_0x5dcb4fa02990/d .functor AND 1, L_0x5dcb4fa034d0, L_0x5dcb4fa035c0, C4<1>, C4<1>;
L_0x5dcb4fa02990 .delay 1 (2,2,2) L_0x5dcb4fa02990/d;
v0x5dcb4f9644b0_0 .net *"_ivl_1", 0 0, L_0x5dcb4fa027b0;  1 drivers
v0x5dcb4f9645b0_0 .net *"_ivl_2", 0 0, L_0x5dcb4fa028a0;  1 drivers
v0x5dcb4f964690_0 .net *"_ivl_4", 0 0, L_0x5dcb4fa034d0;  1 drivers
v0x5dcb4f964750_0 .net *"_ivl_5", 0 0, L_0x5dcb4fa035c0;  1 drivers
S_0x5dcb4f964830 .scope generate, "gen_pg[62]" "gen_pg[62]" 9 29, 9 29 0, S_0x5dcb4f937e70;
 .timescale 0 0;
P_0x5dcb4f964a30 .param/l "i" 0 9 29, +C4<0111110>;
L_0x5dcb4fa02d10/d .functor XOR 1, L_0x5dcb4fa02e50, L_0x5dcb4fa02f40, C4<0>, C4<0>;
L_0x5dcb4fa02d10 .delay 1 (2,2,2) L_0x5dcb4fa02d10/d;
L_0x5dcb4fa03030/d .functor AND 1, L_0x5dcb4fa03170, L_0x5dcb4fa03260, C4<1>, C4<1>;
L_0x5dcb4fa03030 .delay 1 (2,2,2) L_0x5dcb4fa03030/d;
v0x5dcb4f964b20_0 .net *"_ivl_1", 0 0, L_0x5dcb4fa02e50;  1 drivers
v0x5dcb4f964c20_0 .net *"_ivl_2", 0 0, L_0x5dcb4fa02f40;  1 drivers
v0x5dcb4f964d00_0 .net *"_ivl_4", 0 0, L_0x5dcb4fa03170;  1 drivers
v0x5dcb4f964dc0_0 .net *"_ivl_5", 0 0, L_0x5dcb4fa03260;  1 drivers
S_0x5dcb4f964ea0 .scope generate, "gen_pg[63]" "gen_pg[63]" 9 29, 9 29 0, S_0x5dcb4f937e70;
 .timescale 0 0;
P_0x5dcb4f9658b0 .param/l "i" 0 9 29, +C4<0111111>;
L_0x5dcb4fa06220/d .functor XOR 1, L_0x5dcb4fa06380, L_0x5dcb4fa06470, C4<0>, C4<0>;
L_0x5dcb4fa06220 .delay 1 (2,2,2) L_0x5dcb4fa06220/d;
L_0x5dcb4fa079b0/d .functor AND 1, L_0x5dcb4fa07b10, L_0x5dcb4fa07c00, C4<1>, C4<1>;
L_0x5dcb4fa079b0 .delay 1 (2,2,2) L_0x5dcb4fa079b0/d;
v0x5dcb4f9659a0_0 .net *"_ivl_1", 0 0, L_0x5dcb4fa06380;  1 drivers
v0x5dcb4f965aa0_0 .net *"_ivl_2", 0 0, L_0x5dcb4fa06470;  1 drivers
v0x5dcb4f965b80_0 .net *"_ivl_4", 0 0, L_0x5dcb4fa07b10;  1 drivers
v0x5dcb4f965c40_0 .net *"_ivl_5", 0 0, L_0x5dcb4fa07c00;  1 drivers
    .scope S_0x5dcb4f853a20;
T_1 ;
    %vpi_func 7 24 "$value$plusargs" 32, "vcd=%s", v0x5dcb4f96e8a0_0 {0 0 0};
    %cmpi/ne 0, 0, 32;
    %jmp/0xz  T_1.0, 4;
    %vpi_call/w 7 25 "$dumpfile", v0x5dcb4f96e8a0_0 {0 0 0};
    %vpi_call/w 7 26 "$dumpvars", 32'sb00000000000000000000000000000000, S_0x5dcb4f937bf0 {0 0 0};
T_1.0 ;
    %end;
    .thread T_1;
    .scope S_0x5dcb4f853a20;
T_2 ;
    %pushi/vec4 0, 0, 64;
    %store/vec4 v0x5dcb4f96e340_0, 0, 64;
    %pushi/vec4 0, 0, 64;
    %store/vec4 v0x5dcb4f96e470_0, 0, 64;
    %pushi/vec4 0, 0, 1;
    %store/vec4 v0x5dcb4f96e580_0, 0, 1;
    %delay 30, 0;
    %pushi/vec4 4294967295, 0, 32;
    %concati/vec4 4294967295, 0, 32;
    %store/vec4 v0x5dcb4f96e340_0, 0, 64;
    %pushi/vec4 1, 0, 64;
    %store/vec4 v0x5dcb4f96e470_0, 0, 64;
    %pushi/vec4 0, 0, 1;
    %store/vec4 v0x5dcb4f96e580_0, 0, 1;
    %delay 30, 0;
    %pushi/vec4 4042322160, 0, 36;
    %concati/vec4 252645135, 0, 28;
    %store/vec4 v0x5dcb4f96e340_0, 0, 64;
    %pushi/vec4 4042322160, 0, 32;
    %concati/vec4 4042322160, 0, 32;
    %store/vec4 v0x5dcb4f96e470_0, 0, 64;
    %pushi/vec4 1, 0, 1;
    %store/vec4 v0x5dcb4f96e580_0, 0, 1;
    %delay 30, 0;
    %pushi/vec4 123456789, 0, 64;
    %store/vec4 v0x5dcb4f96e340_0, 0, 64;
    %pushi/vec4 987654321, 0, 64;
    %store/vec4 v0x5dcb4f96e470_0, 0, 64;
    %pushi/vec4 0, 0, 1;
    %store/vec4 v0x5dcb4f96e580_0, 0, 1;
    %delay 30, 0;
    %vpi_call/w 7 35 "$finish" {0 0 0};
    %end;
    .thread T_2;
    .scope S_0x5dcb4f853a20;
T_3 ;
    %vpi_call/w 7 39 "$monitor", $time, " a=%h b=%h cin=%b | sum=%h cout=%b", v0x5dcb4f96e340_0, v0x5dcb4f96e470_0, v0x5dcb4f96e580_0, v0x5dcb4f96e760_0, v0x5dcb4f96e670_0 {0 0 0};
    %end;
    .thread T_3;
# The file index is used to find the file name in the following table.
:file_names 10;
    "N/A";
    "<interactive>";
    "-";
    "cla64_blocked.v";
    "cla4.v";
    "rca64.v";
    "FA_Gate.v";
    "tb.v";
    "dut.v";
    "cla64_flat.v";
